ISO-10303-21;
HEADER;
FILE_DESCRIPTION(('Open CASCADE Model'),'2;1');
FILE_NAME('Open CASCADE Shape Model','2026-10-01T07:45:50',('Author'),(
    'Open CASCADE'),'Open CASCADE STEP processor 7.9','Open CASCADE 7.9'
  ,'Unknown');
FILE_SCHEMA(('AUTOMOTIVE_DESIGN { 1 0 10303 214 1 1 1 1 }'));
ENDSEC;
DATA;
#1 = APPLICATION_PROTOCOL_DEFINITION('international standard',
  'automotive_design',2000,#2);
#2 = APPLICATION_CONTEXT(
  'core data for automotive mechanical design processes');
#3 = SHAPE_DEFINITION_REPRESENTATION(#4,#10);
#4 = PRODUCT_DEFINITION_SHAPE('','',#5);
#5 = PRODUCT_DEFINITION('design','',#6,#9);
#6 = PRODUCT_DEFINITION_FORMATION('','',#7);
#7 = PRODUCT('Open CASCADE STEP translator 7.9 1',
  'Open CASCADE STEP translator 7.9 1','',(#8));
#8 = PRODUCT_CONTEXT('',#2,'mechanical');
#9 = PRODUCT_DEFINITION_CONTEXT('part definition',#2,'design');
#10 = ADVANCED_BREP_SHAPE_REPRESENTATION('',(#11,#15),#7283);
#11 = AXIS2_PLACEMENT_3D('',#12,#13,#14);
#12 = CARTESIAN_POINT('',(0.,0.,0.));
#13 = DIRECTION('',(0.,0.,1.));
#14 = DIRECTION('',(1.,0.,-0.));
#15 = MANIFOLD_SOLID_BREP('',#16);
#16 = CLOSED_SHELL('',(#17,#135,#585,#635,#995,#1022,#1049,#1076,#1103,
    #1130,#1137,#1192,#1247,#1302,#1378,#1427,#1582,#1715,#1770,#1847,
    #1894,#1941,#1991,#2041,#2088,#2135,#2163,#2167,#2171,#2175,#2288,
    #2363,#2416,#2469,#2500,#2575,#2628,#2681,#2712,#2716,#2949,#3024,
    #3077,#3130,#3161,#3230,#3278,#3326,#3353,#3422,#3470,#3518,#3545,
    #3622,#3676,#3731,#4007,#4062,#4122,#4177,#4437,#4511,#4559,#4607,
    #4634,#4709,#4757,#4806,#5042,#5161,#5210,#5297,#5416,#5465,#5552,
    #5601,#5649,#5698,#5897,#6016,#6135,#6184,#6233,#6320,#6407,#6520,
    #6637,#6664,#6691,#6698,#6725,#6732,#6759,#6786,#6813,#6820,#6847,
    #6854,#6881,#6955,#7002,#7049,#7074,#7145,#7194,#7243,#7270));
#17 = ADVANCED_FACE('',(#18),#32,.F.);
#18 = FACE_BOUND('',#19,.F.);
#19 = EDGE_LOOP('',(#20,#55,#83,#109));
#20 = ORIENTED_EDGE('',*,*,#21,.F.);
#21 = EDGE_CURVE('',#22,#24,#26,.T.);
#22 = VERTEX_POINT('',#23);
#23 = CARTESIAN_POINT('',(3.8,-39.2,-15.2));
#24 = VERTEX_POINT('',#25);
#25 = CARTESIAN_POINT('',(73.2,-39.2,-15.2));
#26 = SURFACE_CURVE('',#27,(#31,#43),.PCURVE_S1.);
#27 = LINE('',#28,#29);
#28 = CARTESIAN_POINT('',(-3.2,-39.2,-15.2));
#29 = VECTOR('',#30,1.);
#30 = DIRECTION('',(1.,0.,0.));
#31 = PCURVE('',#32,#37);
#32 = PLANE('',#33);
#33 = AXIS2_PLACEMENT_3D('',#34,#35,#36);
#34 = CARTESIAN_POINT('',(-3.2,-39.2,-15.2));
#35 = DIRECTION('',(0.,1.,0.));
#36 = DIRECTION('',(1.,0.,0.));
#37 = DEFINITIONAL_REPRESENTATION('',(#38),#42);
#38 = LINE('',#39,#40);
#39 = CARTESIAN_POINT('',(0.,0.));
#40 = VECTOR('',#41,1.);
#41 = DIRECTION('',(1.,0.));
#42 = ( GEOMETRIC_REPRESENTATION_CONTEXT(2) 
PARAMETRIC_REPRESENTATION_CONTEXT() REPRESENTATION_CONTEXT('2D SPACE',''
  ) );
#43 = PCURVE('',#44,#49);
#44 = PLANE('',#45);
#45 = AXIS2_PLACEMENT_3D('',#46,#47,#48);
#46 = CARTESIAN_POINT('',(38.5,-17.5,-15.2));
#47 = DIRECTION('',(0.,0.,1.));
#48 = DIRECTION('',(1.,0.,-0.));
#49 = DEFINITIONAL_REPRESENTATION('',(#50),#54);
#50 = LINE('',#51,#52);
#51 = CARTESIAN_POINT('',(-41.7,-21.7));
#52 = VECTOR('',#53,1.);
#53 = DIRECTION('',(1.,0.));
#54 = ( GEOMETRIC_REPRESENTATION_CONTEXT(2) 
PARAMETRIC_REPRESENTATION_CONTEXT() REPRESENTATION_CONTEXT('2D SPACE',''
  ) );
#55 = ORIENTED_EDGE('',*,*,#56,.T.);
#56 = EDGE_CURVE('',#22,#57,#59,.T.);
#57 = VERTEX_POINT('',#58);
#58 = CARTESIAN_POINT('',(3.8,-39.2,-14.2));
#59 = SURFACE_CURVE('',#60,(#64,#71),.PCURVE_S1.);
#60 = LINE('',#61,#62);
#61 = CARTESIAN_POINT('',(3.8,-39.2,-15.2));
#62 = VECTOR('',#63,1.);
#63 = DIRECTION('',(0.,0.,1.));
#64 = PCURVE('',#32,#65);
#65 = DEFINITIONAL_REPRESENTATION('',(#66),#70);
#66 = LINE('',#67,#68);
#67 = CARTESIAN_POINT('',(7.,0.));
#68 = VECTOR('',#69,1.);
#69 = DIRECTION('',(0.,-1.));
#70 = ( GEOMETRIC_REPRESENTATION_CONTEXT(2) 
PARAMETRIC_REPRESENTATION_CONTEXT() REPRESENTATION_CONTEXT('2D SPACE',''
  ) );
#71 = PCURVE('',#72,#77);
#72 = CYLINDRICAL_SURFACE('',#73,7.);
#73 = AXIS2_PLACEMENT_3D('',#74,#75,#76);
#74 = CARTESIAN_POINT('',(3.8,-32.2,-15.2));
#75 = DIRECTION('',(0.,0.,1.));
#76 = DIRECTION('',(0.,-1.,0.));
#77 = DEFINITIONAL_REPRESENTATION('',(#78),#82);
#78 = LINE('',#79,#80);
#79 = CARTESIAN_POINT('',(-0.,0.));
#80 = VECTOR('',#81,1.);
#81 = DIRECTION('',(-0.,1.));
#82 = ( GEOMETRIC_REPRESENTATION_CONTEXT(2) 
PARAMETRIC_REPRESENTATION_CONTEXT() REPRESENTATION_CONTEXT('2D SPACE',''
  ) );
#83 = ORIENTED_EDGE('',*,*,#84,.T.);
#84 = EDGE_CURVE('',#57,#85,#87,.T.);
#85 = VERTEX_POINT('',#86);
#86 = CARTESIAN_POINT('',(73.2,-39.2,-14.2));
#87 = SURFACE_CURVE('',#88,(#92,#98),.PCURVE_S1.);
#88 = LINE('',#89,#90);
#89 = CARTESIAN_POINT('',(17.65,-39.2,-14.2));
#90 = VECTOR('',#91,1.);
#91 = DIRECTION('',(1.,0.,0.));
#92 = PCURVE('',#32,#93);
#93 = DEFINITIONAL_REPRESENTATION('',(#94),#97);
#94 = B_SPLINE_CURVE_WITH_KNOTS('',1,(#95,#96),.UNSPECIFIED.,.F.,.F.,(2,
    2),(-13.85,55.55),.PIECEWISE_BEZIER_KNOTS.);
#95 = CARTESIAN_POINT('',(7.,-1.));
#96 = CARTESIAN_POINT('',(76.4,-1.));
#97 = ( GEOMETRIC_REPRESENTATION_CONTEXT(2) 
PARAMETRIC_REPRESENTATION_CONTEXT() REPRESENTATION_CONTEXT('2D SPACE',''
  ) );
#98 = PCURVE('',#99,#104);
#99 = PLANE('',#100);
#100 = AXIS2_PLACEMENT_3D('',#101,#102,#103);
#101 = CARTESIAN_POINT('',(38.5,-17.5,-14.2));
#102 = DIRECTION('',(0.,0.,1.));
#103 = DIRECTION('',(1.,0.,-0.));
#104 = DEFINITIONAL_REPRESENTATION('',(#105),#108);
#105 = B_SPLINE_CURVE_WITH_KNOTS('',1,(#106,#107),.UNSPECIFIED.,.F.,.F.,
  (2,2),(-13.85,55.55),.PIECEWISE_BEZIER_KNOTS.);
#106 = CARTESIAN_POINT('',(-34.7,-21.7));
#107 = CARTESIAN_POINT('',(34.7,-21.7));
#108 = ( GEOMETRIC_REPRESENTATION_CONTEXT(2) 
PARAMETRIC_REPRESENTATION_CONTEXT() REPRESENTATION_CONTEXT('2D SPACE',''
  ) );
#109 = ORIENTED_EDGE('',*,*,#110,.F.);
#110 = EDGE_CURVE('',#24,#85,#111,.T.);
#111 = SURFACE_CURVE('',#112,(#116,#123),.PCURVE_S1.);
#112 = LINE('',#113,#114);
#113 = CARTESIAN_POINT('',(73.2,-39.2,-15.2));
#114 = VECTOR('',#115,1.);
#115 = DIRECTION('',(0.,0.,1.));
#116 = PCURVE('',#32,#117);
#117 = DEFINITIONAL_REPRESENTATION('',(#118),#122);
#118 = LINE('',#119,#120);
#119 = CARTESIAN_POINT('',(76.4,0.));
#120 = VECTOR('',#121,1.);
#121 = DIRECTION('',(0.,-1.));
#122 = ( GEOMETRIC_REPRESENTATION_CONTEXT(2) 
PARAMETRIC_REPRESENTATION_CONTEXT() REPRESENTATION_CONTEXT('2D SPACE',''
  ) );
#123 = PCURVE('',#124,#129);
#124 = CYLINDRICAL_SURFACE('',#125,7.);
#125 = AXIS2_PLACEMENT_3D('',#126,#127,#128);
#126 = CARTESIAN_POINT('',(73.2,-32.2,-15.2));
#127 = DIRECTION('',(0.,0.,1.));
#128 = DIRECTION('',(0.,-1.,0.));
#129 = DEFINITIONAL_REPRESENTATION('',(#130),#134);
#130 = LINE('',#131,#132);
#131 = CARTESIAN_POINT('',(0.,0.));
#132 = VECTOR('',#133,1.);
#133 = DIRECTION('',(0.,1.));
#134 = ( GEOMETRIC_REPRESENTATION_CONTEXT(2) 
PARAMETRIC_REPRESENTATION_CONTEXT() REPRESENTATION_CONTEXT('2D SPACE',''
  ) );
#135 = ADVANCED_FACE('',(#136,#331,#366,#401,#436,#550),#44,.F.);
#136 = FACE_BOUND('',#137,.F.);
#137 = EDGE_LOOP('',(#138,#139,#163,#191,#220,#248,#277,#305));
#138 = ORIENTED_EDGE('',*,*,#21,.T.);
#139 = ORIENTED_EDGE('',*,*,#140,.T.);
#140 = EDGE_CURVE('',#24,#141,#143,.T.);
#141 = VERTEX_POINT('',#142);
#142 = CARTESIAN_POINT('',(80.2,-32.2,-15.2));
#143 = SURFACE_CURVE('',#144,(#149,#156),.PCURVE_S1.);
#144 = CIRCLE('',#145,7.);
#145 = AXIS2_PLACEMENT_3D('',#146,#147,#148);
#146 = CARTESIAN_POINT('',(73.2,-32.2,-15.2));
#147 = DIRECTION('',(0.,0.,1.));
#148 = DIRECTION('',(0.,-1.,0.));
#149 = PCURVE('',#44,#150);
#150 = DEFINITIONAL_REPRESENTATION('',(#151),#155);
#151 = CIRCLE('',#152,7.);
#152 = AXIS2_PLACEMENT_2D('',#153,#154);
#153 = CARTESIAN_POINT('',(34.7,-14.7));
#154 = DIRECTION('',(0.,-1.));
#155 = ( GEOMETRIC_REPRESENTATION_CONTEXT(2) 
PARAMETRIC_REPRESENTATION_CONTEXT() REPRESENTATION_CONTEXT('2D SPACE',''
  ) );
#156 = PCURVE('',#124,#157);
#157 = DEFINITIONAL_REPRESENTATION('',(#158),#162);
#158 = LINE('',#159,#160);
#159 = CARTESIAN_POINT('',(0.,-5.329070518201E-15));
#160 = VECTOR('',#161,1.);
#161 = DIRECTION('',(1.,0.));
#162 = ( GEOMETRIC_REPRESENTATION_CONTEXT(2) 
PARAMETRIC_REPRESENTATION_CONTEXT() REPRESENTATION_CONTEXT('2D SPACE',''
  ) );
#163 = ORIENTED_EDGE('',*,*,#164,.T.);
#164 = EDGE_CURVE('',#141,#165,#167,.T.);
#165 = VERTEX_POINT('',#166);
#166 = CARTESIAN_POINT('',(80.2,-2.8,-15.2));
#167 = SURFACE_CURVE('',#168,(#172,#179),.PCURVE_S1.);
#168 = LINE('',#169,#170);
#169 = CARTESIAN_POINT('',(80.2,-39.2,-15.2));
#170 = VECTOR('',#171,1.);
#171 = DIRECTION('',(0.,1.,0.));
#172 = PCURVE('',#44,#173);
#173 = DEFINITIONAL_REPRESENTATION('',(#174),#178);
#174 = LINE('',#175,#176);
#175 = CARTESIAN_POINT('',(41.7,-21.7));
#176 = VECTOR('',#177,1.);
#177 = DIRECTION('',(0.,1.));
#178 = ( GEOMETRIC_REPRESENTATION_CONTEXT(2) 
PARAMETRIC_REPRESENTATION_CONTEXT() REPRESENTATION_CONTEXT('2D SPACE',''
  ) );
#179 = PCURVE('',#180,#185);
#180 = PLANE('',#181);
#181 = AXIS2_PLACEMENT_3D('',#182,#183,#184);
#182 = CARTESIAN_POINT('',(80.2,-39.2,-15.2));
#183 = DIRECTION('',(-1.,0.,0.));
#184 = DIRECTION('',(0.,1.,0.));
#185 = DEFINITIONAL_REPRESENTATION('',(#186),#190);
#186 = LINE('',#187,#188);
#187 = CARTESIAN_POINT('',(0.,0.));
#188 = VECTOR('',#189,1.);
#189 = DIRECTION('',(1.,0.));
#190 = ( GEOMETRIC_REPRESENTATION_CONTEXT(2) 
PARAMETRIC_REPRESENTATION_CONTEXT() REPRESENTATION_CONTEXT('2D SPACE',''
  ) );
#191 = ORIENTED_EDGE('',*,*,#192,.T.);
#192 = EDGE_CURVE('',#165,#193,#195,.T.);
#193 = VERTEX_POINT('',#194);
#194 = CARTESIAN_POINT('',(73.2,4.2,-15.2));
#195 = SURFACE_CURVE('',#196,(#201,#208),.PCURVE_S1.);
#196 = CIRCLE('',#197,7.);
#197 = AXIS2_PLACEMENT_3D('',#198,#199,#200);
#198 = CARTESIAN_POINT('',(73.2,-2.8,-15.2));
#199 = DIRECTION('',(0.,0.,1.));
#200 = DIRECTION('',(0.,-1.,0.));
#201 = PCURVE('',#44,#202);
#202 = DEFINITIONAL_REPRESENTATION('',(#203),#207);
#203 = CIRCLE('',#204,7.);
#204 = AXIS2_PLACEMENT_2D('',#205,#206);
#205 = CARTESIAN_POINT('',(34.7,14.7));
#206 = DIRECTION('',(0.,-1.));
#207 = ( GEOMETRIC_REPRESENTATION_CONTEXT(2) 
PARAMETRIC_REPRESENTATION_CONTEXT() REPRESENTATION_CONTEXT('2D SPACE',''
  ) );
#208 = PCURVE('',#209,#214);
#209 = CYLINDRICAL_SURFACE('',#210,7.);
#210 = AXIS2_PLACEMENT_3D('',#211,#212,#213);
#211 = CARTESIAN_POINT('',(73.2,-2.8,-15.2));
#212 = DIRECTION('',(0.,0.,1.));
#213 = DIRECTION('',(1.,0.,-0.));
#214 = DEFINITIONAL_REPRESENTATION('',(#215),#219);
#215 = LINE('',#216,#217);
#216 = CARTESIAN_POINT('',(-1.570796326795,-5.329070518201E-15));
#217 = VECTOR('',#218,1.);
#218 = DIRECTION('',(1.,0.));
#219 = ( GEOMETRIC_REPRESENTATION_CONTEXT(2) 
PARAMETRIC_REPRESENTATION_CONTEXT() REPRESENTATION_CONTEXT('2D SPACE',''
  ) );
#220 = ORIENTED_EDGE('',*,*,#221,.T.);
#221 = EDGE_CURVE('',#193,#222,#224,.T.);
#222 = VERTEX_POINT('',#223);
#223 = CARTESIAN_POINT('',(3.8,4.2,-15.2));
#224 = SURFACE_CURVE('',#225,(#229,#236),.PCURVE_S1.);
#225 = LINE('',#226,#227);
#226 = CARTESIAN_POINT('',(80.2,4.2,-15.2));
#227 = VECTOR('',#228,1.);
#228 = DIRECTION('',(-1.,0.,0.));
#229 = PCURVE('',#44,#230);
#230 = DEFINITIONAL_REPRESENTATION('',(#231),#235);
#231 = LINE('',#232,#233);
#232 = CARTESIAN_POINT('',(41.7,21.7));
#233 = VECTOR('',#234,1.);
#234 = DIRECTION('',(-1.,0.));
#235 = ( GEOMETRIC_REPRESENTATION_CONTEXT(2) 
PARAMETRIC_REPRESENTATION_CONTEXT() REPRESENTATION_CONTEXT('2D SPACE',''
  ) );
#236 = PCURVE('',#237,#242);
#237 = PLANE('',#238);
#238 = AXIS2_PLACEMENT_3D('',#239,#240,#241);
#239 = CARTESIAN_POINT('',(80.2,4.2,-15.2));
#240 = DIRECTION('',(0.,-1.,0.));
#241 = DIRECTION('',(-1.,0.,0.));
#242 = DEFINITIONAL_REPRESENTATION('',(#243),#247);
#243 = LINE('',#244,#245);
#244 = CARTESIAN_POINT('',(0.,-0.));
#245 = VECTOR('',#246,1.);
#246 = DIRECTION('',(1.,0.));
#247 = ( GEOMETRIC_REPRESENTATION_CONTEXT(2) 
PARAMETRIC_REPRESENTATION_CONTEXT() REPRESENTATION_CONTEXT('2D SPACE',''
  ) );
#248 = ORIENTED_EDGE('',*,*,#249,.T.);
#249 = EDGE_CURVE('',#222,#250,#252,.T.);
#250 = VERTEX_POINT('',#251);
#251 = CARTESIAN_POINT('',(-3.2,-2.8,-15.2));
#252 = SURFACE_CURVE('',#253,(#258,#265),.PCURVE_S1.);
#253 = CIRCLE('',#254,7.);
#254 = AXIS2_PLACEMENT_3D('',#255,#256,#257);
#255 = CARTESIAN_POINT('',(3.8,-2.8,-15.2));
#256 = DIRECTION('',(0.,0.,1.));
#257 = DIRECTION('',(0.,-1.,0.));
#258 = PCURVE('',#44,#259);
#259 = DEFINITIONAL_REPRESENTATION('',(#260),#264);
#260 = CIRCLE('',#261,7.);
#261 = AXIS2_PLACEMENT_2D('',#262,#263);
#262 = CARTESIAN_POINT('',(-34.7,14.7));
#263 = DIRECTION('',(0.,-1.));
#264 = ( GEOMETRIC_REPRESENTATION_CONTEXT(2) 
PARAMETRIC_REPRESENTATION_CONTEXT() REPRESENTATION_CONTEXT('2D SPACE',''
  ) );
#265 = PCURVE('',#266,#271);
#266 = CYLINDRICAL_SURFACE('',#267,7.);
#267 = AXIS2_PLACEMENT_3D('',#268,#269,#270);
#268 = CARTESIAN_POINT('',(3.8,-2.8,-15.2));
#269 = DIRECTION('',(0.,0.,1.));
#270 = DIRECTION('',(-0.,1.,0.));
#271 = DEFINITIONAL_REPRESENTATION('',(#272),#276);
#272 = LINE('',#273,#274);
#273 = CARTESIAN_POINT('',(-3.14159265359,-5.329070518201E-15));
#274 = VECTOR('',#275,1.);
#275 = DIRECTION('',(1.,0.));
#276 = ( GEOMETRIC_REPRESENTATION_CONTEXT(2) 
PARAMETRIC_REPRESENTATION_CONTEXT() REPRESENTATION_CONTEXT('2D SPACE',''
  ) );
#277 = ORIENTED_EDGE('',*,*,#278,.T.);
#278 = EDGE_CURVE('',#250,#279,#281,.T.);
#279 = VERTEX_POINT('',#280);
#280 = CARTESIAN_POINT('',(-3.2,-32.2,-15.2));
#281 = SURFACE_CURVE('',#282,(#286,#293),.PCURVE_S1.);
#282 = LINE('',#283,#284);
#283 = CARTESIAN_POINT('',(-3.2,4.2,-15.2));
#284 = VECTOR('',#285,1.);
#285 = DIRECTION('',(0.,-1.,0.));
#286 = PCURVE('',#44,#287);
#287 = DEFINITIONAL_REPRESENTATION('',(#288),#292);
#288 = LINE('',#289,#290);
#289 = CARTESIAN_POINT('',(-41.7,21.7));
#290 = VECTOR('',#291,1.);
#291 = DIRECTION('',(0.,-1.));
#292 = ( GEOMETRIC_REPRESENTATION_CONTEXT(2) 
PARAMETRIC_REPRESENTATION_CONTEXT() REPRESENTATION_CONTEXT('2D SPACE',''
  ) );
#293 = PCURVE('',#294,#299);
#294 = PLANE('',#295);
#295 = AXIS2_PLACEMENT_3D('',#296,#297,#298);
#296 = CARTESIAN_POINT('',(-3.2,4.2,-15.2));
#297 = DIRECTION('',(1.,0.,-0.));
#298 = DIRECTION('',(0.,-1.,0.));
#299 = DEFINITIONAL_REPRESENTATION('',(#300),#304);
#300 = LINE('',#301,#302);
#301 = CARTESIAN_POINT('',(0.,0.));
#302 = VECTOR('',#303,1.);
#303 = DIRECTION('',(1.,0.));
#304 = ( GEOMETRIC_REPRESENTATION_CONTEXT(2) 
PARAMETRIC_REPRESENTATION_CONTEXT() REPRESENTATION_CONTEXT('2D SPACE',''
  ) );
#305 = ORIENTED_EDGE('',*,*,#306,.F.);
#306 = EDGE_CURVE('',#22,#279,#307,.T.);
#307 = SURFACE_CURVE('',#308,(#313,#324),.PCURVE_S1.);
#308 = CIRCLE('',#309,7.);
#309 = AXIS2_PLACEMENT_3D('',#310,#311,#312);
#310 = CARTESIAN_POINT('',(3.8,-32.2,-15.2));
#311 = DIRECTION('',(-0.,-0.,-1.));
#312 = DIRECTION('',(0.,-1.,0.));
#313 = PCURVE('',#44,#314);
#314 = DEFINITIONAL_REPRESENTATION('',(#315),#323);
#315 = ( BOUNDED_CURVE() B_SPLINE_CURVE(2,(#316,#317,#318,#319,#320,#321
,#322),.UNSPECIFIED.,.T.,.F.) B_SPLINE_CURVE_WITH_KNOTS((1,2,2,2,2,1),(
    -2.094395102393,0.,2.094395102393,4.188790204786,6.28318530718,
8.377580409573),.UNSPECIFIED.) CURVE() GEOMETRIC_REPRESENTATION_ITEM() 
RATIONAL_B_SPLINE_CURVE((1.,0.5,1.,0.5,1.,0.5,1.)) REPRESENTATION_ITEM(
  '') );
#316 = CARTESIAN_POINT('',(-34.7,-21.7));
#317 = CARTESIAN_POINT('',(-46.82435565298,-21.7));
#318 = CARTESIAN_POINT('',(-40.76217782649,-11.2));
#319 = CARTESIAN_POINT('',(-34.7,-0.7));
#320 = CARTESIAN_POINT('',(-28.6378221735,-11.2));
#321 = CARTESIAN_POINT('',(-22.57564434701,-21.7));
#322 = CARTESIAN_POINT('',(-34.7,-21.7));
#323 = ( GEOMETRIC_REPRESENTATION_CONTEXT(2) 
PARAMETRIC_REPRESENTATION_CONTEXT() REPRESENTATION_CONTEXT('2D SPACE',''
  ) );
#324 = PCURVE('',#72,#325);
#325 = DEFINITIONAL_REPRESENTATION('',(#326),#330);
#326 = LINE('',#327,#328);
#327 = CARTESIAN_POINT('',(-0.,-5.329070518201E-15));
#328 = VECTOR('',#329,1.);
#329 = DIRECTION('',(-1.,0.));
#330 = ( GEOMETRIC_REPRESENTATION_CONTEXT(2) 
PARAMETRIC_REPRESENTATION_CONTEXT() REPRESENTATION_CONTEXT('2D SPACE',''
  ) );
#331 = FACE_BOUND('',#332,.F.);
#332 = EDGE_LOOP('',(#333));
#333 = ORIENTED_EDGE('',*,*,#334,.T.);
#334 = EDGE_CURVE('',#335,#335,#337,.T.);
#335 = VERTEX_POINT('',#336);
#336 = CARTESIAN_POINT('',(11.35,-37.2,-15.2));
#337 = SURFACE_CURVE('',#338,(#343,#354),.PCURVE_S1.);
#338 = CIRCLE('',#339,0.85);
#339 = AXIS2_PLACEMENT_3D('',#340,#341,#342);
#340 = CARTESIAN_POINT('',(10.5,-37.2,-15.2));
#341 = DIRECTION('',(0.,0.,-1.));
#342 = DIRECTION('',(1.,0.,0.));
#343 = PCURVE('',#44,#344);
#344 = DEFINITIONAL_REPRESENTATION('',(#345),#353);
#345 = ( BOUNDED_CURVE() B_SPLINE_CURVE(2,(#346,#347,#348,#349,#350,#351
,#352),.UNSPECIFIED.,.T.,.F.) B_SPLINE_CURVE_WITH_KNOTS((1,2,2,2,2,1),(
    -2.094395102393,0.,2.094395102393,4.188790204786,6.28318530718,
8.377580409573),.UNSPECIFIED.) CURVE() GEOMETRIC_REPRESENTATION_ITEM() 
RATIONAL_B_SPLINE_CURVE((1.,0.5,1.,0.5,1.,0.5,1.)) REPRESENTATION_ITEM(
  '') );
#346 = CARTESIAN_POINT('',(-27.15,-19.7));
#347 = CARTESIAN_POINT('',(-27.15,-21.17224318643));
#348 = CARTESIAN_POINT('',(-28.425,-20.43612159321));
#349 = CARTESIAN_POINT('',(-29.7,-19.7));
#350 = CARTESIAN_POINT('',(-28.425,-18.96387840678));
#351 = CARTESIAN_POINT('',(-27.15,-18.22775681356));
#352 = CARTESIAN_POINT('',(-27.15,-19.7));
#353 = ( GEOMETRIC_REPRESENTATION_CONTEXT(2) 
PARAMETRIC_REPRESENTATION_CONTEXT() REPRESENTATION_CONTEXT('2D SPACE',''
  ) );
#354 = PCURVE('',#355,#360);
#355 = CYLINDRICAL_SURFACE('',#356,0.85);
#356 = AXIS2_PLACEMENT_3D('',#357,#358,#359);
#357 = CARTESIAN_POINT('',(10.5,-37.2,-15.3));
#358 = DIRECTION('',(-0.,-0.,-1.));
#359 = DIRECTION('',(1.,0.,0.));
#360 = DEFINITIONAL_REPRESENTATION('',(#361),#365);
#361 = LINE('',#362,#363);
#362 = CARTESIAN_POINT('',(-6.28318530718,-9.999999999999E-02));
#363 = VECTOR('',#364,1.);
#364 = DIRECTION('',(1.,-0.));
#365 = ( GEOMETRIC_REPRESENTATION_CONTEXT(2) 
PARAMETRIC_REPRESENTATION_CONTEXT() REPRESENTATION_CONTEXT('2D SPACE',''
  ) );
#366 = FACE_BOUND('',#367,.F.);
#367 = EDGE_LOOP('',(#368));
#368 = ORIENTED_EDGE('',*,*,#369,.T.);
#369 = EDGE_CURVE('',#370,#370,#372,.T.);
#370 = VERTEX_POINT('',#371);
#371 = CARTESIAN_POINT('',(67.35,-37.2,-15.2));
#372 = SURFACE_CURVE('',#373,(#378,#389),.PCURVE_S1.);
#373 = CIRCLE('',#374,0.85);
#374 = AXIS2_PLACEMENT_3D('',#375,#376,#377);
#375 = CARTESIAN_POINT('',(66.5,-37.2,-15.2));
#376 = DIRECTION('',(0.,0.,-1.));
#377 = DIRECTION('',(1.,0.,0.));
#378 = PCURVE('',#44,#379);
#379 = DEFINITIONAL_REPRESENTATION('',(#380),#388);
#380 = ( BOUNDED_CURVE() B_SPLINE_CURVE(2,(#381,#382,#383,#384,#385,#386
,#387),.UNSPECIFIED.,.T.,.F.) B_SPLINE_CURVE_WITH_KNOTS((1,2,2,2,2,1),(
    -2.094395102393,0.,2.094395102393,4.188790204786,6.28318530718,
8.377580409573),.UNSPECIFIED.) CURVE() GEOMETRIC_REPRESENTATION_ITEM() 
RATIONAL_B_SPLINE_CURVE((1.,0.5,1.,0.5,1.,0.5,1.)) REPRESENTATION_ITEM(
  '') );
#381 = CARTESIAN_POINT('',(28.85,-19.7));
#382 = CARTESIAN_POINT('',(28.85,-21.17224318643));
#383 = CARTESIAN_POINT('',(27.575,-20.43612159321));
#384 = CARTESIAN_POINT('',(26.3,-19.7));
#385 = CARTESIAN_POINT('',(27.575,-18.96387840678));
#386 = CARTESIAN_POINT('',(28.85,-18.22775681356));
#387 = CARTESIAN_POINT('',(28.85,-19.7));
#388 = ( GEOMETRIC_REPRESENTATION_CONTEXT(2) 
PARAMETRIC_REPRESENTATION_CONTEXT() REPRESENTATION_CONTEXT('2D SPACE',''
  ) );
#389 = PCURVE('',#390,#395);
#390 = CYLINDRICAL_SURFACE('',#391,0.85);
#391 = AXIS2_PLACEMENT_3D('',#392,#393,#394);
#392 = CARTESIAN_POINT('',(66.5,-37.2,-15.3));
#393 = DIRECTION('',(-0.,-0.,-1.));
#394 = DIRECTION('',(1.,0.,0.));
#395 = DEFINITIONAL_REPRESENTATION('',(#396),#400);
#396 = LINE('',#397,#398);
#397 = CARTESIAN_POINT('',(-6.28318530718,-9.999999999999E-02));
#398 = VECTOR('',#399,1.);
#399 = DIRECTION('',(1.,-0.));
#400 = ( GEOMETRIC_REPRESENTATION_CONTEXT(2) 
PARAMETRIC_REPRESENTATION_CONTEXT() REPRESENTATION_CONTEXT('2D SPACE',''
  ) );
#401 = FACE_BOUND('',#402,.F.);
#402 = EDGE_LOOP('',(#403));
#403 = ORIENTED_EDGE('',*,*,#404,.T.);
#404 = EDGE_CURVE('',#405,#405,#407,.T.);
#405 = VERTEX_POINT('',#406);
#406 = CARTESIAN_POINT('',(11.35,2.2,-15.2));
#407 = SURFACE_CURVE('',#408,(#413,#424),.PCURVE_S1.);
#408 = CIRCLE('',#409,0.85);
#409 = AXIS2_PLACEMENT_3D('',#410,#411,#412);
#410 = CARTESIAN_POINT('',(10.5,2.2,-15.2));
#411 = DIRECTION('',(0.,0.,-1.));
#412 = DIRECTION('',(1.,0.,0.));
#413 = PCURVE('',#44,#414);
#414 = DEFINITIONAL_REPRESENTATION('',(#415),#423);
#415 = ( BOUNDED_CURVE() B_SPLINE_CURVE(2,(#416,#417,#418,#419,#420,#421
,#422),.UNSPECIFIED.,.T.,.F.) B_SPLINE_CURVE_WITH_KNOTS((1,2,2,2,2,1),(
    -2.094395102393,0.,2.094395102393,4.188790204786,6.28318530718,
8.377580409573),.UNSPECIFIED.) CURVE() GEOMETRIC_REPRESENTATION_ITEM() 
RATIONAL_B_SPLINE_CURVE((1.,0.5,1.,0.5,1.,0.5,1.)) REPRESENTATION_ITEM(
  '') );
#416 = CARTESIAN_POINT('',(-27.15,19.7));
#417 = CARTESIAN_POINT('',(-27.15,18.227756813566));
#418 = CARTESIAN_POINT('',(-28.425,18.963878406783));
#419 = CARTESIAN_POINT('',(-29.7,19.7));
#420 = CARTESIAN_POINT('',(-28.425,20.436121593217));
#421 = CARTESIAN_POINT('',(-27.15,21.172243186434));
#422 = CARTESIAN_POINT('',(-27.15,19.7));
#423 = ( GEOMETRIC_REPRESENTATION_CONTEXT(2) 
PARAMETRIC_REPRESENTATION_CONTEXT() REPRESENTATION_CONTEXT('2D SPACE',''
  ) );
#424 = PCURVE('',#425,#430);
#425 = CYLINDRICAL_SURFACE('',#426,0.85);
#426 = AXIS2_PLACEMENT_3D('',#427,#428,#429);
#427 = CARTESIAN_POINT('',(10.5,2.2,-15.3));
#428 = DIRECTION('',(-0.,-0.,-1.));
#429 = DIRECTION('',(1.,0.,0.));
#430 = DEFINITIONAL_REPRESENTATION('',(#431),#435);
#431 = LINE('',#432,#433);
#432 = CARTESIAN_POINT('',(-6.28318530718,-9.999999999999E-02));
#433 = VECTOR('',#434,1.);
#434 = DIRECTION('',(1.,-0.));
#435 = ( GEOMETRIC_REPRESENTATION_CONTEXT(2) 
PARAMETRIC_REPRESENTATION_CONTEXT() REPRESENTATION_CONTEXT('2D SPACE',''
  ) );
#436 = FACE_BOUND('',#437,.F.);
#437 = EDGE_LOOP('',(#438,#468,#496,#524));
#438 = ORIENTED_EDGE('',*,*,#439,.T.);
#439 = EDGE_CURVE('',#440,#442,#444,.T.);
#440 = VERTEX_POINT('',#441);
#441 = CARTESIAN_POINT('',(-0.2,-35.2,-15.2));
#442 = VERTEX_POINT('',#443);
#443 = CARTESIAN_POINT('',(-0.2,0.2,-15.2));
#444 = SURFACE_CURVE('',#445,(#449,#456),.PCURVE_S1.);
#445 = LINE('',#446,#447);
#446 = CARTESIAN_POINT('',(-0.2,-35.2,-15.2));
#447 = VECTOR('',#448,1.);
#448 = DIRECTION('',(0.,1.,0.));
#449 = PCURVE('',#44,#450);
#450 = DEFINITIONAL_REPRESENTATION('',(#451),#455);
#451 = LINE('',#452,#453);
#452 = CARTESIAN_POINT('',(-38.7,-17.7));
#453 = VECTOR('',#454,1.);
#454 = DIRECTION('',(0.,1.));
#455 = ( GEOMETRIC_REPRESENTATION_CONTEXT(2) 
PARAMETRIC_REPRESENTATION_CONTEXT() REPRESENTATION_CONTEXT('2D SPACE',''
  ) );
#456 = PCURVE('',#457,#462);
#457 = PLANE('',#458);
#458 = AXIS2_PLACEMENT_3D('',#459,#460,#461);
#459 = CARTESIAN_POINT('',(-0.2,-35.2,-15.2));
#460 = DIRECTION('',(1.,0.,0.));
#461 = DIRECTION('',(0.,0.,1.));
#462 = DEFINITIONAL_REPRESENTATION('',(#463),#467);
#463 = LINE('',#464,#465);
#464 = CARTESIAN_POINT('',(0.,0.));
#465 = VECTOR('',#466,1.);
#466 = DIRECTION('',(0.,-1.));
#467 = ( GEOMETRIC_REPRESENTATION_CONTEXT(2) 
PARAMETRIC_REPRESENTATION_CONTEXT() REPRESENTATION_CONTEXT('2D SPACE',''
  ) );
#468 = ORIENTED_EDGE('',*,*,#469,.T.);
#469 = EDGE_CURVE('',#442,#470,#472,.T.);
#470 = VERTEX_POINT('',#471);
#471 = CARTESIAN_POINT('',(77.2,0.2,-15.2));
#472 = SURFACE_CURVE('',#473,(#477,#484),.PCURVE_S1.);
#473 = LINE('',#474,#475);
#474 = CARTESIAN_POINT('',(-0.2,0.2,-15.2));
#475 = VECTOR('',#476,1.);
#476 = DIRECTION('',(1.,0.,0.));
#477 = PCURVE('',#44,#478);
#478 = DEFINITIONAL_REPRESENTATION('',(#479),#483);
#479 = LINE('',#480,#481);
#480 = CARTESIAN_POINT('',(-38.7,17.7));
#481 = VECTOR('',#482,1.);
#482 = DIRECTION('',(1.,0.));
#483 = ( GEOMETRIC_REPRESENTATION_CONTEXT(2) 
PARAMETRIC_REPRESENTATION_CONTEXT() REPRESENTATION_CONTEXT('2D SPACE',''
  ) );
#484 = PCURVE('',#485,#490);
#485 = PLANE('',#486);
#486 = AXIS2_PLACEMENT_3D('',#487,#488,#489);
#487 = CARTESIAN_POINT('',(-0.2,0.2,-15.2));
#488 = DIRECTION('',(0.,1.,0.));
#489 = DIRECTION('',(0.,0.,1.));
#490 = DEFINITIONAL_REPRESENTATION('',(#491),#495);
#491 = LINE('',#492,#493);
#492 = CARTESIAN_POINT('',(0.,0.));
#493 = VECTOR('',#494,1.);
#494 = DIRECTION('',(0.,1.));
#495 = ( GEOMETRIC_REPRESENTATION_CONTEXT(2) 
PARAMETRIC_REPRESENTATION_CONTEXT() REPRESENTATION_CONTEXT('2D SPACE',''
  ) );
#496 = ORIENTED_EDGE('',*,*,#497,.F.);
#497 = EDGE_CURVE('',#498,#470,#500,.T.);
#498 = VERTEX_POINT('',#499);
#499 = CARTESIAN_POINT('',(77.2,-35.2,-15.2));
#500 = SURFACE_CURVE('',#501,(#505,#512),.PCURVE_S1.);
#501 = LINE('',#502,#503);
#502 = CARTESIAN_POINT('',(77.2,-35.2,-15.2));
#503 = VECTOR('',#504,1.);
#504 = DIRECTION('',(0.,1.,0.));
#505 = PCURVE('',#44,#506);
#506 = DEFINITIONAL_REPRESENTATION('',(#507),#511);
#507 = LINE('',#508,#509);
#508 = CARTESIAN_POINT('',(38.7,-17.7));
#509 = VECTOR('',#510,1.);
#510 = DIRECTION('',(0.,1.));
#511 = ( GEOMETRIC_REPRESENTATION_CONTEXT(2) 
PARAMETRIC_REPRESENTATION_CONTEXT() REPRESENTATION_CONTEXT('2D SPACE',''
  ) );
#512 = PCURVE('',#513,#518);
#513 = PLANE('',#514);
#514 = AXIS2_PLACEMENT_3D('',#515,#516,#517);
#515 = CARTESIAN_POINT('',(77.2,-35.2,-15.2));
#516 = DIRECTION('',(1.,0.,0.));
#517 = DIRECTION('',(0.,0.,1.));
#518 = DEFINITIONAL_REPRESENTATION('',(#519),#523);
#519 = LINE('',#520,#521);
#520 = CARTESIAN_POINT('',(0.,0.));
#521 = VECTOR('',#522,1.);
#522 = DIRECTION('',(0.,-1.));
#523 = ( GEOMETRIC_REPRESENTATION_CONTEXT(2) 
PARAMETRIC_REPRESENTATION_CONTEXT() REPRESENTATION_CONTEXT('2D SPACE',''
  ) );
#524 = ORIENTED_EDGE('',*,*,#525,.F.);
#525 = EDGE_CURVE('',#440,#498,#526,.T.);
#526 = SURFACE_CURVE('',#527,(#531,#538),.PCURVE_S1.);
#527 = LINE('',#528,#529);
#528 = CARTESIAN_POINT('',(-0.2,-35.2,-15.2));
#529 = VECTOR('',#530,1.);
#530 = DIRECTION('',(1.,0.,0.));
#531 = PCURVE('',#44,#532);
#532 = DEFINITIONAL_REPRESENTATION('',(#533),#537);
#533 = LINE('',#534,#535);
#534 = CARTESIAN_POINT('',(-38.7,-17.7));
#535 = VECTOR('',#536,1.);
#536 = DIRECTION('',(1.,0.));
#537 = ( GEOMETRIC_REPRESENTATION_CONTEXT(2) 
PARAMETRIC_REPRESENTATION_CONTEXT() REPRESENTATION_CONTEXT('2D SPACE',''
  ) );
#538 = PCURVE('',#539,#544);
#539 = PLANE('',#540);
#540 = AXIS2_PLACEMENT_3D('',#541,#542,#543);
#541 = CARTESIAN_POINT('',(-0.2,-35.2,-15.2));
#542 = DIRECTION('',(0.,1.,0.));
#543 = DIRECTION('',(0.,0.,1.));
#544 = DEFINITIONAL_REPRESENTATION('',(#545),#549);
#545 = LINE('',#546,#547);
#546 = CARTESIAN_POINT('',(0.,0.));
#547 = VECTOR('',#548,1.);
#548 = DIRECTION('',(0.,1.));
#549 = ( GEOMETRIC_REPRESENTATION_CONTEXT(2) 
PARAMETRIC_REPRESENTATION_CONTEXT() REPRESENTATION_CONTEXT('2D SPACE',''
  ) );
#550 = FACE_BOUND('',#551,.F.);
#551 = EDGE_LOOP('',(#552));
#552 = ORIENTED_EDGE('',*,*,#553,.T.);
#553 = EDGE_CURVE('',#554,#554,#556,.T.);
#554 = VERTEX_POINT('',#555);
#555 = CARTESIAN_POINT('',(67.35,2.2,-15.2));
#556 = SURFACE_CURVE('',#557,(#562,#573),.PCURVE_S1.);
#557 = CIRCLE('',#558,0.85);
#558 = AXIS2_PLACEMENT_3D('',#559,#560,#561);
#559 = CARTESIAN_POINT('',(66.5,2.2,-15.2));
#560 = DIRECTION('',(0.,0.,-1.));
#561 = DIRECTION('',(1.,0.,0.));
#562 = PCURVE('',#44,#563);
#563 = DEFINITIONAL_REPRESENTATION('',(#564),#572);
#564 = ( BOUNDED_CURVE() B_SPLINE_CURVE(2,(#565,#566,#567,#568,#569,#570
,#571),.UNSPECIFIED.,.T.,.F.) B_SPLINE_CURVE_WITH_KNOTS((1,2,2,2,2,1),(
    -2.094395102393,0.,2.094395102393,4.188790204786,6.28318530718,
8.377580409573),.UNSPECIFIED.) CURVE() GEOMETRIC_REPRESENTATION_ITEM() 
RATIONAL_B_SPLINE_CURVE((1.,0.5,1.,0.5,1.,0.5,1.)) REPRESENTATION_ITEM(
  '') );
#565 = CARTESIAN_POINT('',(28.85,19.7));
#566 = CARTESIAN_POINT('',(28.85,18.227756813566));
#567 = CARTESIAN_POINT('',(27.575,18.963878406783));
#568 = CARTESIAN_POINT('',(26.3,19.7));
#569 = CARTESIAN_POINT('',(27.575,20.436121593217));
#570 = CARTESIAN_POINT('',(28.85,21.172243186434));
#571 = CARTESIAN_POINT('',(28.85,19.7));
#572 = ( GEOMETRIC_REPRESENTATION_CONTEXT(2) 
PARAMETRIC_REPRESENTATION_CONTEXT() REPRESENTATION_CONTEXT('2D SPACE',''
  ) );
#573 = PCURVE('',#574,#579);
#574 = CYLINDRICAL_SURFACE('',#575,0.85);
#575 = AXIS2_PLACEMENT_3D('',#576,#577,#578);
#576 = CARTESIAN_POINT('',(66.5,2.2,-15.3));
#577 = DIRECTION('',(-0.,-0.,-1.));
#578 = DIRECTION('',(1.,0.,0.));
#579 = DEFINITIONAL_REPRESENTATION('',(#580),#584);
#580 = LINE('',#581,#582);
#581 = CARTESIAN_POINT('',(-6.28318530718,-9.999999999999E-02));
#582 = VECTOR('',#583,1.);
#583 = DIRECTION('',(1.,-0.));
#584 = ( GEOMETRIC_REPRESENTATION_CONTEXT(2) 
PARAMETRIC_REPRESENTATION_CONTEXT() REPRESENTATION_CONTEXT('2D SPACE',''
  ) );
#585 = ADVANCED_FACE('',(#586),#124,.T.);
#586 = FACE_BOUND('',#587,.T.);
#587 = EDGE_LOOP('',(#588,#589,#590,#613));
#588 = ORIENTED_EDGE('',*,*,#110,.F.);
#589 = ORIENTED_EDGE('',*,*,#140,.T.);
#590 = ORIENTED_EDGE('',*,*,#591,.T.);
#591 = EDGE_CURVE('',#141,#592,#594,.T.);
#592 = VERTEX_POINT('',#593);
#593 = CARTESIAN_POINT('',(80.2,-32.2,-14.2));
#594 = SURFACE_CURVE('',#595,(#599,#606),.PCURVE_S1.);
#595 = LINE('',#596,#597);
#596 = CARTESIAN_POINT('',(80.2,-32.2,-15.2));
#597 = VECTOR('',#598,1.);
#598 = DIRECTION('',(0.,0.,1.));
#599 = PCURVE('',#124,#600);
#600 = DEFINITIONAL_REPRESENTATION('',(#601),#605);
#601 = LINE('',#602,#603);
#602 = CARTESIAN_POINT('',(1.570796326795,0.));
#603 = VECTOR('',#604,1.);
#604 = DIRECTION('',(0.,1.));
#605 = ( GEOMETRIC_REPRESENTATION_CONTEXT(2) 
PARAMETRIC_REPRESENTATION_CONTEXT() REPRESENTATION_CONTEXT('2D SPACE',''
  ) );
#606 = PCURVE('',#180,#607);
#607 = DEFINITIONAL_REPRESENTATION('',(#608),#612);
#608 = LINE('',#609,#610);
#609 = CARTESIAN_POINT('',(7.,0.));
#610 = VECTOR('',#611,1.);
#611 = DIRECTION('',(0.,-1.));
#612 = ( GEOMETRIC_REPRESENTATION_CONTEXT(2) 
PARAMETRIC_REPRESENTATION_CONTEXT() REPRESENTATION_CONTEXT('2D SPACE',''
  ) );
#613 = ORIENTED_EDGE('',*,*,#614,.F.);
#614 = EDGE_CURVE('',#85,#592,#615,.T.);
#615 = SURFACE_CURVE('',#616,(#621,#628),.PCURVE_S1.);
#616 = CIRCLE('',#617,7.);
#617 = AXIS2_PLACEMENT_3D('',#618,#619,#620);
#618 = CARTESIAN_POINT('',(73.2,-32.2,-14.2));
#619 = DIRECTION('',(0.,0.,1.));
#620 = DIRECTION('',(0.,-1.,0.));
#621 = PCURVE('',#124,#622);
#622 = DEFINITIONAL_REPRESENTATION('',(#623),#627);
#623 = LINE('',#624,#625);
#624 = CARTESIAN_POINT('',(0.,1.));
#625 = VECTOR('',#626,1.);
#626 = DIRECTION('',(1.,0.));
#627 = ( GEOMETRIC_REPRESENTATION_CONTEXT(2) 
PARAMETRIC_REPRESENTATION_CONTEXT() REPRESENTATION_CONTEXT('2D SPACE',''
  ) );
#628 = PCURVE('',#99,#629);
#629 = DEFINITIONAL_REPRESENTATION('',(#630),#634);
#630 = CIRCLE('',#631,7.);
#631 = AXIS2_PLACEMENT_2D('',#632,#633);
#632 = CARTESIAN_POINT('',(34.7,-14.7));
#633 = DIRECTION('',(0.,-1.));
#634 = ( GEOMETRIC_REPRESENTATION_CONTEXT(2) 
PARAMETRIC_REPRESENTATION_CONTEXT() REPRESENTATION_CONTEXT('2D SPACE',''
  ) );
#635 = ADVANCED_FACE('',(#636,#773),#99,.T.);
#636 = FACE_BOUND('',#637,.T.);
#637 = EDGE_LOOP('',(#638,#662,#663,#664,#685,#709,#730,#754));
#638 = ORIENTED_EDGE('',*,*,#639,.T.);
#639 = EDGE_CURVE('',#640,#57,#642,.T.);
#640 = VERTEX_POINT('',#641);
#641 = CARTESIAN_POINT('',(-3.2,-32.2,-14.2));
#642 = SURFACE_CURVE('',#643,(#648,#655),.PCURVE_S1.);
#643 = CIRCLE('',#644,7.);
#644 = AXIS2_PLACEMENT_3D('',#645,#646,#647);
#645 = CARTESIAN_POINT('',(3.8,-32.2,-14.2));
#646 = DIRECTION('',(0.,0.,1.));
#647 = DIRECTION('',(0.,-1.,0.));
#648 = PCURVE('',#99,#649);
#649 = DEFINITIONAL_REPRESENTATION('',(#650),#654);
#650 = CIRCLE('',#651,7.);
#651 = AXIS2_PLACEMENT_2D('',#652,#653);
#652 = CARTESIAN_POINT('',(-34.7,-14.7));
#653 = DIRECTION('',(0.,-1.));
#654 = ( GEOMETRIC_REPRESENTATION_CONTEXT(2) 
PARAMETRIC_REPRESENTATION_CONTEXT() REPRESENTATION_CONTEXT('2D SPACE',''
  ) );
#655 = PCURVE('',#72,#656);
#656 = DEFINITIONAL_REPRESENTATION('',(#657),#661);
#657 = LINE('',#658,#659);
#658 = CARTESIAN_POINT('',(-6.28318530718,1.));
#659 = VECTOR('',#660,1.);
#660 = DIRECTION('',(1.,-0.));
#661 = ( GEOMETRIC_REPRESENTATION_CONTEXT(2) 
PARAMETRIC_REPRESENTATION_CONTEXT() REPRESENTATION_CONTEXT('2D SPACE',''
  ) );
#662 = ORIENTED_EDGE('',*,*,#84,.T.);
#663 = ORIENTED_EDGE('',*,*,#614,.T.);
#664 = ORIENTED_EDGE('',*,*,#665,.T.);
#665 = EDGE_CURVE('',#592,#666,#668,.T.);
#666 = VERTEX_POINT('',#667);
#667 = CARTESIAN_POINT('',(80.2,-2.8,-14.2));
#668 = SURFACE_CURVE('',#669,(#673,#679),.PCURVE_S1.);
#669 = LINE('',#670,#671);
#670 = CARTESIAN_POINT('',(80.2,-28.35,-14.2));
#671 = VECTOR('',#672,1.);
#672 = DIRECTION('',(0.,1.,-0.));
#673 = PCURVE('',#99,#674);
#674 = DEFINITIONAL_REPRESENTATION('',(#675),#678);
#675 = B_SPLINE_CURVE_WITH_KNOTS('',1,(#676,#677),.UNSPECIFIED.,.F.,.F.,
  (2,2),(-3.85,25.55),.PIECEWISE_BEZIER_KNOTS.);
#676 = CARTESIAN_POINT('',(41.7,-14.7));
#677 = CARTESIAN_POINT('',(41.7,14.7));
#678 = ( GEOMETRIC_REPRESENTATION_CONTEXT(2) 
PARAMETRIC_REPRESENTATION_CONTEXT() REPRESENTATION_CONTEXT('2D SPACE',''
  ) );
#679 = PCURVE('',#180,#680);
#680 = DEFINITIONAL_REPRESENTATION('',(#681),#684);
#681 = B_SPLINE_CURVE_WITH_KNOTS('',1,(#682,#683),.UNSPECIFIED.,.F.,.F.,
  (2,2),(-3.85,25.55),.PIECEWISE_BEZIER_KNOTS.);
#682 = CARTESIAN_POINT('',(7.,-1.));
#683 = CARTESIAN_POINT('',(36.4,-1.));
#684 = ( GEOMETRIC_REPRESENTATION_CONTEXT(2) 
PARAMETRIC_REPRESENTATION_CONTEXT() REPRESENTATION_CONTEXT('2D SPACE',''
  ) );
#685 = ORIENTED_EDGE('',*,*,#686,.T.);
#686 = EDGE_CURVE('',#666,#687,#689,.T.);
#687 = VERTEX_POINT('',#688);
#688 = CARTESIAN_POINT('',(73.2,4.2,-14.2));
#689 = SURFACE_CURVE('',#690,(#695,#702),.PCURVE_S1.);
#690 = CIRCLE('',#691,7.);
#691 = AXIS2_PLACEMENT_3D('',#692,#693,#694);
#692 = CARTESIAN_POINT('',(73.2,-2.8,-14.2));
#693 = DIRECTION('',(0.,0.,1.));
#694 = DIRECTION('',(1.,0.,-0.));
#695 = PCURVE('',#99,#696);
#696 = DEFINITIONAL_REPRESENTATION('',(#697),#701);
#697 = CIRCLE('',#698,7.);
#698 = AXIS2_PLACEMENT_2D('',#699,#700);
#699 = CARTESIAN_POINT('',(34.7,14.7));
#700 = DIRECTION('',(1.,0.));
#701 = ( GEOMETRIC_REPRESENTATION_CONTEXT(2) 
PARAMETRIC_REPRESENTATION_CONTEXT() REPRESENTATION_CONTEXT('2D SPACE',''
  ) );
#702 = PCURVE('',#209,#703);
#703 = DEFINITIONAL_REPRESENTATION('',(#704),#708);
#704 = LINE('',#705,#706);
#705 = CARTESIAN_POINT('',(0.,1.));
#706 = VECTOR('',#707,1.);
#707 = DIRECTION('',(1.,0.));
#708 = ( GEOMETRIC_REPRESENTATION_CONTEXT(2) 
PARAMETRIC_REPRESENTATION_CONTEXT() REPRESENTATION_CONTEXT('2D SPACE',''
  ) );
#709 = ORIENTED_EDGE('',*,*,#710,.T.);
#710 = EDGE_CURVE('',#687,#711,#713,.T.);
#711 = VERTEX_POINT('',#712);
#712 = CARTESIAN_POINT('',(3.8,4.2,-14.2));
#713 = SURFACE_CURVE('',#714,(#718,#724),.PCURVE_S1.);
#714 = LINE('',#715,#716);
#715 = CARTESIAN_POINT('',(59.35,4.2,-14.2));
#716 = VECTOR('',#717,1.);
#717 = DIRECTION('',(-1.,0.,0.));
#718 = PCURVE('',#99,#719);
#719 = DEFINITIONAL_REPRESENTATION('',(#720),#723);
#720 = B_SPLINE_CURVE_WITH_KNOTS('',1,(#721,#722),.UNSPECIFIED.,.F.,.F.,
  (2,2),(-13.85,55.55),.PIECEWISE_BEZIER_KNOTS.);
#721 = CARTESIAN_POINT('',(34.7,21.7));
#722 = CARTESIAN_POINT('',(-34.7,21.7));
#723 = ( GEOMETRIC_REPRESENTATION_CONTEXT(2) 
PARAMETRIC_REPRESENTATION_CONTEXT() REPRESENTATION_CONTEXT('2D SPACE',''
  ) );
#724 = PCURVE('',#237,#725);
#725 = DEFINITIONAL_REPRESENTATION('',(#726),#729);
#726 = B_SPLINE_CURVE_WITH_KNOTS('',1,(#727,#728),.UNSPECIFIED.,.F.,.F.,
  (2,2),(-13.85,55.55),.PIECEWISE_BEZIER_KNOTS.);
#727 = CARTESIAN_POINT('',(7.,-1.));
#728 = CARTESIAN_POINT('',(76.4,-1.));
#729 = ( GEOMETRIC_REPRESENTATION_CONTEXT(2) 
PARAMETRIC_REPRESENTATION_CONTEXT() REPRESENTATION_CONTEXT('2D SPACE',''
  ) );
#730 = ORIENTED_EDGE('',*,*,#731,.T.);
#731 = EDGE_CURVE('',#711,#732,#734,.T.);
#732 = VERTEX_POINT('',#733);
#733 = CARTESIAN_POINT('',(-3.2,-2.8,-14.2));
#734 = SURFACE_CURVE('',#735,(#740,#747),.PCURVE_S1.);
#735 = CIRCLE('',#736,7.);
#736 = AXIS2_PLACEMENT_3D('',#737,#738,#739);
#737 = CARTESIAN_POINT('',(3.8,-2.8,-14.2));
#738 = DIRECTION('',(0.,0.,1.));
#739 = DIRECTION('',(-0.,1.,0.));
#740 = PCURVE('',#99,#741);
#741 = DEFINITIONAL_REPRESENTATION('',(#742),#746);
#742 = CIRCLE('',#743,7.);
#743 = AXIS2_PLACEMENT_2D('',#744,#745);
#744 = CARTESIAN_POINT('',(-34.7,14.7));
#745 = DIRECTION('',(0.,1.));
#746 = ( GEOMETRIC_REPRESENTATION_CONTEXT(2) 
PARAMETRIC_REPRESENTATION_CONTEXT() REPRESENTATION_CONTEXT('2D SPACE',''
  ) );
#747 = PCURVE('',#266,#748);
#748 = DEFINITIONAL_REPRESENTATION('',(#749),#753);
#749 = LINE('',#750,#751);
#750 = CARTESIAN_POINT('',(0.,1.));
#751 = VECTOR('',#752,1.);
#752 = DIRECTION('',(1.,0.));
#753 = ( GEOMETRIC_REPRESENTATION_CONTEXT(2) 
PARAMETRIC_REPRESENTATION_CONTEXT() REPRESENTATION_CONTEXT('2D SPACE',''
  ) );
#754 = ORIENTED_EDGE('',*,*,#755,.T.);
#755 = EDGE_CURVE('',#732,#640,#756,.T.);
#756 = SURFACE_CURVE('',#757,(#761,#767),.PCURVE_S1.);
#757 = LINE('',#758,#759);
#758 = CARTESIAN_POINT('',(-3.2,-6.65,-14.2));
#759 = VECTOR('',#760,1.);
#760 = DIRECTION('',(0.,-1.,0.));
#761 = PCURVE('',#99,#762);
#762 = DEFINITIONAL_REPRESENTATION('',(#763),#766);
#763 = B_SPLINE_CURVE_WITH_KNOTS('',1,(#764,#765),.UNSPECIFIED.,.F.,.F.,
  (2,2),(-3.85,25.55),.PIECEWISE_BEZIER_KNOTS.);
#764 = CARTESIAN_POINT('',(-41.7,14.7));
#765 = CARTESIAN_POINT('',(-41.7,-14.7));
#766 = ( GEOMETRIC_REPRESENTATION_CONTEXT(2) 
PARAMETRIC_REPRESENTATION_CONTEXT() REPRESENTATION_CONTEXT('2D SPACE',''
  ) );
#767 = PCURVE('',#294,#768);
#768 = DEFINITIONAL_REPRESENTATION('',(#769),#772);
#769 = B_SPLINE_CURVE_WITH_KNOTS('',1,(#770,#771),.UNSPECIFIED.,.F.,.F.,
  (2,2),(-3.85,25.55),.PIECEWISE_BEZIER_KNOTS.);
#770 = CARTESIAN_POINT('',(7.,-1.));
#771 = CARTESIAN_POINT('',(36.4,-1.));
#772 = ( GEOMETRIC_REPRESENTATION_CONTEXT(2) 
PARAMETRIC_REPRESENTATION_CONTEXT() REPRESENTATION_CONTEXT('2D SPACE',''
  ) );
#773 = FACE_BOUND('',#774,.T.);
#774 = EDGE_LOOP('',(#775,#806,#832,#861,#887,#916,#942,#971));
#775 = ORIENTED_EDGE('',*,*,#776,.F.);
#776 = EDGE_CURVE('',#777,#779,#781,.T.);
#777 = VERTEX_POINT('',#778);
#778 = CARTESIAN_POINT('',(73.2,-38.8,-14.2));
#779 = VERTEX_POINT('',#780);
#780 = CARTESIAN_POINT('',(79.8,-32.2,-14.2));
#781 = SURFACE_CURVE('',#782,(#787,#794),.PCURVE_S1.);
#782 = CIRCLE('',#783,6.6);
#783 = AXIS2_PLACEMENT_3D('',#784,#785,#786);
#784 = CARTESIAN_POINT('',(73.2,-32.2,-14.2));
#785 = DIRECTION('',(0.,0.,1.));
#786 = DIRECTION('',(0.,-1.,0.));
#787 = PCURVE('',#99,#788);
#788 = DEFINITIONAL_REPRESENTATION('',(#789),#793);
#789 = CIRCLE('',#790,6.6);
#790 = AXIS2_PLACEMENT_2D('',#791,#792);
#791 = CARTESIAN_POINT('',(34.7,-14.7));
#792 = DIRECTION('',(0.,-1.));
#793 = ( GEOMETRIC_REPRESENTATION_CONTEXT(2) 
PARAMETRIC_REPRESENTATION_CONTEXT() REPRESENTATION_CONTEXT('2D SPACE',''
  ) );
#794 = PCURVE('',#795,#800);
#795 = CYLINDRICAL_SURFACE('',#796,6.6);
#796 = AXIS2_PLACEMENT_3D('',#797,#798,#799);
#797 = CARTESIAN_POINT('',(73.2,-32.2,-14.3));
#798 = DIRECTION('',(0.,0.,1.));
#799 = DIRECTION('',(0.,-1.,0.));
#800 = DEFINITIONAL_REPRESENTATION('',(#801),#805);
#801 = LINE('',#802,#803);
#802 = CARTESIAN_POINT('',(0.,1.E-01));
#803 = VECTOR('',#804,1.);
#804 = DIRECTION('',(1.,0.));
#805 = ( GEOMETRIC_REPRESENTATION_CONTEXT(2) 
PARAMETRIC_REPRESENTATION_CONTEXT() REPRESENTATION_CONTEXT('2D SPACE',''
  ) );
#806 = ORIENTED_EDGE('',*,*,#807,.T.);
#807 = EDGE_CURVE('',#777,#808,#810,.T.);
#808 = VERTEX_POINT('',#809);
#809 = CARTESIAN_POINT('',(3.8,-38.8,-14.2));
#810 = SURFACE_CURVE('',#811,(#815,#821),.PCURVE_S1.);
#811 = LINE('',#812,#813);
#812 = CARTESIAN_POINT('',(17.85,-38.8,-14.2));
#813 = VECTOR('',#814,1.);
#814 = DIRECTION('',(-1.,0.,0.));
#815 = PCURVE('',#99,#816);
#816 = DEFINITIONAL_REPRESENTATION('',(#817),#820);
#817 = B_SPLINE_CURVE_WITH_KNOTS('',1,(#818,#819),.UNSPECIFIED.,.F.,.F.,
  (2,2),(-55.35,14.05),.PIECEWISE_BEZIER_KNOTS.);
#818 = CARTESIAN_POINT('',(34.7,-21.3));
#819 = CARTESIAN_POINT('',(-34.7,-21.3));
#820 = ( GEOMETRIC_REPRESENTATION_CONTEXT(2) 
PARAMETRIC_REPRESENTATION_CONTEXT() REPRESENTATION_CONTEXT('2D SPACE',''
  ) );
#821 = PCURVE('',#822,#827);
#822 = PLANE('',#823);
#823 = AXIS2_PLACEMENT_3D('',#824,#825,#826);
#824 = CARTESIAN_POINT('',(-2.8,-38.8,-14.3));
#825 = DIRECTION('',(0.,1.,0.));
#826 = DIRECTION('',(1.,0.,0.));
#827 = DEFINITIONAL_REPRESENTATION('',(#828),#831);
#828 = B_SPLINE_CURVE_WITH_KNOTS('',1,(#829,#830),.UNSPECIFIED.,.F.,.F.,
  (2,2),(-55.35,14.05),.PIECEWISE_BEZIER_KNOTS.);
#829 = CARTESIAN_POINT('',(76.,-1.E-01));
#830 = CARTESIAN_POINT('',(6.6,-1.E-01));
#831 = ( GEOMETRIC_REPRESENTATION_CONTEXT(2) 
PARAMETRIC_REPRESENTATION_CONTEXT() REPRESENTATION_CONTEXT('2D SPACE',''
  ) );
#832 = ORIENTED_EDGE('',*,*,#833,.F.);
#833 = EDGE_CURVE('',#834,#808,#836,.T.);
#834 = VERTEX_POINT('',#835);
#835 = CARTESIAN_POINT('',(-2.8,-32.2,-14.2));
#836 = SURFACE_CURVE('',#837,(#842,#849),.PCURVE_S1.);
#837 = CIRCLE('',#838,6.6);
#838 = AXIS2_PLACEMENT_3D('',#839,#840,#841);
#839 = CARTESIAN_POINT('',(3.8,-32.2,-14.2));
#840 = DIRECTION('',(0.,0.,1.));
#841 = DIRECTION('',(0.,-1.,0.));
#842 = PCURVE('',#99,#843);
#843 = DEFINITIONAL_REPRESENTATION('',(#844),#848);
#844 = CIRCLE('',#845,6.6);
#845 = AXIS2_PLACEMENT_2D('',#846,#847);
#846 = CARTESIAN_POINT('',(-34.7,-14.7));
#847 = DIRECTION('',(0.,-1.));
#848 = ( GEOMETRIC_REPRESENTATION_CONTEXT(2) 
PARAMETRIC_REPRESENTATION_CONTEXT() REPRESENTATION_CONTEXT('2D SPACE',''
  ) );
#849 = PCURVE('',#850,#855);
#850 = CYLINDRICAL_SURFACE('',#851,6.6);
#851 = AXIS2_PLACEMENT_3D('',#852,#853,#854);
#852 = CARTESIAN_POINT('',(3.8,-32.2,-14.3));
#853 = DIRECTION('',(0.,0.,1.));
#854 = DIRECTION('',(0.,-1.,0.));
#855 = DEFINITIONAL_REPRESENTATION('',(#856),#860);
#856 = LINE('',#857,#858);
#857 = CARTESIAN_POINT('',(-6.28318530718,1.E-01));
#858 = VECTOR('',#859,1.);
#859 = DIRECTION('',(1.,-0.));
#860 = ( GEOMETRIC_REPRESENTATION_CONTEXT(2) 
PARAMETRIC_REPRESENTATION_CONTEXT() REPRESENTATION_CONTEXT('2D SPACE',''
  ) );
#861 = ORIENTED_EDGE('',*,*,#862,.T.);
#862 = EDGE_CURVE('',#834,#863,#865,.T.);
#863 = VERTEX_POINT('',#864);
#864 = CARTESIAN_POINT('',(-2.8,-2.8,-14.2));
#865 = SURFACE_CURVE('',#866,(#870,#876),.PCURVE_S1.);
#866 = LINE('',#867,#868);
#867 = CARTESIAN_POINT('',(-2.8,-6.85,-14.2));
#868 = VECTOR('',#869,1.);
#869 = DIRECTION('',(-0.,1.,0.));
#870 = PCURVE('',#99,#871);
#871 = DEFINITIONAL_REPRESENTATION('',(#872),#875);
#872 = B_SPLINE_CURVE_WITH_KNOTS('',1,(#873,#874),.UNSPECIFIED.,.F.,.F.,
  (2,2),(-25.35,4.05),.PIECEWISE_BEZIER_KNOTS.);
#873 = CARTESIAN_POINT('',(-41.3,-14.7));
#874 = CARTESIAN_POINT('',(-41.3,14.7));
#875 = ( GEOMETRIC_REPRESENTATION_CONTEXT(2) 
PARAMETRIC_REPRESENTATION_CONTEXT() REPRESENTATION_CONTEXT('2D SPACE',''
  ) );
#876 = PCURVE('',#877,#882);
#877 = PLANE('',#878);
#878 = AXIS2_PLACEMENT_3D('',#879,#880,#881);
#879 = CARTESIAN_POINT('',(-2.8,3.8,-14.3));
#880 = DIRECTION('',(1.,0.,-0.));
#881 = DIRECTION('',(0.,-1.,0.));
#882 = DEFINITIONAL_REPRESENTATION('',(#883),#886);
#883 = B_SPLINE_CURVE_WITH_KNOTS('',1,(#884,#885),.UNSPECIFIED.,.F.,.F.,
  (2,2),(-25.35,4.05),.PIECEWISE_BEZIER_KNOTS.);
#884 = CARTESIAN_POINT('',(36.,-1.E-01));
#885 = CARTESIAN_POINT('',(6.6,-1.E-01));
#886 = ( GEOMETRIC_REPRESENTATION_CONTEXT(2) 
PARAMETRIC_REPRESENTATION_CONTEXT() REPRESENTATION_CONTEXT('2D SPACE',''
  ) );
#887 = ORIENTED_EDGE('',*,*,#888,.F.);
#888 = EDGE_CURVE('',#889,#863,#891,.T.);
#889 = VERTEX_POINT('',#890);
#890 = CARTESIAN_POINT('',(3.8,3.8,-14.2));
#891 = SURFACE_CURVE('',#892,(#897,#904),.PCURVE_S1.);
#892 = CIRCLE('',#893,6.6);
#893 = AXIS2_PLACEMENT_3D('',#894,#895,#896);
#894 = CARTESIAN_POINT('',(3.8,-2.8,-14.2));
#895 = DIRECTION('',(0.,0.,1.));
#896 = DIRECTION('',(-0.,1.,0.));
#897 = PCURVE('',#99,#898);
#898 = DEFINITIONAL_REPRESENTATION('',(#899),#903);
#899 = CIRCLE('',#900,6.6);
#900 = AXIS2_PLACEMENT_2D('',#901,#902);
#901 = CARTESIAN_POINT('',(-34.7,14.7));
#902 = DIRECTION('',(0.,1.));
#903 = ( GEOMETRIC_REPRESENTATION_CONTEXT(2) 
PARAMETRIC_REPRESENTATION_CONTEXT() REPRESENTATION_CONTEXT('2D SPACE',''
  ) );
#904 = PCURVE('',#905,#910);
#905 = CYLINDRICAL_SURFACE('',#906,6.6);
#906 = AXIS2_PLACEMENT_3D('',#907,#908,#909);
#907 = CARTESIAN_POINT('',(3.8,-2.8,-14.3));
#908 = DIRECTION('',(0.,0.,1.));
#909 = DIRECTION('',(-0.,1.,0.));
#910 = DEFINITIONAL_REPRESENTATION('',(#911),#915);
#911 = LINE('',#912,#913);
#912 = CARTESIAN_POINT('',(0.,1.E-01));
#913 = VECTOR('',#914,1.);
#914 = DIRECTION('',(1.,0.));
#915 = ( GEOMETRIC_REPRESENTATION_CONTEXT(2) 
PARAMETRIC_REPRESENTATION_CONTEXT() REPRESENTATION_CONTEXT('2D SPACE',''
  ) );
#916 = ORIENTED_EDGE('',*,*,#917,.T.);
#917 = EDGE_CURVE('',#889,#918,#920,.T.);
#918 = VERTEX_POINT('',#919);
#919 = CARTESIAN_POINT('',(73.2,3.8,-14.2));
#920 = SURFACE_CURVE('',#921,(#925,#931),.PCURVE_S1.);
#921 = LINE('',#922,#923);
#922 = CARTESIAN_POINT('',(59.15,3.8,-14.2));
#923 = VECTOR('',#924,1.);
#924 = DIRECTION('',(1.,0.,-0.));
#925 = PCURVE('',#99,#926);
#926 = DEFINITIONAL_REPRESENTATION('',(#927),#930);
#927 = B_SPLINE_CURVE_WITH_KNOTS('',1,(#928,#929),.UNSPECIFIED.,.F.,.F.,
  (2,2),(-55.35,14.05),.PIECEWISE_BEZIER_KNOTS.);
#928 = CARTESIAN_POINT('',(-34.7,21.3));
#929 = CARTESIAN_POINT('',(34.7,21.3));
#930 = ( GEOMETRIC_REPRESENTATION_CONTEXT(2) 
PARAMETRIC_REPRESENTATION_CONTEXT() REPRESENTATION_CONTEXT('2D SPACE',''
  ) );
#931 = PCURVE('',#932,#937);
#932 = PLANE('',#933);
#933 = AXIS2_PLACEMENT_3D('',#934,#935,#936);
#934 = CARTESIAN_POINT('',(79.8,3.8,-14.3));
#935 = DIRECTION('',(0.,-1.,0.));
#936 = DIRECTION('',(-1.,0.,0.));
#937 = DEFINITIONAL_REPRESENTATION('',(#938),#941);
#938 = B_SPLINE_CURVE_WITH_KNOTS('',1,(#939,#940),.UNSPECIFIED.,.F.,.F.,
  (2,2),(-55.35,14.05),.PIECEWISE_BEZIER_KNOTS.);
#939 = CARTESIAN_POINT('',(76.,-1.E-01));
#940 = CARTESIAN_POINT('',(6.6,-1.E-01));
#941 = ( GEOMETRIC_REPRESENTATION_CONTEXT(2) 
PARAMETRIC_REPRESENTATION_CONTEXT() REPRESENTATION_CONTEXT('2D SPACE',''
  ) );
#942 = ORIENTED_EDGE('',*,*,#943,.F.);
#943 = EDGE_CURVE('',#944,#918,#946,.T.);
#944 = VERTEX_POINT('',#945);
#945 = CARTESIAN_POINT('',(79.8,-2.8,-14.2));
#946 = SURFACE_CURVE('',#947,(#952,#959),.PCURVE_S1.);
#947 = CIRCLE('',#948,6.6);
#948 = AXIS2_PLACEMENT_3D('',#949,#950,#951);
#949 = CARTESIAN_POINT('',(73.2,-2.8,-14.2));
#950 = DIRECTION('',(0.,0.,1.));
#951 = DIRECTION('',(1.,0.,-0.));
#952 = PCURVE('',#99,#953);
#953 = DEFINITIONAL_REPRESENTATION('',(#954),#958);
#954 = CIRCLE('',#955,6.6);
#955 = AXIS2_PLACEMENT_2D('',#956,#957);
#956 = CARTESIAN_POINT('',(34.7,14.7));
#957 = DIRECTION('',(1.,0.));
#958 = ( GEOMETRIC_REPRESENTATION_CONTEXT(2) 
PARAMETRIC_REPRESENTATION_CONTEXT() REPRESENTATION_CONTEXT('2D SPACE',''
  ) );
#959 = PCURVE('',#960,#965);
#960 = CYLINDRICAL_SURFACE('',#961,6.6);
#961 = AXIS2_PLACEMENT_3D('',#962,#963,#964);
#962 = CARTESIAN_POINT('',(73.2,-2.8,-14.3));
#963 = DIRECTION('',(0.,0.,1.));
#964 = DIRECTION('',(1.,0.,-0.));
#965 = DEFINITIONAL_REPRESENTATION('',(#966),#970);
#966 = LINE('',#967,#968);
#967 = CARTESIAN_POINT('',(0.,1.E-01));
#968 = VECTOR('',#969,1.);
#969 = DIRECTION('',(1.,0.));
#970 = ( GEOMETRIC_REPRESENTATION_CONTEXT(2) 
PARAMETRIC_REPRESENTATION_CONTEXT() REPRESENTATION_CONTEXT('2D SPACE',''
  ) );
#971 = ORIENTED_EDGE('',*,*,#972,.T.);
#972 = EDGE_CURVE('',#944,#779,#973,.T.);
#973 = SURFACE_CURVE('',#974,(#978,#984),.PCURVE_S1.);
#974 = LINE('',#975,#976);
#975 = CARTESIAN_POINT('',(79.8,-28.15,-14.2));
#976 = VECTOR('',#977,1.);
#977 = DIRECTION('',(0.,-1.,0.));
#978 = PCURVE('',#99,#979);
#979 = DEFINITIONAL_REPRESENTATION('',(#980),#983);
#980 = B_SPLINE_CURVE_WITH_KNOTS('',1,(#981,#982),.UNSPECIFIED.,.F.,.F.,
  (2,2),(-25.35,4.05),.PIECEWISE_BEZIER_KNOTS.);
#981 = CARTESIAN_POINT('',(41.3,14.7));
#982 = CARTESIAN_POINT('',(41.3,-14.7));
#983 = ( GEOMETRIC_REPRESENTATION_CONTEXT(2) 
PARAMETRIC_REPRESENTATION_CONTEXT() REPRESENTATION_CONTEXT('2D SPACE',''
  ) );
#984 = PCURVE('',#985,#990);
#985 = PLANE('',#986);
#986 = AXIS2_PLACEMENT_3D('',#987,#988,#989);
#987 = CARTESIAN_POINT('',(79.8,-38.8,-14.3));
#988 = DIRECTION('',(-1.,0.,0.));
#989 = DIRECTION('',(0.,1.,0.));
#990 = DEFINITIONAL_REPRESENTATION('',(#991),#994);
#991 = B_SPLINE_CURVE_WITH_KNOTS('',1,(#992,#993),.UNSPECIFIED.,.F.,.F.,
  (2,2),(-25.35,4.05),.PIECEWISE_BEZIER_KNOTS.);
#992 = CARTESIAN_POINT('',(36.,-1.E-01));
#993 = CARTESIAN_POINT('',(6.6,-1.E-01));
#994 = ( GEOMETRIC_REPRESENTATION_CONTEXT(2) 
PARAMETRIC_REPRESENTATION_CONTEXT() REPRESENTATION_CONTEXT('2D SPACE',''
  ) );
#995 = ADVANCED_FACE('',(#996),#72,.T.);
#996 = FACE_BOUND('',#997,.F.);
#997 = EDGE_LOOP('',(#998,#999,#1000,#1021));
#998 = ORIENTED_EDGE('',*,*,#56,.F.);
#999 = ORIENTED_EDGE('',*,*,#306,.T.);
#1000 = ORIENTED_EDGE('',*,*,#1001,.T.);
#1001 = EDGE_CURVE('',#279,#640,#1002,.T.);
#1002 = SURFACE_CURVE('',#1003,(#1007,#1014),.PCURVE_S1.);
#1003 = LINE('',#1004,#1005);
#1004 = CARTESIAN_POINT('',(-3.2,-32.2,-15.2));
#1005 = VECTOR('',#1006,1.);
#1006 = DIRECTION('',(0.,0.,1.));
#1007 = PCURVE('',#72,#1008);
#1008 = DEFINITIONAL_REPRESENTATION('',(#1009),#1013);
#1009 = LINE('',#1010,#1011);
#1010 = CARTESIAN_POINT('',(-1.570796326795,0.));
#1011 = VECTOR('',#1012,1.);
#1012 = DIRECTION('',(-0.,1.));
#1013 = ( GEOMETRIC_REPRESENTATION_CONTEXT(2) 
PARAMETRIC_REPRESENTATION_CONTEXT() REPRESENTATION_CONTEXT('2D SPACE',''
  ) );
#1014 = PCURVE('',#294,#1015);
#1015 = DEFINITIONAL_REPRESENTATION('',(#1016),#1020);
#1016 = LINE('',#1017,#1018);
#1017 = CARTESIAN_POINT('',(36.4,0.));
#1018 = VECTOR('',#1019,1.);
#1019 = DIRECTION('',(0.,-1.));
#1020 = ( GEOMETRIC_REPRESENTATION_CONTEXT(2) 
PARAMETRIC_REPRESENTATION_CONTEXT() REPRESENTATION_CONTEXT('2D SPACE',''
  ) );
#1021 = ORIENTED_EDGE('',*,*,#639,.T.);
#1022 = ADVANCED_FACE('',(#1023),#294,.F.);
#1023 = FACE_BOUND('',#1024,.F.);
#1024 = EDGE_LOOP('',(#1025,#1026,#1047,#1048));
#1025 = ORIENTED_EDGE('',*,*,#278,.F.);
#1026 = ORIENTED_EDGE('',*,*,#1027,.T.);
#1027 = EDGE_CURVE('',#250,#732,#1028,.T.);
#1028 = SURFACE_CURVE('',#1029,(#1033,#1040),.PCURVE_S1.);
#1029 = LINE('',#1030,#1031);
#1030 = CARTESIAN_POINT('',(-3.2,-2.8,-15.2));
#1031 = VECTOR('',#1032,1.);
#1032 = DIRECTION('',(0.,0.,1.));
#1033 = PCURVE('',#294,#1034);
#1034 = DEFINITIONAL_REPRESENTATION('',(#1035),#1039);
#1035 = LINE('',#1036,#1037);
#1036 = CARTESIAN_POINT('',(7.,0.));
#1037 = VECTOR('',#1038,1.);
#1038 = DIRECTION('',(0.,-1.));
#1039 = ( GEOMETRIC_REPRESENTATION_CONTEXT(2) 
PARAMETRIC_REPRESENTATION_CONTEXT() REPRESENTATION_CONTEXT('2D SPACE',''
  ) );
#1040 = PCURVE('',#266,#1041);
#1041 = DEFINITIONAL_REPRESENTATION('',(#1042),#1046);
#1042 = LINE('',#1043,#1044);
#1043 = CARTESIAN_POINT('',(1.570796326795,0.));
#1044 = VECTOR('',#1045,1.);
#1045 = DIRECTION('',(0.,1.));
#1046 = ( GEOMETRIC_REPRESENTATION_CONTEXT(2) 
PARAMETRIC_REPRESENTATION_CONTEXT() REPRESENTATION_CONTEXT('2D SPACE',''
  ) );
#1047 = ORIENTED_EDGE('',*,*,#755,.T.);
#1048 = ORIENTED_EDGE('',*,*,#1001,.F.);
#1049 = ADVANCED_FACE('',(#1050),#180,.F.);
#1050 = FACE_BOUND('',#1051,.F.);
#1051 = EDGE_LOOP('',(#1052,#1053,#1054,#1055));
#1052 = ORIENTED_EDGE('',*,*,#164,.F.);
#1053 = ORIENTED_EDGE('',*,*,#591,.T.);
#1054 = ORIENTED_EDGE('',*,*,#665,.T.);
#1055 = ORIENTED_EDGE('',*,*,#1056,.F.);
#1056 = EDGE_CURVE('',#165,#666,#1057,.T.);
#1057 = SURFACE_CURVE('',#1058,(#1062,#1069),.PCURVE_S1.);
#1058 = LINE('',#1059,#1060);
#1059 = CARTESIAN_POINT('',(80.2,-2.8,-15.2));
#1060 = VECTOR('',#1061,1.);
#1061 = DIRECTION('',(0.,0.,1.));
#1062 = PCURVE('',#180,#1063);
#1063 = DEFINITIONAL_REPRESENTATION('',(#1064),#1068);
#1064 = LINE('',#1065,#1066);
#1065 = CARTESIAN_POINT('',(36.4,0.));
#1066 = VECTOR('',#1067,1.);
#1067 = DIRECTION('',(0.,-1.));
#1068 = ( GEOMETRIC_REPRESENTATION_CONTEXT(2) 
PARAMETRIC_REPRESENTATION_CONTEXT() REPRESENTATION_CONTEXT('2D SPACE',''
  ) );
#1069 = PCURVE('',#209,#1070);
#1070 = DEFINITIONAL_REPRESENTATION('',(#1071),#1075);
#1071 = LINE('',#1072,#1073);
#1072 = CARTESIAN_POINT('',(0.,0.));
#1073 = VECTOR('',#1074,1.);
#1074 = DIRECTION('',(0.,1.));
#1075 = ( GEOMETRIC_REPRESENTATION_CONTEXT(2) 
PARAMETRIC_REPRESENTATION_CONTEXT() REPRESENTATION_CONTEXT('2D SPACE',''
  ) );
#1076 = ADVANCED_FACE('',(#1077),#266,.T.);
#1077 = FACE_BOUND('',#1078,.T.);
#1078 = EDGE_LOOP('',(#1079,#1100,#1101,#1102));
#1079 = ORIENTED_EDGE('',*,*,#1080,.F.);
#1080 = EDGE_CURVE('',#222,#711,#1081,.T.);
#1081 = SURFACE_CURVE('',#1082,(#1086,#1093),.PCURVE_S1.);
#1082 = LINE('',#1083,#1084);
#1083 = CARTESIAN_POINT('',(3.8,4.2,-15.2));
#1084 = VECTOR('',#1085,1.);
#1085 = DIRECTION('',(0.,0.,1.));
#1086 = PCURVE('',#266,#1087);
#1087 = DEFINITIONAL_REPRESENTATION('',(#1088),#1092);
#1088 = LINE('',#1089,#1090);
#1089 = CARTESIAN_POINT('',(0.,0.));
#1090 = VECTOR('',#1091,1.);
#1091 = DIRECTION('',(0.,1.));
#1092 = ( GEOMETRIC_REPRESENTATION_CONTEXT(2) 
PARAMETRIC_REPRESENTATION_CONTEXT() REPRESENTATION_CONTEXT('2D SPACE',''
  ) );
#1093 = PCURVE('',#237,#1094);
#1094 = DEFINITIONAL_REPRESENTATION('',(#1095),#1099);
#1095 = LINE('',#1096,#1097);
#1096 = CARTESIAN_POINT('',(76.4,0.));
#1097 = VECTOR('',#1098,1.);
#1098 = DIRECTION('',(0.,-1.));
#1099 = ( GEOMETRIC_REPRESENTATION_CONTEXT(2) 
PARAMETRIC_REPRESENTATION_CONTEXT() REPRESENTATION_CONTEXT('2D SPACE',''
  ) );
#1100 = ORIENTED_EDGE('',*,*,#249,.T.);
#1101 = ORIENTED_EDGE('',*,*,#1027,.T.);
#1102 = ORIENTED_EDGE('',*,*,#731,.F.);
#1103 = ADVANCED_FACE('',(#1104),#209,.T.);
#1104 = FACE_BOUND('',#1105,.T.);
#1105 = EDGE_LOOP('',(#1106,#1107,#1108,#1129));
#1106 = ORIENTED_EDGE('',*,*,#1056,.F.);
#1107 = ORIENTED_EDGE('',*,*,#192,.T.);
#1108 = ORIENTED_EDGE('',*,*,#1109,.T.);
#1109 = EDGE_CURVE('',#193,#687,#1110,.T.);
#1110 = SURFACE_CURVE('',#1111,(#1115,#1122),.PCURVE_S1.);
#1111 = LINE('',#1112,#1113);
#1112 = CARTESIAN_POINT('',(73.2,4.2,-15.2));
#1113 = VECTOR('',#1114,1.);
#1114 = DIRECTION('',(0.,0.,1.));
#1115 = PCURVE('',#209,#1116);
#1116 = DEFINITIONAL_REPRESENTATION('',(#1117),#1121);
#1117 = LINE('',#1118,#1119);
#1118 = CARTESIAN_POINT('',(1.570796326795,0.));
#1119 = VECTOR('',#1120,1.);
#1120 = DIRECTION('',(0.,1.));
#1121 = ( GEOMETRIC_REPRESENTATION_CONTEXT(2) 
PARAMETRIC_REPRESENTATION_CONTEXT() REPRESENTATION_CONTEXT('2D SPACE',''
  ) );
#1122 = PCURVE('',#237,#1123);
#1123 = DEFINITIONAL_REPRESENTATION('',(#1124),#1128);
#1124 = LINE('',#1125,#1126);
#1125 = CARTESIAN_POINT('',(7.,0.));
#1126 = VECTOR('',#1127,1.);
#1127 = DIRECTION('',(0.,-1.));
#1128 = ( GEOMETRIC_REPRESENTATION_CONTEXT(2) 
PARAMETRIC_REPRESENTATION_CONTEXT() REPRESENTATION_CONTEXT('2D SPACE',''
  ) );
#1129 = ORIENTED_EDGE('',*,*,#686,.F.);
#1130 = ADVANCED_FACE('',(#1131),#237,.F.);
#1131 = FACE_BOUND('',#1132,.F.);
#1132 = EDGE_LOOP('',(#1133,#1134,#1135,#1136));
#1133 = ORIENTED_EDGE('',*,*,#221,.F.);
#1134 = ORIENTED_EDGE('',*,*,#1109,.T.);
#1135 = ORIENTED_EDGE('',*,*,#710,.T.);
#1136 = ORIENTED_EDGE('',*,*,#1080,.F.);
#1137 = ADVANCED_FACE('',(#1138),#355,.F.);
#1138 = FACE_BOUND('',#1139,.T.);
#1139 = EDGE_LOOP('',(#1140,#1141,#1164,#1191));
#1140 = ORIENTED_EDGE('',*,*,#334,.T.);
#1141 = ORIENTED_EDGE('',*,*,#1142,.T.);
#1142 = EDGE_CURVE('',#335,#1143,#1145,.T.);
#1143 = VERTEX_POINT('',#1144);
#1144 = CARTESIAN_POINT('',(11.35,-37.2,-6.2));
#1145 = SEAM_CURVE('',#1146,(#1150,#1157),.PCURVE_S1.);
#1146 = LINE('',#1147,#1148);
#1147 = CARTESIAN_POINT('',(11.35,-37.2,-15.3));
#1148 = VECTOR('',#1149,1.);
#1149 = DIRECTION('',(0.,0.,1.));
#1150 = PCURVE('',#355,#1151);
#1151 = DEFINITIONAL_REPRESENTATION('',(#1152),#1156);
#1152 = LINE('',#1153,#1154);
#1153 = CARTESIAN_POINT('',(-6.28318530718,0.));
#1154 = VECTOR('',#1155,1.);
#1155 = DIRECTION('',(-0.,-1.));
#1156 = ( GEOMETRIC_REPRESENTATION_CONTEXT(2) 
PARAMETRIC_REPRESENTATION_CONTEXT() REPRESENTATION_CONTEXT('2D SPACE',''
  ) );
#1157 = PCURVE('',#355,#1158);
#1158 = DEFINITIONAL_REPRESENTATION('',(#1159),#1163);
#1159 = LINE('',#1160,#1161);
#1160 = CARTESIAN_POINT('',(-0.,0.));
#1161 = VECTOR('',#1162,1.);
#1162 = DIRECTION('',(-0.,-1.));
#1163 = ( GEOMETRIC_REPRESENTATION_CONTEXT(2) 
PARAMETRIC_REPRESENTATION_CONTEXT() REPRESENTATION_CONTEXT('2D SPACE',''
  ) );
#1164 = ORIENTED_EDGE('',*,*,#1165,.T.);
#1165 = EDGE_CURVE('',#1143,#1143,#1166,.T.);
#1166 = SURFACE_CURVE('',#1167,(#1172,#1179),.PCURVE_S1.);
#1167 = CIRCLE('',#1168,0.85);
#1168 = AXIS2_PLACEMENT_3D('',#1169,#1170,#1171);
#1169 = CARTESIAN_POINT('',(10.5,-37.2,-6.2));
#1170 = DIRECTION('',(0.,0.,1.));
#1171 = DIRECTION('',(1.,0.,0.));
#1172 = PCURVE('',#355,#1173);
#1173 = DEFINITIONAL_REPRESENTATION('',(#1174),#1178);
#1174 = LINE('',#1175,#1176);
#1175 = CARTESIAN_POINT('',(-0.,-9.1));
#1176 = VECTOR('',#1177,1.);
#1177 = DIRECTION('',(-1.,0.));
#1178 = ( GEOMETRIC_REPRESENTATION_CONTEXT(2) 
PARAMETRIC_REPRESENTATION_CONTEXT() REPRESENTATION_CONTEXT('2D SPACE',''
  ) );
#1179 = PCURVE('',#1180,#1185);
#1180 = PLANE('',#1181);
#1181 = AXIS2_PLACEMENT_3D('',#1182,#1183,#1184);
#1182 = CARTESIAN_POINT('',(10.5,-37.2,-6.2));
#1183 = DIRECTION('',(0.,0.,1.));
#1184 = DIRECTION('',(1.,0.,-0.));
#1185 = DEFINITIONAL_REPRESENTATION('',(#1186),#1190);
#1186 = CIRCLE('',#1187,0.85);
#1187 = AXIS2_PLACEMENT_2D('',#1188,#1189);
#1188 = CARTESIAN_POINT('',(0.,0.));
#1189 = DIRECTION('',(1.,0.));
#1190 = ( GEOMETRIC_REPRESENTATION_CONTEXT(2) 
PARAMETRIC_REPRESENTATION_CONTEXT() REPRESENTATION_CONTEXT('2D SPACE',''
  ) );
#1191 = ORIENTED_EDGE('',*,*,#1142,.F.);
#1192 = ADVANCED_FACE('',(#1193),#390,.F.);
#1193 = FACE_BOUND('',#1194,.T.);
#1194 = EDGE_LOOP('',(#1195,#1196,#1219,#1246));
#1195 = ORIENTED_EDGE('',*,*,#369,.T.);
#1196 = ORIENTED_EDGE('',*,*,#1197,.T.);
#1197 = EDGE_CURVE('',#370,#1198,#1200,.T.);
#1198 = VERTEX_POINT('',#1199);
#1199 = CARTESIAN_POINT('',(67.35,-37.2,-6.2));
#1200 = SEAM_CURVE('',#1201,(#1205,#1212),.PCURVE_S1.);
#1201 = LINE('',#1202,#1203);
#1202 = CARTESIAN_POINT('',(67.35,-37.2,-15.3));
#1203 = VECTOR('',#1204,1.);
#1204 = DIRECTION('',(0.,0.,1.));
#1205 = PCURVE('',#390,#1206);
#1206 = DEFINITIONAL_REPRESENTATION('',(#1207),#1211);
#1207 = LINE('',#1208,#1209);
#1208 = CARTESIAN_POINT('',(-6.28318530718,0.));
#1209 = VECTOR('',#1210,1.);
#1210 = DIRECTION('',(-0.,-1.));
#1211 = ( GEOMETRIC_REPRESENTATION_CONTEXT(2) 
PARAMETRIC_REPRESENTATION_CONTEXT() REPRESENTATION_CONTEXT('2D SPACE',''
  ) );
#1212 = PCURVE('',#390,#1213);
#1213 = DEFINITIONAL_REPRESENTATION('',(#1214),#1218);
#1214 = LINE('',#1215,#1216);
#1215 = CARTESIAN_POINT('',(-0.,0.));
#1216 = VECTOR('',#1217,1.);
#1217 = DIRECTION('',(-0.,-1.));
#1218 = ( GEOMETRIC_REPRESENTATION_CONTEXT(2) 
PARAMETRIC_REPRESENTATION_CONTEXT() REPRESENTATION_CONTEXT('2D SPACE',''
  ) );
#1219 = ORIENTED_EDGE('',*,*,#1220,.T.);
#1220 = EDGE_CURVE('',#1198,#1198,#1221,.T.);
#1221 = SURFACE_CURVE('',#1222,(#1227,#1234),.PCURVE_S1.);
#1222 = CIRCLE('',#1223,0.85);
#1223 = AXIS2_PLACEMENT_3D('',#1224,#1225,#1226);
#1224 = CARTESIAN_POINT('',(66.5,-37.2,-6.2));
#1225 = DIRECTION('',(0.,0.,1.));
#1226 = DIRECTION('',(1.,0.,0.));
#1227 = PCURVE('',#390,#1228);
#1228 = DEFINITIONAL_REPRESENTATION('',(#1229),#1233);
#1229 = LINE('',#1230,#1231);
#1230 = CARTESIAN_POINT('',(-0.,-9.1));
#1231 = VECTOR('',#1232,1.);
#1232 = DIRECTION('',(-1.,0.));
#1233 = ( GEOMETRIC_REPRESENTATION_CONTEXT(2) 
PARAMETRIC_REPRESENTATION_CONTEXT() REPRESENTATION_CONTEXT('2D SPACE',''
  ) );
#1234 = PCURVE('',#1235,#1240);
#1235 = PLANE('',#1236);
#1236 = AXIS2_PLACEMENT_3D('',#1237,#1238,#1239);
#1237 = CARTESIAN_POINT('',(66.5,-37.2,-6.2));
#1238 = DIRECTION('',(0.,0.,1.));
#1239 = DIRECTION('',(1.,0.,-0.));
#1240 = DEFINITIONAL_REPRESENTATION('',(#1241),#1245);
#1241 = CIRCLE('',#1242,0.85);
#1242 = AXIS2_PLACEMENT_2D('',#1243,#1244);
#1243 = CARTESIAN_POINT('',(0.,0.));
#1244 = DIRECTION('',(1.,0.));
#1245 = ( GEOMETRIC_REPRESENTATION_CONTEXT(2) 
PARAMETRIC_REPRESENTATION_CONTEXT() REPRESENTATION_CONTEXT('2D SPACE',''
  ) );
#1246 = ORIENTED_EDGE('',*,*,#1197,.F.);
#1247 = ADVANCED_FACE('',(#1248),#425,.F.);
#1248 = FACE_BOUND('',#1249,.T.);
#1249 = EDGE_LOOP('',(#1250,#1251,#1274,#1301));
#1250 = ORIENTED_EDGE('',*,*,#404,.T.);
#1251 = ORIENTED_EDGE('',*,*,#1252,.T.);
#1252 = EDGE_CURVE('',#405,#1253,#1255,.T.);
#1253 = VERTEX_POINT('',#1254);
#1254 = CARTESIAN_POINT('',(11.35,2.2,-6.2));
#1255 = SEAM_CURVE('',#1256,(#1260,#1267),.PCURVE_S1.);
#1256 = LINE('',#1257,#1258);
#1257 = CARTESIAN_POINT('',(11.35,2.2,-15.3));
#1258 = VECTOR('',#1259,1.);
#1259 = DIRECTION('',(0.,0.,1.));
#1260 = PCURVE('',#425,#1261);
#1261 = DEFINITIONAL_REPRESENTATION('',(#1262),#1266);
#1262 = LINE('',#1263,#1264);
#1263 = CARTESIAN_POINT('',(-6.28318530718,0.));
#1264 = VECTOR('',#1265,1.);
#1265 = DIRECTION('',(-0.,-1.));
#1266 = ( GEOMETRIC_REPRESENTATION_CONTEXT(2) 
PARAMETRIC_REPRESENTATION_CONTEXT() REPRESENTATION_CONTEXT('2D SPACE',''
  ) );
#1267 = PCURVE('',#425,#1268);
#1268 = DEFINITIONAL_REPRESENTATION('',(#1269),#1273);
#1269 = LINE('',#1270,#1271);
#1270 = CARTESIAN_POINT('',(-0.,0.));
#1271 = VECTOR('',#1272,1.);
#1272 = DIRECTION('',(-0.,-1.));
#1273 = ( GEOMETRIC_REPRESENTATION_CONTEXT(2) 
PARAMETRIC_REPRESENTATION_CONTEXT() REPRESENTATION_CONTEXT('2D SPACE',''
  ) );
#1274 = ORIENTED_EDGE('',*,*,#1275,.T.);
#1275 = EDGE_CURVE('',#1253,#1253,#1276,.T.);
#1276 = SURFACE_CURVE('',#1277,(#1282,#1289),.PCURVE_S1.);
#1277 = CIRCLE('',#1278,0.85);
#1278 = AXIS2_PLACEMENT_3D('',#1279,#1280,#1281);
#1279 = CARTESIAN_POINT('',(10.5,2.2,-6.2));
#1280 = DIRECTION('',(0.,0.,1.));
#1281 = DIRECTION('',(1.,0.,0.));
#1282 = PCURVE('',#425,#1283);
#1283 = DEFINITIONAL_REPRESENTATION('',(#1284),#1288);
#1284 = LINE('',#1285,#1286);
#1285 = CARTESIAN_POINT('',(-0.,-9.1));
#1286 = VECTOR('',#1287,1.);
#1287 = DIRECTION('',(-1.,0.));
#1288 = ( GEOMETRIC_REPRESENTATION_CONTEXT(2) 
PARAMETRIC_REPRESENTATION_CONTEXT() REPRESENTATION_CONTEXT('2D SPACE',''
  ) );
#1289 = PCURVE('',#1290,#1295);
#1290 = PLANE('',#1291);
#1291 = AXIS2_PLACEMENT_3D('',#1292,#1293,#1294);
#1292 = CARTESIAN_POINT('',(10.5,2.2,-6.2));
#1293 = DIRECTION('',(0.,0.,1.));
#1294 = DIRECTION('',(1.,0.,-0.));
#1295 = DEFINITIONAL_REPRESENTATION('',(#1296),#1300);
#1296 = CIRCLE('',#1297,0.85);
#1297 = AXIS2_PLACEMENT_2D('',#1298,#1299);
#1298 = CARTESIAN_POINT('',(0.,-4.440892098501E-16));
#1299 = DIRECTION('',(1.,0.));
#1300 = ( GEOMETRIC_REPRESENTATION_CONTEXT(2) 
PARAMETRIC_REPRESENTATION_CONTEXT() REPRESENTATION_CONTEXT('2D SPACE',''
  ) );
#1301 = ORIENTED_EDGE('',*,*,#1252,.F.);
#1302 = ADVANCED_FACE('',(#1303),#457,.T.);
#1303 = FACE_BOUND('',#1304,.T.);
#1304 = EDGE_LOOP('',(#1305,#1328,#1329,#1352));
#1305 = ORIENTED_EDGE('',*,*,#1306,.F.);
#1306 = EDGE_CURVE('',#440,#1307,#1309,.T.);
#1307 = VERTEX_POINT('',#1308);
#1308 = CARTESIAN_POINT('',(-0.2,-35.2,0.2));
#1309 = SURFACE_CURVE('',#1310,(#1314,#1321),.PCURVE_S1.);
#1310 = LINE('',#1311,#1312);
#1311 = CARTESIAN_POINT('',(-0.2,-35.2,-15.2));
#1312 = VECTOR('',#1313,1.);
#1313 = DIRECTION('',(0.,0.,1.));
#1314 = PCURVE('',#457,#1315);
#1315 = DEFINITIONAL_REPRESENTATION('',(#1316),#1320);
#1316 = LINE('',#1317,#1318);
#1317 = CARTESIAN_POINT('',(0.,0.));
#1318 = VECTOR('',#1319,1.);
#1319 = DIRECTION('',(1.,0.));
#1320 = ( GEOMETRIC_REPRESENTATION_CONTEXT(2) 
PARAMETRIC_REPRESENTATION_CONTEXT() REPRESENTATION_CONTEXT('2D SPACE',''
  ) );
#1321 = PCURVE('',#539,#1322);
#1322 = DEFINITIONAL_REPRESENTATION('',(#1323),#1327);
#1323 = LINE('',#1324,#1325);
#1324 = CARTESIAN_POINT('',(0.,0.));
#1325 = VECTOR('',#1326,1.);
#1326 = DIRECTION('',(1.,0.));
#1327 = ( GEOMETRIC_REPRESENTATION_CONTEXT(2) 
PARAMETRIC_REPRESENTATION_CONTEXT() REPRESENTATION_CONTEXT('2D SPACE',''
  ) );
#1328 = ORIENTED_EDGE('',*,*,#439,.T.);
#1329 = ORIENTED_EDGE('',*,*,#1330,.T.);
#1330 = EDGE_CURVE('',#442,#1331,#1333,.T.);
#1331 = VERTEX_POINT('',#1332);
#1332 = CARTESIAN_POINT('',(-0.2,0.2,0.2));
#1333 = SURFACE_CURVE('',#1334,(#1338,#1345),.PCURVE_S1.);
#1334 = LINE('',#1335,#1336);
#1335 = CARTESIAN_POINT('',(-0.2,0.2,-15.2));
#1336 = VECTOR('',#1337,1.);
#1337 = DIRECTION('',(0.,0.,1.));
#1338 = PCURVE('',#457,#1339);
#1339 = DEFINITIONAL_REPRESENTATION('',(#1340),#1344);
#1340 = LINE('',#1341,#1342);
#1341 = CARTESIAN_POINT('',(0.,-35.4));
#1342 = VECTOR('',#1343,1.);
#1343 = DIRECTION('',(1.,0.));
#1344 = ( GEOMETRIC_REPRESENTATION_CONTEXT(2) 
PARAMETRIC_REPRESENTATION_CONTEXT() REPRESENTATION_CONTEXT('2D SPACE',''
  ) );
#1345 = PCURVE('',#485,#1346);
#1346 = DEFINITIONAL_REPRESENTATION('',(#1347),#1351);
#1347 = LINE('',#1348,#1349);
#1348 = CARTESIAN_POINT('',(0.,0.));
#1349 = VECTOR('',#1350,1.);
#1350 = DIRECTION('',(1.,0.));
#1351 = ( GEOMETRIC_REPRESENTATION_CONTEXT(2) 
PARAMETRIC_REPRESENTATION_CONTEXT() REPRESENTATION_CONTEXT('2D SPACE',''
  ) );
#1352 = ORIENTED_EDGE('',*,*,#1353,.F.);
#1353 = EDGE_CURVE('',#1307,#1331,#1354,.T.);
#1354 = SURFACE_CURVE('',#1355,(#1359,#1366),.PCURVE_S1.);
#1355 = LINE('',#1356,#1357);
#1356 = CARTESIAN_POINT('',(-0.2,-35.2,0.2));
#1357 = VECTOR('',#1358,1.);
#1358 = DIRECTION('',(0.,1.,0.));
#1359 = PCURVE('',#457,#1360);
#1360 = DEFINITIONAL_REPRESENTATION('',(#1361),#1365);
#1361 = LINE('',#1362,#1363);
#1362 = CARTESIAN_POINT('',(15.4,0.));
#1363 = VECTOR('',#1364,1.);
#1364 = DIRECTION('',(0.,-1.));
#1365 = ( GEOMETRIC_REPRESENTATION_CONTEXT(2) 
PARAMETRIC_REPRESENTATION_CONTEXT() REPRESENTATION_CONTEXT('2D SPACE',''
  ) );
#1366 = PCURVE('',#1367,#1372);
#1367 = PLANE('',#1368);
#1368 = AXIS2_PLACEMENT_3D('',#1369,#1370,#1371);
#1369 = CARTESIAN_POINT('',(-0.2,-35.2,0.2));
#1370 = DIRECTION('',(0.,0.,1.));
#1371 = DIRECTION('',(1.,0.,0.));
#1372 = DEFINITIONAL_REPRESENTATION('',(#1373),#1377);
#1373 = LINE('',#1374,#1375);
#1374 = CARTESIAN_POINT('',(0.,0.));
#1375 = VECTOR('',#1376,1.);
#1376 = DIRECTION('',(0.,1.));
#1377 = ( GEOMETRIC_REPRESENTATION_CONTEXT(2) 
PARAMETRIC_REPRESENTATION_CONTEXT() REPRESENTATION_CONTEXT('2D SPACE',''
  ) );
#1378 = ADVANCED_FACE('',(#1379),#485,.F.);
#1379 = FACE_BOUND('',#1380,.F.);
#1380 = EDGE_LOOP('',(#1381,#1382,#1383,#1406));
#1381 = ORIENTED_EDGE('',*,*,#469,.F.);
#1382 = ORIENTED_EDGE('',*,*,#1330,.T.);
#1383 = ORIENTED_EDGE('',*,*,#1384,.T.);
#1384 = EDGE_CURVE('',#1331,#1385,#1387,.T.);
#1385 = VERTEX_POINT('',#1386);
#1386 = CARTESIAN_POINT('',(77.2,0.2,0.2));
#1387 = SURFACE_CURVE('',#1388,(#1392,#1399),.PCURVE_S1.);
#1388 = LINE('',#1389,#1390);
#1389 = CARTESIAN_POINT('',(-0.2,0.2,0.2));
#1390 = VECTOR('',#1391,1.);
#1391 = DIRECTION('',(1.,0.,0.));
#1392 = PCURVE('',#485,#1393);
#1393 = DEFINITIONAL_REPRESENTATION('',(#1394),#1398);
#1394 = LINE('',#1395,#1396);
#1395 = CARTESIAN_POINT('',(15.4,0.));
#1396 = VECTOR('',#1397,1.);
#1397 = DIRECTION('',(0.,1.));
#1398 = ( GEOMETRIC_REPRESENTATION_CONTEXT(2) 
PARAMETRIC_REPRESENTATION_CONTEXT() REPRESENTATION_CONTEXT('2D SPACE',''
  ) );
#1399 = PCURVE('',#1367,#1400);
#1400 = DEFINITIONAL_REPRESENTATION('',(#1401),#1405);
#1401 = LINE('',#1402,#1403);
#1402 = CARTESIAN_POINT('',(0.,35.4));
#1403 = VECTOR('',#1404,1.);
#1404 = DIRECTION('',(1.,0.));
#1405 = ( GEOMETRIC_REPRESENTATION_CONTEXT(2) 
PARAMETRIC_REPRESENTATION_CONTEXT() REPRESENTATION_CONTEXT('2D SPACE',''
  ) );
#1406 = ORIENTED_EDGE('',*,*,#1407,.F.);
#1407 = EDGE_CURVE('',#470,#1385,#1408,.T.);
#1408 = SURFACE_CURVE('',#1409,(#1413,#1420),.PCURVE_S1.);
#1409 = LINE('',#1410,#1411);
#1410 = CARTESIAN_POINT('',(77.2,0.2,-15.2));
#1411 = VECTOR('',#1412,1.);
#1412 = DIRECTION('',(0.,0.,1.));
#1413 = PCURVE('',#485,#1414);
#1414 = DEFINITIONAL_REPRESENTATION('',(#1415),#1419);
#1415 = LINE('',#1416,#1417);
#1416 = CARTESIAN_POINT('',(0.,77.4));
#1417 = VECTOR('',#1418,1.);
#1418 = DIRECTION('',(1.,0.));
#1419 = ( GEOMETRIC_REPRESENTATION_CONTEXT(2) 
PARAMETRIC_REPRESENTATION_CONTEXT() REPRESENTATION_CONTEXT('2D SPACE',''
  ) );
#1420 = PCURVE('',#513,#1421);
#1421 = DEFINITIONAL_REPRESENTATION('',(#1422),#1426);
#1422 = LINE('',#1423,#1424);
#1423 = CARTESIAN_POINT('',(0.,-35.4));
#1424 = VECTOR('',#1425,1.);
#1425 = DIRECTION('',(1.,0.));
#1426 = ( GEOMETRIC_REPRESENTATION_CONTEXT(2) 
PARAMETRIC_REPRESENTATION_CONTEXT() REPRESENTATION_CONTEXT('2D SPACE',''
  ) );
#1427 = ADVANCED_FACE('',(#1428,#1476),#539,.T.);
#1428 = FACE_BOUND('',#1429,.T.);
#1429 = EDGE_LOOP('',(#1430,#1431,#1432,#1455));
#1430 = ORIENTED_EDGE('',*,*,#525,.F.);
#1431 = ORIENTED_EDGE('',*,*,#1306,.T.);
#1432 = ORIENTED_EDGE('',*,*,#1433,.T.);
#1433 = EDGE_CURVE('',#1307,#1434,#1436,.T.);
#1434 = VERTEX_POINT('',#1435);
#1435 = CARTESIAN_POINT('',(77.2,-35.2,0.2));
#1436 = SURFACE_CURVE('',#1437,(#1441,#1448),.PCURVE_S1.);
#1437 = LINE('',#1438,#1439);
#1438 = CARTESIAN_POINT('',(-0.2,-35.2,0.2));
#1439 = VECTOR('',#1440,1.);
#1440 = DIRECTION('',(1.,0.,0.));
#1441 = PCURVE('',#539,#1442);
#1442 = DEFINITIONAL_REPRESENTATION('',(#1443),#1447);
#1443 = LINE('',#1444,#1445);
#1444 = CARTESIAN_POINT('',(15.4,0.));
#1445 = VECTOR('',#1446,1.);
#1446 = DIRECTION('',(0.,1.));
#1447 = ( GEOMETRIC_REPRESENTATION_CONTEXT(2) 
PARAMETRIC_REPRESENTATION_CONTEXT() REPRESENTATION_CONTEXT('2D SPACE',''
  ) );
#1448 = PCURVE('',#1367,#1449);
#1449 = DEFINITIONAL_REPRESENTATION('',(#1450),#1454);
#1450 = LINE('',#1451,#1452);
#1451 = CARTESIAN_POINT('',(0.,0.));
#1452 = VECTOR('',#1453,1.);
#1453 = DIRECTION('',(1.,0.));
#1454 = ( GEOMETRIC_REPRESENTATION_CONTEXT(2) 
PARAMETRIC_REPRESENTATION_CONTEXT() REPRESENTATION_CONTEXT('2D SPACE',''
  ) );
#1455 = ORIENTED_EDGE('',*,*,#1456,.F.);
#1456 = EDGE_CURVE('',#498,#1434,#1457,.T.);
#1457 = SURFACE_CURVE('',#1458,(#1462,#1469),.PCURVE_S1.);
#1458 = LINE('',#1459,#1460);
#1459 = CARTESIAN_POINT('',(77.2,-35.2,-15.2));
#1460 = VECTOR('',#1461,1.);
#1461 = DIRECTION('',(0.,0.,1.));
#1462 = PCURVE('',#539,#1463);
#1463 = DEFINITIONAL_REPRESENTATION('',(#1464),#1468);
#1464 = LINE('',#1465,#1466);
#1465 = CARTESIAN_POINT('',(0.,77.4));
#1466 = VECTOR('',#1467,1.);
#1467 = DIRECTION('',(1.,0.));
#1468 = ( GEOMETRIC_REPRESENTATION_CONTEXT(2) 
PARAMETRIC_REPRESENTATION_CONTEXT() REPRESENTATION_CONTEXT('2D SPACE',''
  ) );
#1469 = PCURVE('',#513,#1470);
#1470 = DEFINITIONAL_REPRESENTATION('',(#1471),#1475);
#1471 = LINE('',#1472,#1473);
#1472 = CARTESIAN_POINT('',(0.,0.));
#1473 = VECTOR('',#1474,1.);
#1474 = DIRECTION('',(1.,0.));
#1475 = ( GEOMETRIC_REPRESENTATION_CONTEXT(2) 
PARAMETRIC_REPRESENTATION_CONTEXT() REPRESENTATION_CONTEXT('2D SPACE',''
  ) );
#1476 = FACE_BOUND('',#1477,.T.);
#1477 = EDGE_LOOP('',(#1478,#1506,#1532,#1558));
#1478 = ORIENTED_EDGE('',*,*,#1479,.F.);
#1479 = EDGE_CURVE('',#1480,#1482,#1484,.T.);
#1480 = VERTEX_POINT('',#1481);
#1481 = CARTESIAN_POINT('',(14.3,-35.2,-2.9));
#1482 = VERTEX_POINT('',#1483);
#1483 = CARTESIAN_POINT('',(21.7,-35.2,-2.9));
#1484 = SURFACE_CURVE('',#1485,(#1489,#1495),.PCURVE_S1.);
#1485 = LINE('',#1486,#1487);
#1486 = CARTESIAN_POINT('',(7.05,-35.2,-2.9));
#1487 = VECTOR('',#1488,1.);
#1488 = DIRECTION('',(1.,0.,0.));
#1489 = PCURVE('',#539,#1490);
#1490 = DEFINITIONAL_REPRESENTATION('',(#1491),#1494);
#1491 = B_SPLINE_CURVE_WITH_KNOTS('',1,(#1492,#1493),.UNSPECIFIED.,.F.,
  .F.,(2,2),(7.25,14.65),.PIECEWISE_BEZIER_KNOTS.);
#1492 = CARTESIAN_POINT('',(12.3,14.5));
#1493 = CARTESIAN_POINT('',(12.3,21.9));
#1494 = ( GEOMETRIC_REPRESENTATION_CONTEXT(2) 
PARAMETRIC_REPRESENTATION_CONTEXT() REPRESENTATION_CONTEXT('2D SPACE',''
  ) );
#1495 = PCURVE('',#1496,#1501);
#1496 = PLANE('',#1497);
#1497 = AXIS2_PLACEMENT_3D('',#1498,#1499,#1500);
#1498 = CARTESIAN_POINT('',(14.3,-40.2,-2.9));
#1499 = DIRECTION('',(0.,0.,1.));
#1500 = DIRECTION('',(1.,0.,0.));
#1501 = DEFINITIONAL_REPRESENTATION('',(#1502),#1505);
#1502 = B_SPLINE_CURVE_WITH_KNOTS('',1,(#1503,#1504),.UNSPECIFIED.,.F.,
  .F.,(2,2),(7.25,14.65),.PIECEWISE_BEZIER_KNOTS.);
#1503 = CARTESIAN_POINT('',(0.,5.));
#1504 = CARTESIAN_POINT('',(7.4,5.));
#1505 = ( GEOMETRIC_REPRESENTATION_CONTEXT(2) 
PARAMETRIC_REPRESENTATION_CONTEXT() REPRESENTATION_CONTEXT('2D SPACE',''
  ) );
#1506 = ORIENTED_EDGE('',*,*,#1507,.T.);
#1507 = EDGE_CURVE('',#1480,#1508,#1510,.T.);
#1508 = VERTEX_POINT('',#1509);
#1509 = CARTESIAN_POINT('',(14.3,-35.2,-7.1));
#1510 = SURFACE_CURVE('',#1511,(#1515,#1521),.PCURVE_S1.);
#1511 = LINE('',#1512,#1513);
#1512 = CARTESIAN_POINT('',(14.3,-35.2,-11.15));
#1513 = VECTOR('',#1514,1.);
#1514 = DIRECTION('',(0.,0.,-1.));
#1515 = PCURVE('',#539,#1516);
#1516 = DEFINITIONAL_REPRESENTATION('',(#1517),#1520);
#1517 = B_SPLINE_CURVE_WITH_KNOTS('',1,(#1518,#1519),.UNSPECIFIED.,.F.,
  .F.,(2,2),(-8.25,-4.05),.PIECEWISE_BEZIER_KNOTS.);
#1518 = CARTESIAN_POINT('',(12.3,14.5));
#1519 = CARTESIAN_POINT('',(8.1,14.5));
#1520 = ( GEOMETRIC_REPRESENTATION_CONTEXT(2) 
PARAMETRIC_REPRESENTATION_CONTEXT() REPRESENTATION_CONTEXT('2D SPACE',''
  ) );
#1521 = PCURVE('',#1522,#1527);
#1522 = PLANE('',#1523);
#1523 = AXIS2_PLACEMENT_3D('',#1524,#1525,#1526);
#1524 = CARTESIAN_POINT('',(14.3,-40.2,-7.1));
#1525 = DIRECTION('',(1.,0.,0.));
#1526 = DIRECTION('',(0.,0.,1.));
#1527 = DEFINITIONAL_REPRESENTATION('',(#1528),#1531);
#1528 = B_SPLINE_CURVE_WITH_KNOTS('',1,(#1529,#1530),.UNSPECIFIED.,.F.,
  .F.,(2,2),(-8.25,-4.05),.PIECEWISE_BEZIER_KNOTS.);
#1529 = CARTESIAN_POINT('',(4.2,-5.));
#1530 = CARTESIAN_POINT('',(0.,-5.));
#1531 = ( GEOMETRIC_REPRESENTATION_CONTEXT(2) 
PARAMETRIC_REPRESENTATION_CONTEXT() REPRESENTATION_CONTEXT('2D SPACE',''
  ) );
#1532 = ORIENTED_EDGE('',*,*,#1533,.T.);
#1533 = EDGE_CURVE('',#1508,#1534,#1536,.T.);
#1534 = VERTEX_POINT('',#1535);
#1535 = CARTESIAN_POINT('',(21.7,-35.2,-7.1));
#1536 = SURFACE_CURVE('',#1537,(#1541,#1547),.PCURVE_S1.);
#1537 = LINE('',#1538,#1539);
#1538 = CARTESIAN_POINT('',(7.05,-35.2,-7.1));
#1539 = VECTOR('',#1540,1.);
#1540 = DIRECTION('',(1.,0.,0.));
#1541 = PCURVE('',#539,#1542);
#1542 = DEFINITIONAL_REPRESENTATION('',(#1543),#1546);
#1543 = B_SPLINE_CURVE_WITH_KNOTS('',1,(#1544,#1545),.UNSPECIFIED.,.F.,
  .F.,(2,2),(7.25,14.65),.PIECEWISE_BEZIER_KNOTS.);
#1544 = CARTESIAN_POINT('',(8.1,14.5));
#1545 = CARTESIAN_POINT('',(8.1,21.9));
#1546 = ( GEOMETRIC_REPRESENTATION_CONTEXT(2) 
PARAMETRIC_REPRESENTATION_CONTEXT() REPRESENTATION_CONTEXT('2D SPACE',''
  ) );
#1547 = PCURVE('',#1548,#1553);
#1548 = PLANE('',#1549);
#1549 = AXIS2_PLACEMENT_3D('',#1550,#1551,#1552);
#1550 = CARTESIAN_POINT('',(14.3,-40.2,-7.1));
#1551 = DIRECTION('',(0.,0.,1.));
#1552 = DIRECTION('',(1.,0.,0.));
#1553 = DEFINITIONAL_REPRESENTATION('',(#1554),#1557);
#1554 = B_SPLINE_CURVE_WITH_KNOTS('',1,(#1555,#1556),.UNSPECIFIED.,.F.,
  .F.,(2,2),(7.25,14.65),.PIECEWISE_BEZIER_KNOTS.);
#1555 = CARTESIAN_POINT('',(0.,5.));
#1556 = CARTESIAN_POINT('',(7.4,5.));
#1557 = ( GEOMETRIC_REPRESENTATION_CONTEXT(2) 
PARAMETRIC_REPRESENTATION_CONTEXT() REPRESENTATION_CONTEXT('2D SPACE',''
  ) );
#1558 = ORIENTED_EDGE('',*,*,#1559,.F.);
#1559 = EDGE_CURVE('',#1482,#1534,#1560,.T.);
#1560 = SURFACE_CURVE('',#1561,(#1565,#1571),.PCURVE_S1.);
#1561 = LINE('',#1562,#1563);
#1562 = CARTESIAN_POINT('',(21.7,-35.2,-11.15));
#1563 = VECTOR('',#1564,1.);
#1564 = DIRECTION('',(0.,0.,-1.));
#1565 = PCURVE('',#539,#1566);
#1566 = DEFINITIONAL_REPRESENTATION('',(#1567),#1570);
#1567 = B_SPLINE_CURVE_WITH_KNOTS('',1,(#1568,#1569),.UNSPECIFIED.,.F.,
  .F.,(2,2),(-8.25,-4.05),.PIECEWISE_BEZIER_KNOTS.);
#1568 = CARTESIAN_POINT('',(12.3,21.9));
#1569 = CARTESIAN_POINT('',(8.1,21.9));
#1570 = ( GEOMETRIC_REPRESENTATION_CONTEXT(2) 
PARAMETRIC_REPRESENTATION_CONTEXT() REPRESENTATION_CONTEXT('2D SPACE',''
  ) );
#1571 = PCURVE('',#1572,#1577);
#1572 = PLANE('',#1573);
#1573 = AXIS2_PLACEMENT_3D('',#1574,#1575,#1576);
#1574 = CARTESIAN_POINT('',(21.7,-40.2,-7.1));
#1575 = DIRECTION('',(1.,0.,0.));
#1576 = DIRECTION('',(0.,0.,1.));
#1577 = DEFINITIONAL_REPRESENTATION('',(#1578),#1581);
#1578 = B_SPLINE_CURVE_WITH_KNOTS('',1,(#1579,#1580),.UNSPECIFIED.,.F.,
  .F.,(2,2),(-8.25,-4.05),.PIECEWISE_BEZIER_KNOTS.);
#1579 = CARTESIAN_POINT('',(4.2,-5.));
#1580 = CARTESIAN_POINT('',(0.,-5.));
#1581 = ( GEOMETRIC_REPRESENTATION_CONTEXT(2) 
PARAMETRIC_REPRESENTATION_CONTEXT() REPRESENTATION_CONTEXT('2D SPACE',''
  ) );
#1582 = ADVANCED_FACE('',(#1583,#1609),#513,.F.);
#1583 = FACE_BOUND('',#1584,.F.);
#1584 = EDGE_LOOP('',(#1585,#1586,#1587,#1588));
#1585 = ORIENTED_EDGE('',*,*,#1456,.F.);
#1586 = ORIENTED_EDGE('',*,*,#497,.T.);
#1587 = ORIENTED_EDGE('',*,*,#1407,.T.);
#1588 = ORIENTED_EDGE('',*,*,#1589,.F.);
#1589 = EDGE_CURVE('',#1434,#1385,#1590,.T.);
#1590 = SURFACE_CURVE('',#1591,(#1595,#1602),.PCURVE_S1.);
#1591 = LINE('',#1592,#1593);
#1592 = CARTESIAN_POINT('',(77.2,-35.2,0.2));
#1593 = VECTOR('',#1594,1.);
#1594 = DIRECTION('',(0.,1.,0.));
#1595 = PCURVE('',#513,#1596);
#1596 = DEFINITIONAL_REPRESENTATION('',(#1597),#1601);
#1597 = LINE('',#1598,#1599);
#1598 = CARTESIAN_POINT('',(15.4,0.));
#1599 = VECTOR('',#1600,1.);
#1600 = DIRECTION('',(0.,-1.));
#1601 = ( GEOMETRIC_REPRESENTATION_CONTEXT(2) 
PARAMETRIC_REPRESENTATION_CONTEXT() REPRESENTATION_CONTEXT('2D SPACE',''
  ) );
#1602 = PCURVE('',#1367,#1603);
#1603 = DEFINITIONAL_REPRESENTATION('',(#1604),#1608);
#1604 = LINE('',#1605,#1606);
#1605 = CARTESIAN_POINT('',(77.4,0.));
#1606 = VECTOR('',#1607,1.);
#1607 = DIRECTION('',(0.,1.));
#1608 = ( GEOMETRIC_REPRESENTATION_CONTEXT(2) 
PARAMETRIC_REPRESENTATION_CONTEXT() REPRESENTATION_CONTEXT('2D SPACE',''
  ) );
#1609 = FACE_BOUND('',#1610,.F.);
#1610 = EDGE_LOOP('',(#1611,#1639,#1665,#1691));
#1611 = ORIENTED_EDGE('',*,*,#1612,.T.);
#1612 = EDGE_CURVE('',#1613,#1615,#1617,.T.);
#1613 = VERTEX_POINT('',#1614);
#1614 = CARTESIAN_POINT('',(77.2,-11.16,-11.55));
#1615 = VERTEX_POINT('',#1616);
#1616 = CARTESIAN_POINT('',(77.2,-21.84,-11.55));
#1617 = SURFACE_CURVE('',#1618,(#1622,#1628),.PCURVE_S1.);
#1618 = LINE('',#1619,#1620);
#1619 = CARTESIAN_POINT('',(77.2,-28.52,-11.55));
#1620 = VECTOR('',#1621,1.);
#1621 = DIRECTION('',(0.,-1.,0.));
#1622 = PCURVE('',#513,#1623);
#1623 = DEFINITIONAL_REPRESENTATION('',(#1624),#1627);
#1624 = B_SPLINE_CURVE_WITH_KNOTS('',1,(#1625,#1626),.UNSPECIFIED.,.F.,
  .F.,(2,2),(-17.36,-6.68),.PIECEWISE_BEZIER_KNOTS.);
#1625 = CARTESIAN_POINT('',(3.65,-24.04));
#1626 = CARTESIAN_POINT('',(3.65,-13.36));
#1627 = ( GEOMETRIC_REPRESENTATION_CONTEXT(2) 
PARAMETRIC_REPRESENTATION_CONTEXT() REPRESENTATION_CONTEXT('2D SPACE',''
  ) );
#1628 = PCURVE('',#1629,#1634);
#1629 = PLANE('',#1630);
#1630 = AXIS2_PLACEMENT_3D('',#1631,#1632,#1633);
#1631 = CARTESIAN_POINT('',(76.5,-21.84,-11.55));
#1632 = DIRECTION('',(0.,0.,1.));
#1633 = DIRECTION('',(1.,0.,0.));
#1634 = DEFINITIONAL_REPRESENTATION('',(#1635),#1638);
#1635 = B_SPLINE_CURVE_WITH_KNOTS('',1,(#1636,#1637),.UNSPECIFIED.,.F.,
  .F.,(2,2),(-17.36,-6.68),.PIECEWISE_BEZIER_KNOTS.);
#1636 = CARTESIAN_POINT('',(0.7,10.68));
#1637 = CARTESIAN_POINT('',(0.7,0.));
#1638 = ( GEOMETRIC_REPRESENTATION_CONTEXT(2) 
PARAMETRIC_REPRESENTATION_CONTEXT() REPRESENTATION_CONTEXT('2D SPACE',''
  ) );
#1639 = ORIENTED_EDGE('',*,*,#1640,.T.);
#1640 = EDGE_CURVE('',#1615,#1641,#1643,.T.);
#1641 = VERTEX_POINT('',#1642);
#1642 = CARTESIAN_POINT('',(77.2,-21.84,-6.45));
#1643 = SURFACE_CURVE('',#1644,(#1648,#1654),.PCURVE_S1.);
#1644 = LINE('',#1645,#1646);
#1645 = CARTESIAN_POINT('',(77.2,-21.84,-13.375));
#1646 = VECTOR('',#1647,1.);
#1647 = DIRECTION('',(0.,0.,1.));
#1648 = PCURVE('',#513,#1649);
#1649 = DEFINITIONAL_REPRESENTATION('',(#1650),#1653);
#1650 = B_SPLINE_CURVE_WITH_KNOTS('',1,(#1651,#1652),.UNSPECIFIED.,.F.,
  .F.,(2,2),(1.825,6.925),.PIECEWISE_BEZIER_KNOTS.);
#1651 = CARTESIAN_POINT('',(3.65,-13.36));
#1652 = CARTESIAN_POINT('',(8.75,-13.36));
#1653 = ( GEOMETRIC_REPRESENTATION_CONTEXT(2) 
PARAMETRIC_REPRESENTATION_CONTEXT() REPRESENTATION_CONTEXT('2D SPACE',''
  ) );
#1654 = PCURVE('',#1655,#1660);
#1655 = PLANE('',#1656);
#1656 = AXIS2_PLACEMENT_3D('',#1657,#1658,#1659);
#1657 = CARTESIAN_POINT('',(76.5,-21.84,-11.55));
#1658 = DIRECTION('',(0.,1.,0.));
#1659 = DIRECTION('',(0.,0.,1.));
#1660 = DEFINITIONAL_REPRESENTATION('',(#1661),#1664);
#1661 = B_SPLINE_CURVE_WITH_KNOTS('',1,(#1662,#1663),.UNSPECIFIED.,.F.,
  .F.,(2,2),(1.825,6.925),.PIECEWISE_BEZIER_KNOTS.);
#1662 = CARTESIAN_POINT('',(0.,0.7));
#1663 = CARTESIAN_POINT('',(5.1,0.7));
#1664 = ( GEOMETRIC_REPRESENTATION_CONTEXT(2) 
PARAMETRIC_REPRESENTATION_CONTEXT() REPRESENTATION_CONTEXT('2D SPACE',''
  ) );
#1665 = ORIENTED_EDGE('',*,*,#1666,.F.);
#1666 = EDGE_CURVE('',#1667,#1641,#1669,.T.);
#1667 = VERTEX_POINT('',#1668);
#1668 = CARTESIAN_POINT('',(77.2,-11.16,-6.45));
#1669 = SURFACE_CURVE('',#1670,(#1674,#1680),.PCURVE_S1.);
#1670 = LINE('',#1671,#1672);
#1671 = CARTESIAN_POINT('',(77.2,-28.52,-6.45));
#1672 = VECTOR('',#1673,1.);
#1673 = DIRECTION('',(0.,-1.,0.));
#1674 = PCURVE('',#513,#1675);
#1675 = DEFINITIONAL_REPRESENTATION('',(#1676),#1679);
#1676 = B_SPLINE_CURVE_WITH_KNOTS('',1,(#1677,#1678),.UNSPECIFIED.,.F.,
  .F.,(2,2),(-17.36,-6.68),.PIECEWISE_BEZIER_KNOTS.);
#1677 = CARTESIAN_POINT('',(8.75,-24.04));
#1678 = CARTESIAN_POINT('',(8.75,-13.36));
#1679 = ( GEOMETRIC_REPRESENTATION_CONTEXT(2) 
PARAMETRIC_REPRESENTATION_CONTEXT() REPRESENTATION_CONTEXT('2D SPACE',''
  ) );
#1680 = PCURVE('',#1681,#1686);
#1681 = PLANE('',#1682);
#1682 = AXIS2_PLACEMENT_3D('',#1683,#1684,#1685);
#1683 = CARTESIAN_POINT('',(76.5,-21.84,-6.45));
#1684 = DIRECTION('',(0.,0.,1.));
#1685 = DIRECTION('',(1.,0.,0.));
#1686 = DEFINITIONAL_REPRESENTATION('',(#1687),#1690);
#1687 = B_SPLINE_CURVE_WITH_KNOTS('',1,(#1688,#1689),.UNSPECIFIED.,.F.,
  .F.,(2,2),(-17.36,-6.68),.PIECEWISE_BEZIER_KNOTS.);
#1688 = CARTESIAN_POINT('',(0.7,10.68));
#1689 = CARTESIAN_POINT('',(0.7,0.));
#1690 = ( GEOMETRIC_REPRESENTATION_CONTEXT(2) 
PARAMETRIC_REPRESENTATION_CONTEXT() REPRESENTATION_CONTEXT('2D SPACE',''
  ) );
#1691 = ORIENTED_EDGE('',*,*,#1692,.F.);
#1692 = EDGE_CURVE('',#1613,#1667,#1693,.T.);
#1693 = SURFACE_CURVE('',#1694,(#1698,#1704),.PCURVE_S1.);
#1694 = LINE('',#1695,#1696);
#1695 = CARTESIAN_POINT('',(77.2,-11.16,-13.375));
#1696 = VECTOR('',#1697,1.);
#1697 = DIRECTION('',(0.,0.,1.));
#1698 = PCURVE('',#513,#1699);
#1699 = DEFINITIONAL_REPRESENTATION('',(#1700),#1703);
#1700 = B_SPLINE_CURVE_WITH_KNOTS('',1,(#1701,#1702),.UNSPECIFIED.,.F.,
  .F.,(2,2),(1.825,6.925),.PIECEWISE_BEZIER_KNOTS.);
#1701 = CARTESIAN_POINT('',(3.65,-24.04));
#1702 = CARTESIAN_POINT('',(8.75,-24.04));
#1703 = ( GEOMETRIC_REPRESENTATION_CONTEXT(2) 
PARAMETRIC_REPRESENTATION_CONTEXT() REPRESENTATION_CONTEXT('2D SPACE',''
  ) );
#1704 = PCURVE('',#1705,#1710);
#1705 = PLANE('',#1706);
#1706 = AXIS2_PLACEMENT_3D('',#1707,#1708,#1709);
#1707 = CARTESIAN_POINT('',(76.5,-11.16,-11.55));
#1708 = DIRECTION('',(0.,1.,0.));
#1709 = DIRECTION('',(0.,0.,1.));
#1710 = DEFINITIONAL_REPRESENTATION('',(#1711),#1714);
#1711 = B_SPLINE_CURVE_WITH_KNOTS('',1,(#1712,#1713),.UNSPECIFIED.,.F.,
  .F.,(2,2),(1.825,6.925),.PIECEWISE_BEZIER_KNOTS.);
#1712 = CARTESIAN_POINT('',(0.,0.7));
#1713 = CARTESIAN_POINT('',(5.1,0.7));
#1714 = ( GEOMETRIC_REPRESENTATION_CONTEXT(2) 
PARAMETRIC_REPRESENTATION_CONTEXT() REPRESENTATION_CONTEXT('2D SPACE',''
  ) );
#1715 = ADVANCED_FACE('',(#1716),#574,.F.);
#1716 = FACE_BOUND('',#1717,.T.);
#1717 = EDGE_LOOP('',(#1718,#1719,#1742,#1769));
#1718 = ORIENTED_EDGE('',*,*,#553,.T.);
#1719 = ORIENTED_EDGE('',*,*,#1720,.T.);
#1720 = EDGE_CURVE('',#554,#1721,#1723,.T.);
#1721 = VERTEX_POINT('',#1722);
#1722 = CARTESIAN_POINT('',(67.35,2.2,-6.2));
#1723 = SEAM_CURVE('',#1724,(#1728,#1735),.PCURVE_S1.);
#1724 = LINE('',#1725,#1726);
#1725 = CARTESIAN_POINT('',(67.35,2.2,-15.3));
#1726 = VECTOR('',#1727,1.);
#1727 = DIRECTION('',(0.,0.,1.));
#1728 = PCURVE('',#574,#1729);
#1729 = DEFINITIONAL_REPRESENTATION('',(#1730),#1734);
#1730 = LINE('',#1731,#1732);
#1731 = CARTESIAN_POINT('',(-6.28318530718,0.));
#1732 = VECTOR('',#1733,1.);
#1733 = DIRECTION('',(-0.,-1.));
#1734 = ( GEOMETRIC_REPRESENTATION_CONTEXT(2) 
PARAMETRIC_REPRESENTATION_CONTEXT() REPRESENTATION_CONTEXT('2D SPACE',''
  ) );
#1735 = PCURVE('',#574,#1736);
#1736 = DEFINITIONAL_REPRESENTATION('',(#1737),#1741);
#1737 = LINE('',#1738,#1739);
#1738 = CARTESIAN_POINT('',(-0.,0.));
#1739 = VECTOR('',#1740,1.);
#1740 = DIRECTION('',(-0.,-1.));
#1741 = ( GEOMETRIC_REPRESENTATION_CONTEXT(2) 
PARAMETRIC_REPRESENTATION_CONTEXT() REPRESENTATION_CONTEXT('2D SPACE',''
  ) );
#1742 = ORIENTED_EDGE('',*,*,#1743,.T.);
#1743 = EDGE_CURVE('',#1721,#1721,#1744,.T.);
#1744 = SURFACE_CURVE('',#1745,(#1750,#1757),.PCURVE_S1.);
#1745 = CIRCLE('',#1746,0.85);
#1746 = AXIS2_PLACEMENT_3D('',#1747,#1748,#1749);
#1747 = CARTESIAN_POINT('',(66.5,2.2,-6.2));
#1748 = DIRECTION('',(0.,0.,1.));
#1749 = DIRECTION('',(1.,0.,0.));
#1750 = PCURVE('',#574,#1751);
#1751 = DEFINITIONAL_REPRESENTATION('',(#1752),#1756);
#1752 = LINE('',#1753,#1754);
#1753 = CARTESIAN_POINT('',(-0.,-9.1));
#1754 = VECTOR('',#1755,1.);
#1755 = DIRECTION('',(-1.,0.));
#1756 = ( GEOMETRIC_REPRESENTATION_CONTEXT(2) 
PARAMETRIC_REPRESENTATION_CONTEXT() REPRESENTATION_CONTEXT('2D SPACE',''
  ) );
#1757 = PCURVE('',#1758,#1763);
#1758 = PLANE('',#1759);
#1759 = AXIS2_PLACEMENT_3D('',#1760,#1761,#1762);
#1760 = CARTESIAN_POINT('',(66.5,2.2,-6.2));
#1761 = DIRECTION('',(0.,0.,1.));
#1762 = DIRECTION('',(1.,0.,-0.));
#1763 = DEFINITIONAL_REPRESENTATION('',(#1764),#1768);
#1764 = CIRCLE('',#1765,0.85);
#1765 = AXIS2_PLACEMENT_2D('',#1766,#1767);
#1766 = CARTESIAN_POINT('',(0.,0.));
#1767 = DIRECTION('',(1.,0.));
#1768 = ( GEOMETRIC_REPRESENTATION_CONTEXT(2) 
PARAMETRIC_REPRESENTATION_CONTEXT() REPRESENTATION_CONTEXT('2D SPACE',''
  ) );
#1769 = ORIENTED_EDGE('',*,*,#1720,.F.);
#1770 = ADVANCED_FACE('',(#1771),#795,.T.);
#1771 = FACE_BOUND('',#1772,.T.);
#1772 = EDGE_LOOP('',(#1773,#1796,#1797,#1820));
#1773 = ORIENTED_EDGE('',*,*,#1774,.F.);
#1774 = EDGE_CURVE('',#777,#1775,#1777,.T.);
#1775 = VERTEX_POINT('',#1776);
#1776 = CARTESIAN_POINT('',(73.2,-38.8,-13.7));
#1777 = SURFACE_CURVE('',#1778,(#1782,#1789),.PCURVE_S1.);
#1778 = LINE('',#1779,#1780);
#1779 = CARTESIAN_POINT('',(73.2,-38.8,-14.3));
#1780 = VECTOR('',#1781,1.);
#1781 = DIRECTION('',(0.,0.,1.));
#1782 = PCURVE('',#795,#1783);
#1783 = DEFINITIONAL_REPRESENTATION('',(#1784),#1788);
#1784 = LINE('',#1785,#1786);
#1785 = CARTESIAN_POINT('',(0.,0.));
#1786 = VECTOR('',#1787,1.);
#1787 = DIRECTION('',(0.,1.));
#1788 = ( GEOMETRIC_REPRESENTATION_CONTEXT(2) 
PARAMETRIC_REPRESENTATION_CONTEXT() REPRESENTATION_CONTEXT('2D SPACE',''
  ) );
#1789 = PCURVE('',#822,#1790);
#1790 = DEFINITIONAL_REPRESENTATION('',(#1791),#1795);
#1791 = LINE('',#1792,#1793);
#1792 = CARTESIAN_POINT('',(76.,0.));
#1793 = VECTOR('',#1794,1.);
#1794 = DIRECTION('',(0.,-1.));
#1795 = ( GEOMETRIC_REPRESENTATION_CONTEXT(2) 
PARAMETRIC_REPRESENTATION_CONTEXT() REPRESENTATION_CONTEXT('2D SPACE',''
  ) );
#1796 = ORIENTED_EDGE('',*,*,#776,.T.);
#1797 = ORIENTED_EDGE('',*,*,#1798,.T.);
#1798 = EDGE_CURVE('',#779,#1799,#1801,.T.);
#1799 = VERTEX_POINT('',#1800);
#1800 = CARTESIAN_POINT('',(79.8,-32.2,-13.7));
#1801 = SURFACE_CURVE('',#1802,(#1806,#1813),.PCURVE_S1.);
#1802 = LINE('',#1803,#1804);
#1803 = CARTESIAN_POINT('',(79.8,-32.2,-14.3));
#1804 = VECTOR('',#1805,1.);
#1805 = DIRECTION('',(0.,0.,1.));
#1806 = PCURVE('',#795,#1807);
#1807 = DEFINITIONAL_REPRESENTATION('',(#1808),#1812);
#1808 = LINE('',#1809,#1810);
#1809 = CARTESIAN_POINT('',(1.570796326795,0.));
#1810 = VECTOR('',#1811,1.);
#1811 = DIRECTION('',(0.,1.));
#1812 = ( GEOMETRIC_REPRESENTATION_CONTEXT(2) 
PARAMETRIC_REPRESENTATION_CONTEXT() REPRESENTATION_CONTEXT('2D SPACE',''
  ) );
#1813 = PCURVE('',#985,#1814);
#1814 = DEFINITIONAL_REPRESENTATION('',(#1815),#1819);
#1815 = LINE('',#1816,#1817);
#1816 = CARTESIAN_POINT('',(6.6,0.));
#1817 = VECTOR('',#1818,1.);
#1818 = DIRECTION('',(0.,-1.));
#1819 = ( GEOMETRIC_REPRESENTATION_CONTEXT(2) 
PARAMETRIC_REPRESENTATION_CONTEXT() REPRESENTATION_CONTEXT('2D SPACE',''
  ) );
#1820 = ORIENTED_EDGE('',*,*,#1821,.F.);
#1821 = EDGE_CURVE('',#1775,#1799,#1822,.T.);
#1822 = SURFACE_CURVE('',#1823,(#1828,#1835),.PCURVE_S1.);
#1823 = CIRCLE('',#1824,6.6);
#1824 = AXIS2_PLACEMENT_3D('',#1825,#1826,#1827);
#1825 = CARTESIAN_POINT('',(73.2,-32.2,-13.7));
#1826 = DIRECTION('',(0.,0.,1.));
#1827 = DIRECTION('',(0.,-1.,0.));
#1828 = PCURVE('',#795,#1829);
#1829 = DEFINITIONAL_REPRESENTATION('',(#1830),#1834);
#1830 = LINE('',#1831,#1832);
#1831 = CARTESIAN_POINT('',(0.,0.6));
#1832 = VECTOR('',#1833,1.);
#1833 = DIRECTION('',(1.,0.));
#1834 = ( GEOMETRIC_REPRESENTATION_CONTEXT(2) 
PARAMETRIC_REPRESENTATION_CONTEXT() REPRESENTATION_CONTEXT('2D SPACE',''
  ) );
#1835 = PCURVE('',#1836,#1841);
#1836 = PLANE('',#1837);
#1837 = AXIS2_PLACEMENT_3D('',#1838,#1839,#1840);
#1838 = CARTESIAN_POINT('',(38.5,-17.5,-13.7));
#1839 = DIRECTION('',(0.,0.,1.));
#1840 = DIRECTION('',(1.,0.,-0.));
#1841 = DEFINITIONAL_REPRESENTATION('',(#1842),#1846);
#1842 = CIRCLE('',#1843,6.6);
#1843 = AXIS2_PLACEMENT_2D('',#1844,#1845);
#1844 = CARTESIAN_POINT('',(34.7,-14.7));
#1845 = DIRECTION('',(0.,-1.));
#1846 = ( GEOMETRIC_REPRESENTATION_CONTEXT(2) 
PARAMETRIC_REPRESENTATION_CONTEXT() REPRESENTATION_CONTEXT('2D SPACE',''
  ) );
#1847 = ADVANCED_FACE('',(#1848),#822,.F.);
#1848 = FACE_BOUND('',#1849,.F.);
#1849 = EDGE_LOOP('',(#1850,#1851,#1874,#1893));
#1850 = ORIENTED_EDGE('',*,*,#807,.T.);
#1851 = ORIENTED_EDGE('',*,*,#1852,.T.);
#1852 = EDGE_CURVE('',#808,#1853,#1855,.T.);
#1853 = VERTEX_POINT('',#1854);
#1854 = CARTESIAN_POINT('',(3.8,-38.8,-13.7));
#1855 = SURFACE_CURVE('',#1856,(#1860,#1867),.PCURVE_S1.);
#1856 = LINE('',#1857,#1858);
#1857 = CARTESIAN_POINT('',(3.8,-38.8,-14.3));
#1858 = VECTOR('',#1859,1.);
#1859 = DIRECTION('',(0.,0.,1.));
#1860 = PCURVE('',#822,#1861);
#1861 = DEFINITIONAL_REPRESENTATION('',(#1862),#1866);
#1862 = LINE('',#1863,#1864);
#1863 = CARTESIAN_POINT('',(6.6,0.));
#1864 = VECTOR('',#1865,1.);
#1865 = DIRECTION('',(0.,-1.));
#1866 = ( GEOMETRIC_REPRESENTATION_CONTEXT(2) 
PARAMETRIC_REPRESENTATION_CONTEXT() REPRESENTATION_CONTEXT('2D SPACE',''
  ) );
#1867 = PCURVE('',#850,#1868);
#1868 = DEFINITIONAL_REPRESENTATION('',(#1869),#1873);
#1869 = LINE('',#1870,#1871);
#1870 = CARTESIAN_POINT('',(-0.,0.));
#1871 = VECTOR('',#1872,1.);
#1872 = DIRECTION('',(-0.,1.));
#1873 = ( GEOMETRIC_REPRESENTATION_CONTEXT(2) 
PARAMETRIC_REPRESENTATION_CONTEXT() REPRESENTATION_CONTEXT('2D SPACE',''
  ) );
#1874 = ORIENTED_EDGE('',*,*,#1875,.F.);
#1875 = EDGE_CURVE('',#1775,#1853,#1876,.T.);
#1876 = SURFACE_CURVE('',#1877,(#1881,#1887),.PCURVE_S1.);
#1877 = LINE('',#1878,#1879);
#1878 = CARTESIAN_POINT('',(17.85,-38.8,-13.7));
#1879 = VECTOR('',#1880,1.);
#1880 = DIRECTION('',(-1.,0.,0.));
#1881 = PCURVE('',#822,#1882);
#1882 = DEFINITIONAL_REPRESENTATION('',(#1883),#1886);
#1883 = B_SPLINE_CURVE_WITH_KNOTS('',1,(#1884,#1885),.UNSPECIFIED.,.F.,
  .F.,(2,2),(-55.35,14.05),.PIECEWISE_BEZIER_KNOTS.);
#1884 = CARTESIAN_POINT('',(76.,-0.6));
#1885 = CARTESIAN_POINT('',(6.6,-0.6));
#1886 = ( GEOMETRIC_REPRESENTATION_CONTEXT(2) 
PARAMETRIC_REPRESENTATION_CONTEXT() REPRESENTATION_CONTEXT('2D SPACE',''
  ) );
#1887 = PCURVE('',#1836,#1888);
#1888 = DEFINITIONAL_REPRESENTATION('',(#1889),#1892);
#1889 = B_SPLINE_CURVE_WITH_KNOTS('',1,(#1890,#1891),.UNSPECIFIED.,.F.,
  .F.,(2,2),(-55.35,14.05),.PIECEWISE_BEZIER_KNOTS.);
#1890 = CARTESIAN_POINT('',(34.7,-21.3));
#1891 = CARTESIAN_POINT('',(-34.7,-21.3));
#1892 = ( GEOMETRIC_REPRESENTATION_CONTEXT(2) 
PARAMETRIC_REPRESENTATION_CONTEXT() REPRESENTATION_CONTEXT('2D SPACE',''
  ) );
#1893 = ORIENTED_EDGE('',*,*,#1774,.F.);
#1894 = ADVANCED_FACE('',(#1895),#985,.F.);
#1895 = FACE_BOUND('',#1896,.F.);
#1896 = EDGE_LOOP('',(#1897,#1898,#1899,#1920));
#1897 = ORIENTED_EDGE('',*,*,#972,.T.);
#1898 = ORIENTED_EDGE('',*,*,#1798,.T.);
#1899 = ORIENTED_EDGE('',*,*,#1900,.F.);
#1900 = EDGE_CURVE('',#1901,#1799,#1903,.T.);
#1901 = VERTEX_POINT('',#1902);
#1902 = CARTESIAN_POINT('',(79.8,-2.8,-13.7));
#1903 = SURFACE_CURVE('',#1904,(#1908,#1914),.PCURVE_S1.);
#1904 = LINE('',#1905,#1906);
#1905 = CARTESIAN_POINT('',(79.8,-28.15,-13.7));
#1906 = VECTOR('',#1907,1.);
#1907 = DIRECTION('',(0.,-1.,0.));
#1908 = PCURVE('',#985,#1909);
#1909 = DEFINITIONAL_REPRESENTATION('',(#1910),#1913);
#1910 = B_SPLINE_CURVE_WITH_KNOTS('',1,(#1911,#1912),.UNSPECIFIED.,.F.,
  .F.,(2,2),(-25.35,4.05),.PIECEWISE_BEZIER_KNOTS.);
#1911 = CARTESIAN_POINT('',(36.,-0.6));
#1912 = CARTESIAN_POINT('',(6.6,-0.6));
#1913 = ( GEOMETRIC_REPRESENTATION_CONTEXT(2) 
PARAMETRIC_REPRESENTATION_CONTEXT() REPRESENTATION_CONTEXT('2D SPACE',''
  ) );
#1914 = PCURVE('',#1836,#1915);
#1915 = DEFINITIONAL_REPRESENTATION('',(#1916),#1919);
#1916 = B_SPLINE_CURVE_WITH_KNOTS('',1,(#1917,#1918),.UNSPECIFIED.,.F.,
  .F.,(2,2),(-25.35,4.05),.PIECEWISE_BEZIER_KNOTS.);
#1917 = CARTESIAN_POINT('',(41.3,14.7));
#1918 = CARTESIAN_POINT('',(41.3,-14.7));
#1919 = ( GEOMETRIC_REPRESENTATION_CONTEXT(2) 
PARAMETRIC_REPRESENTATION_CONTEXT() REPRESENTATION_CONTEXT('2D SPACE',''
  ) );
#1920 = ORIENTED_EDGE('',*,*,#1921,.F.);
#1921 = EDGE_CURVE('',#944,#1901,#1922,.T.);
#1922 = SURFACE_CURVE('',#1923,(#1927,#1934),.PCURVE_S1.);
#1923 = LINE('',#1924,#1925);
#1924 = CARTESIAN_POINT('',(79.8,-2.8,-14.3));
#1925 = VECTOR('',#1926,1.);
#1926 = DIRECTION('',(0.,0.,1.));
#1927 = PCURVE('',#985,#1928);
#1928 = DEFINITIONAL_REPRESENTATION('',(#1929),#1933);
#1929 = LINE('',#1930,#1931);
#1930 = CARTESIAN_POINT('',(36.,0.));
#1931 = VECTOR('',#1932,1.);
#1932 = DIRECTION('',(0.,-1.));
#1933 = ( GEOMETRIC_REPRESENTATION_CONTEXT(2) 
PARAMETRIC_REPRESENTATION_CONTEXT() REPRESENTATION_CONTEXT('2D SPACE',''
  ) );
#1934 = PCURVE('',#960,#1935);
#1935 = DEFINITIONAL_REPRESENTATION('',(#1936),#1940);
#1936 = LINE('',#1937,#1938);
#1937 = CARTESIAN_POINT('',(0.,0.));
#1938 = VECTOR('',#1939,1.);
#1939 = DIRECTION('',(0.,1.));
#1940 = ( GEOMETRIC_REPRESENTATION_CONTEXT(2) 
PARAMETRIC_REPRESENTATION_CONTEXT() REPRESENTATION_CONTEXT('2D SPACE',''
  ) );
#1941 = ADVANCED_FACE('',(#1942),#850,.T.);
#1942 = FACE_BOUND('',#1943,.F.);
#1943 = EDGE_LOOP('',(#1944,#1945,#1946,#1969));
#1944 = ORIENTED_EDGE('',*,*,#1852,.F.);
#1945 = ORIENTED_EDGE('',*,*,#833,.F.);
#1946 = ORIENTED_EDGE('',*,*,#1947,.T.);
#1947 = EDGE_CURVE('',#834,#1948,#1950,.T.);
#1948 = VERTEX_POINT('',#1949);
#1949 = CARTESIAN_POINT('',(-2.8,-32.2,-13.7));
#1950 = SURFACE_CURVE('',#1951,(#1955,#1962),.PCURVE_S1.);
#1951 = LINE('',#1952,#1953);
#1952 = CARTESIAN_POINT('',(-2.8,-32.2,-14.3));
#1953 = VECTOR('',#1954,1.);
#1954 = DIRECTION('',(0.,0.,1.));
#1955 = PCURVE('',#850,#1956);
#1956 = DEFINITIONAL_REPRESENTATION('',(#1957),#1961);
#1957 = LINE('',#1958,#1959);
#1958 = CARTESIAN_POINT('',(-1.570796326795,0.));
#1959 = VECTOR('',#1960,1.);
#1960 = DIRECTION('',(-0.,1.));
#1961 = ( GEOMETRIC_REPRESENTATION_CONTEXT(2) 
PARAMETRIC_REPRESENTATION_CONTEXT() REPRESENTATION_CONTEXT('2D SPACE',''
  ) );
#1962 = PCURVE('',#877,#1963);
#1963 = DEFINITIONAL_REPRESENTATION('',(#1964),#1968);
#1964 = LINE('',#1965,#1966);
#1965 = CARTESIAN_POINT('',(36.,0.));
#1966 = VECTOR('',#1967,1.);
#1967 = DIRECTION('',(0.,-1.));
#1968 = ( GEOMETRIC_REPRESENTATION_CONTEXT(2) 
PARAMETRIC_REPRESENTATION_CONTEXT() REPRESENTATION_CONTEXT('2D SPACE',''
  ) );
#1969 = ORIENTED_EDGE('',*,*,#1970,.T.);
#1970 = EDGE_CURVE('',#1948,#1853,#1971,.T.);
#1971 = SURFACE_CURVE('',#1972,(#1977,#1984),.PCURVE_S1.);
#1972 = CIRCLE('',#1973,6.6);
#1973 = AXIS2_PLACEMENT_3D('',#1974,#1975,#1976);
#1974 = CARTESIAN_POINT('',(3.8,-32.2,-13.7));
#1975 = DIRECTION('',(0.,0.,1.));
#1976 = DIRECTION('',(0.,-1.,0.));
#1977 = PCURVE('',#850,#1978);
#1978 = DEFINITIONAL_REPRESENTATION('',(#1979),#1983);
#1979 = LINE('',#1980,#1981);
#1980 = CARTESIAN_POINT('',(-6.28318530718,0.6));
#1981 = VECTOR('',#1982,1.);
#1982 = DIRECTION('',(1.,-0.));
#1983 = ( GEOMETRIC_REPRESENTATION_CONTEXT(2) 
PARAMETRIC_REPRESENTATION_CONTEXT() REPRESENTATION_CONTEXT('2D SPACE',''
  ) );
#1984 = PCURVE('',#1836,#1985);
#1985 = DEFINITIONAL_REPRESENTATION('',(#1986),#1990);
#1986 = CIRCLE('',#1987,6.6);
#1987 = AXIS2_PLACEMENT_2D('',#1988,#1989);
#1988 = CARTESIAN_POINT('',(-34.7,-14.7));
#1989 = DIRECTION('',(0.,-1.));
#1990 = ( GEOMETRIC_REPRESENTATION_CONTEXT(2) 
PARAMETRIC_REPRESENTATION_CONTEXT() REPRESENTATION_CONTEXT('2D SPACE',''
  ) );
#1991 = ADVANCED_FACE('',(#1992),#960,.T.);
#1992 = FACE_BOUND('',#1993,.T.);
#1993 = EDGE_LOOP('',(#1994,#1995,#1996,#2019));
#1994 = ORIENTED_EDGE('',*,*,#1921,.F.);
#1995 = ORIENTED_EDGE('',*,*,#943,.T.);
#1996 = ORIENTED_EDGE('',*,*,#1997,.T.);
#1997 = EDGE_CURVE('',#918,#1998,#2000,.T.);
#1998 = VERTEX_POINT('',#1999);
#1999 = CARTESIAN_POINT('',(73.2,3.8,-13.7));
#2000 = SURFACE_CURVE('',#2001,(#2005,#2012),.PCURVE_S1.);
#2001 = LINE('',#2002,#2003);
#2002 = CARTESIAN_POINT('',(73.2,3.8,-14.3));
#2003 = VECTOR('',#2004,1.);
#2004 = DIRECTION('',(0.,0.,1.));
#2005 = PCURVE('',#960,#2006);
#2006 = DEFINITIONAL_REPRESENTATION('',(#2007),#2011);
#2007 = LINE('',#2008,#2009);
#2008 = CARTESIAN_POINT('',(1.570796326795,0.));
#2009 = VECTOR('',#2010,1.);
#2010 = DIRECTION('',(0.,1.));
#2011 = ( GEOMETRIC_REPRESENTATION_CONTEXT(2) 
PARAMETRIC_REPRESENTATION_CONTEXT() REPRESENTATION_CONTEXT('2D SPACE',''
  ) );
#2012 = PCURVE('',#932,#2013);
#2013 = DEFINITIONAL_REPRESENTATION('',(#2014),#2018);
#2014 = LINE('',#2015,#2016);
#2015 = CARTESIAN_POINT('',(6.6,0.));
#2016 = VECTOR('',#2017,1.);
#2017 = DIRECTION('',(0.,-1.));
#2018 = ( GEOMETRIC_REPRESENTATION_CONTEXT(2) 
PARAMETRIC_REPRESENTATION_CONTEXT() REPRESENTATION_CONTEXT('2D SPACE',''
  ) );
#2019 = ORIENTED_EDGE('',*,*,#2020,.F.);
#2020 = EDGE_CURVE('',#1901,#1998,#2021,.T.);
#2021 = SURFACE_CURVE('',#2022,(#2027,#2034),.PCURVE_S1.);
#2022 = CIRCLE('',#2023,6.6);
#2023 = AXIS2_PLACEMENT_3D('',#2024,#2025,#2026);
#2024 = CARTESIAN_POINT('',(73.2,-2.8,-13.7));
#2025 = DIRECTION('',(0.,0.,1.));
#2026 = DIRECTION('',(1.,0.,-0.));
#2027 = PCURVE('',#960,#2028);
#2028 = DEFINITIONAL_REPRESENTATION('',(#2029),#2033);
#2029 = LINE('',#2030,#2031);
#2030 = CARTESIAN_POINT('',(0.,0.6));
#2031 = VECTOR('',#2032,1.);
#2032 = DIRECTION('',(1.,0.));
#2033 = ( GEOMETRIC_REPRESENTATION_CONTEXT(2) 
PARAMETRIC_REPRESENTATION_CONTEXT() REPRESENTATION_CONTEXT('2D SPACE',''
  ) );
#2034 = PCURVE('',#1836,#2035);
#2035 = DEFINITIONAL_REPRESENTATION('',(#2036),#2040);
#2036 = CIRCLE('',#2037,6.6);
#2037 = AXIS2_PLACEMENT_2D('',#2038,#2039);
#2038 = CARTESIAN_POINT('',(34.7,14.7));
#2039 = DIRECTION('',(1.,0.));
#2040 = ( GEOMETRIC_REPRESENTATION_CONTEXT(2) 
PARAMETRIC_REPRESENTATION_CONTEXT() REPRESENTATION_CONTEXT('2D SPACE',''
  ) );
#2041 = ADVANCED_FACE('',(#2042),#877,.F.);
#2042 = FACE_BOUND('',#2043,.F.);
#2043 = EDGE_LOOP('',(#2044,#2045,#2068,#2087));
#2044 = ORIENTED_EDGE('',*,*,#862,.T.);
#2045 = ORIENTED_EDGE('',*,*,#2046,.T.);
#2046 = EDGE_CURVE('',#863,#2047,#2049,.T.);
#2047 = VERTEX_POINT('',#2048);
#2048 = CARTESIAN_POINT('',(-2.8,-2.8,-13.7));
#2049 = SURFACE_CURVE('',#2050,(#2054,#2061),.PCURVE_S1.);
#2050 = LINE('',#2051,#2052);
#2051 = CARTESIAN_POINT('',(-2.8,-2.8,-14.3));
#2052 = VECTOR('',#2053,1.);
#2053 = DIRECTION('',(0.,0.,1.));
#2054 = PCURVE('',#877,#2055);
#2055 = DEFINITIONAL_REPRESENTATION('',(#2056),#2060);
#2056 = LINE('',#2057,#2058);
#2057 = CARTESIAN_POINT('',(6.6,0.));
#2058 = VECTOR('',#2059,1.);
#2059 = DIRECTION('',(0.,-1.));
#2060 = ( GEOMETRIC_REPRESENTATION_CONTEXT(2) 
PARAMETRIC_REPRESENTATION_CONTEXT() REPRESENTATION_CONTEXT('2D SPACE',''
  ) );
#2061 = PCURVE('',#905,#2062);
#2062 = DEFINITIONAL_REPRESENTATION('',(#2063),#2067);
#2063 = LINE('',#2064,#2065);
#2064 = CARTESIAN_POINT('',(1.570796326795,0.));
#2065 = VECTOR('',#2066,1.);
#2066 = DIRECTION('',(0.,1.));
#2067 = ( GEOMETRIC_REPRESENTATION_CONTEXT(2) 
PARAMETRIC_REPRESENTATION_CONTEXT() REPRESENTATION_CONTEXT('2D SPACE',''
  ) );
#2068 = ORIENTED_EDGE('',*,*,#2069,.F.);
#2069 = EDGE_CURVE('',#1948,#2047,#2070,.T.);
#2070 = SURFACE_CURVE('',#2071,(#2075,#2081),.PCURVE_S1.);
#2071 = LINE('',#2072,#2073);
#2072 = CARTESIAN_POINT('',(-2.8,-6.85,-13.7));
#2073 = VECTOR('',#2074,1.);
#2074 = DIRECTION('',(-0.,1.,0.));
#2075 = PCURVE('',#877,#2076);
#2076 = DEFINITIONAL_REPRESENTATION('',(#2077),#2080);
#2077 = B_SPLINE_CURVE_WITH_KNOTS('',1,(#2078,#2079),.UNSPECIFIED.,.F.,
  .F.,(2,2),(-25.35,4.05),.PIECEWISE_BEZIER_KNOTS.);
#2078 = CARTESIAN_POINT('',(36.,-0.6));
#2079 = CARTESIAN_POINT('',(6.6,-0.6));
#2080 = ( GEOMETRIC_REPRESENTATION_CONTEXT(2) 
PARAMETRIC_REPRESENTATION_CONTEXT() REPRESENTATION_CONTEXT('2D SPACE',''
  ) );
#2081 = PCURVE('',#1836,#2082);
#2082 = DEFINITIONAL_REPRESENTATION('',(#2083),#2086);
#2083 = B_SPLINE_CURVE_WITH_KNOTS('',1,(#2084,#2085),.UNSPECIFIED.,.F.,
  .F.,(2,2),(-25.35,4.05),.PIECEWISE_BEZIER_KNOTS.);
#2084 = CARTESIAN_POINT('',(-41.3,-14.7));
#2085 = CARTESIAN_POINT('',(-41.3,14.7));
#2086 = ( GEOMETRIC_REPRESENTATION_CONTEXT(2) 
PARAMETRIC_REPRESENTATION_CONTEXT() REPRESENTATION_CONTEXT('2D SPACE',''
  ) );
#2087 = ORIENTED_EDGE('',*,*,#1947,.F.);
#2088 = ADVANCED_FACE('',(#2089),#932,.F.);
#2089 = FACE_BOUND('',#2090,.F.);
#2090 = EDGE_LOOP('',(#2091,#2092,#2093,#2114));
#2091 = ORIENTED_EDGE('',*,*,#917,.T.);
#2092 = ORIENTED_EDGE('',*,*,#1997,.T.);
#2093 = ORIENTED_EDGE('',*,*,#2094,.F.);
#2094 = EDGE_CURVE('',#2095,#1998,#2097,.T.);
#2095 = VERTEX_POINT('',#2096);
#2096 = CARTESIAN_POINT('',(3.8,3.8,-13.7));
#2097 = SURFACE_CURVE('',#2098,(#2102,#2108),.PCURVE_S1.);
#2098 = LINE('',#2099,#2100);
#2099 = CARTESIAN_POINT('',(59.15,3.8,-13.7));
#2100 = VECTOR('',#2101,1.);
#2101 = DIRECTION('',(1.,0.,-0.));
#2102 = PCURVE('',#932,#2103);
#2103 = DEFINITIONAL_REPRESENTATION('',(#2104),#2107);
#2104 = B_SPLINE_CURVE_WITH_KNOTS('',1,(#2105,#2106),.UNSPECIFIED.,.F.,
  .F.,(2,2),(-55.35,14.05),.PIECEWISE_BEZIER_KNOTS.);
#2105 = CARTESIAN_POINT('',(76.,-0.6));
#2106 = CARTESIAN_POINT('',(6.6,-0.6));
#2107 = ( GEOMETRIC_REPRESENTATION_CONTEXT(2) 
PARAMETRIC_REPRESENTATION_CONTEXT() REPRESENTATION_CONTEXT('2D SPACE',''
  ) );
#2108 = PCURVE('',#1836,#2109);
#2109 = DEFINITIONAL_REPRESENTATION('',(#2110),#2113);
#2110 = B_SPLINE_CURVE_WITH_KNOTS('',1,(#2111,#2112),.UNSPECIFIED.,.F.,
  .F.,(2,2),(-55.35,14.05),.PIECEWISE_BEZIER_KNOTS.);
#2111 = CARTESIAN_POINT('',(-34.7,21.3));
#2112 = CARTESIAN_POINT('',(34.7,21.3));
#2113 = ( GEOMETRIC_REPRESENTATION_CONTEXT(2) 
PARAMETRIC_REPRESENTATION_CONTEXT() REPRESENTATION_CONTEXT('2D SPACE',''
  ) );
#2114 = ORIENTED_EDGE('',*,*,#2115,.F.);
#2115 = EDGE_CURVE('',#889,#2095,#2116,.T.);
#2116 = SURFACE_CURVE('',#2117,(#2121,#2128),.PCURVE_S1.);
#2117 = LINE('',#2118,#2119);
#2118 = CARTESIAN_POINT('',(3.8,3.8,-14.3));
#2119 = VECTOR('',#2120,1.);
#2120 = DIRECTION('',(0.,0.,1.));
#2121 = PCURVE('',#932,#2122);
#2122 = DEFINITIONAL_REPRESENTATION('',(#2123),#2127);
#2123 = LINE('',#2124,#2125);
#2124 = CARTESIAN_POINT('',(76.,0.));
#2125 = VECTOR('',#2126,1.);
#2126 = DIRECTION('',(0.,-1.));
#2127 = ( GEOMETRIC_REPRESENTATION_CONTEXT(2) 
PARAMETRIC_REPRESENTATION_CONTEXT() REPRESENTATION_CONTEXT('2D SPACE',''
  ) );
#2128 = PCURVE('',#905,#2129);
#2129 = DEFINITIONAL_REPRESENTATION('',(#2130),#2134);
#2130 = LINE('',#2131,#2132);
#2131 = CARTESIAN_POINT('',(0.,0.));
#2132 = VECTOR('',#2133,1.);
#2133 = DIRECTION('',(0.,1.));
#2134 = ( GEOMETRIC_REPRESENTATION_CONTEXT(2) 
PARAMETRIC_REPRESENTATION_CONTEXT() REPRESENTATION_CONTEXT('2D SPACE',''
  ) );
#2135 = ADVANCED_FACE('',(#2136),#905,.T.);
#2136 = FACE_BOUND('',#2137,.T.);
#2137 = EDGE_LOOP('',(#2138,#2139,#2140,#2141));
#2138 = ORIENTED_EDGE('',*,*,#2115,.F.);
#2139 = ORIENTED_EDGE('',*,*,#888,.T.);
#2140 = ORIENTED_EDGE('',*,*,#2046,.T.);
#2141 = ORIENTED_EDGE('',*,*,#2142,.F.);
#2142 = EDGE_CURVE('',#2095,#2047,#2143,.T.);
#2143 = SURFACE_CURVE('',#2144,(#2149,#2156),.PCURVE_S1.);
#2144 = CIRCLE('',#2145,6.6);
#2145 = AXIS2_PLACEMENT_3D('',#2146,#2147,#2148);
#2146 = CARTESIAN_POINT('',(3.8,-2.8,-13.7));
#2147 = DIRECTION('',(0.,0.,1.));
#2148 = DIRECTION('',(-0.,1.,0.));
#2149 = PCURVE('',#905,#2150);
#2150 = DEFINITIONAL_REPRESENTATION('',(#2151),#2155);
#2151 = LINE('',#2152,#2153);
#2152 = CARTESIAN_POINT('',(0.,0.6));
#2153 = VECTOR('',#2154,1.);
#2154 = DIRECTION('',(1.,0.));
#2155 = ( GEOMETRIC_REPRESENTATION_CONTEXT(2) 
PARAMETRIC_REPRESENTATION_CONTEXT() REPRESENTATION_CONTEXT('2D SPACE',''
  ) );
#2156 = PCURVE('',#1836,#2157);
#2157 = DEFINITIONAL_REPRESENTATION('',(#2158),#2162);
#2158 = CIRCLE('',#2159,6.6);
#2159 = AXIS2_PLACEMENT_2D('',#2160,#2161);
#2160 = CARTESIAN_POINT('',(-34.7,14.7));
#2161 = DIRECTION('',(0.,1.));
#2162 = ( GEOMETRIC_REPRESENTATION_CONTEXT(2) 
PARAMETRIC_REPRESENTATION_CONTEXT() REPRESENTATION_CONTEXT('2D SPACE',''
  ) );
#2163 = ADVANCED_FACE('',(#2164),#1180,.F.);
#2164 = FACE_BOUND('',#2165,.F.);
#2165 = EDGE_LOOP('',(#2166));
#2166 = ORIENTED_EDGE('',*,*,#1165,.T.);
#2167 = ADVANCED_FACE('',(#2168),#1235,.F.);
#2168 = FACE_BOUND('',#2169,.F.);
#2169 = EDGE_LOOP('',(#2170));
#2170 = ORIENTED_EDGE('',*,*,#1220,.T.);
#2171 = ADVANCED_FACE('',(#2172),#1290,.F.);
#2172 = FACE_BOUND('',#2173,.F.);
#2173 = EDGE_LOOP('',(#2174));
#2174 = ORIENTED_EDGE('',*,*,#1275,.T.);
#2175 = ADVANCED_FACE('',(#2176,#2182),#1367,.F.);
#2176 = FACE_BOUND('',#2177,.F.);
#2177 = EDGE_LOOP('',(#2178,#2179,#2180,#2181));
#2178 = ORIENTED_EDGE('',*,*,#1353,.F.);
#2179 = ORIENTED_EDGE('',*,*,#1433,.T.);
#2180 = ORIENTED_EDGE('',*,*,#1589,.T.);
#2181 = ORIENTED_EDGE('',*,*,#1384,.F.);
#2182 = FACE_BOUND('',#2183,.F.);
#2183 = EDGE_LOOP('',(#2184,#2212,#2238,#2264));
#2184 = ORIENTED_EDGE('',*,*,#2185,.T.);
#2185 = EDGE_CURVE('',#2186,#2188,#2190,.T.);
#2186 = VERTEX_POINT('',#2187);
#2187 = CARTESIAN_POINT('',(66.2,-34.2,0.2));
#2188 = VERTEX_POINT('',#2189);
#2189 = CARTESIAN_POINT('',(7.8,-34.2,0.2));
#2190 = SURFACE_CURVE('',#2191,(#2195,#2201),.PCURVE_S1.);
#2191 = LINE('',#2192,#2193);
#2192 = CARTESIAN_POINT('',(3.8,-34.2,0.2));
#2193 = VECTOR('',#2194,1.);
#2194 = DIRECTION('',(-1.,0.,0.));
#2195 = PCURVE('',#1367,#2196);
#2196 = DEFINITIONAL_REPRESENTATION('',(#2197),#2200);
#2197 = B_SPLINE_CURVE_WITH_KNOTS('',1,(#2198,#2199),.UNSPECIFIED.,.F.,
  .F.,(2,2),(-62.4,-4.),.PIECEWISE_BEZIER_KNOTS.);
#2198 = CARTESIAN_POINT('',(66.4,1.));
#2199 = CARTESIAN_POINT('',(8.,1.));
#2200 = ( GEOMETRIC_REPRESENTATION_CONTEXT(2) 
PARAMETRIC_REPRESENTATION_CONTEXT() REPRESENTATION_CONTEXT('2D SPACE',''
  ) );
#2201 = PCURVE('',#2202,#2207);
#2202 = PLANE('',#2203);
#2203 = AXIS2_PLACEMENT_3D('',#2204,#2205,#2206);
#2204 = CARTESIAN_POINT('',(7.8,-34.2,0.1));
#2205 = DIRECTION('',(0.,1.,0.));
#2206 = DIRECTION('',(0.,0.,1.));
#2207 = DEFINITIONAL_REPRESENTATION('',(#2208),#2211);
#2208 = B_SPLINE_CURVE_WITH_KNOTS('',1,(#2209,#2210),.UNSPECIFIED.,.F.,
  .F.,(2,2),(-62.4,-4.),.PIECEWISE_BEZIER_KNOTS.);
#2209 = CARTESIAN_POINT('',(1.E-01,58.4));
#2210 = CARTESIAN_POINT('',(1.E-01,0.));
#2211 = ( GEOMETRIC_REPRESENTATION_CONTEXT(2) 
PARAMETRIC_REPRESENTATION_CONTEXT() REPRESENTATION_CONTEXT('2D SPACE',''
  ) );
#2212 = ORIENTED_EDGE('',*,*,#2213,.T.);
#2213 = EDGE_CURVE('',#2188,#2214,#2216,.T.);
#2214 = VERTEX_POINT('',#2215);
#2215 = CARTESIAN_POINT('',(7.8,-2.8,0.2));
#2216 = SURFACE_CURVE('',#2217,(#2221,#2227),.PCURVE_S1.);
#2217 = LINE('',#2218,#2219);
#2218 = CARTESIAN_POINT('',(7.8,-34.7,0.2));
#2219 = VECTOR('',#2220,1.);
#2220 = DIRECTION('',(0.,1.,0.));
#2221 = PCURVE('',#1367,#2222);
#2222 = DEFINITIONAL_REPRESENTATION('',(#2223),#2226);
#2223 = B_SPLINE_CURVE_WITH_KNOTS('',1,(#2224,#2225),.UNSPECIFIED.,.F.,
  .F.,(2,2),(0.5,31.9),.PIECEWISE_BEZIER_KNOTS.);
#2224 = CARTESIAN_POINT('',(8.,1.));
#2225 = CARTESIAN_POINT('',(8.,32.4));
#2226 = ( GEOMETRIC_REPRESENTATION_CONTEXT(2) 
PARAMETRIC_REPRESENTATION_CONTEXT() REPRESENTATION_CONTEXT('2D SPACE',''
  ) );
#2227 = PCURVE('',#2228,#2233);
#2228 = PLANE('',#2229);
#2229 = AXIS2_PLACEMENT_3D('',#2230,#2231,#2232);
#2230 = CARTESIAN_POINT('',(7.8,-34.2,0.1));
#2231 = DIRECTION('',(1.,0.,0.));
#2232 = DIRECTION('',(0.,0.,1.));
#2233 = DEFINITIONAL_REPRESENTATION('',(#2234),#2237);
#2234 = B_SPLINE_CURVE_WITH_KNOTS('',1,(#2235,#2236),.UNSPECIFIED.,.F.,
  .F.,(2,2),(0.5,31.9),.PIECEWISE_BEZIER_KNOTS.);
#2235 = CARTESIAN_POINT('',(1.E-01,0.));
#2236 = CARTESIAN_POINT('',(1.E-01,-31.4));
#2237 = ( GEOMETRIC_REPRESENTATION_CONTEXT(2) 
PARAMETRIC_REPRESENTATION_CONTEXT() REPRESENTATION_CONTEXT('2D SPACE',''
  ) );
#2238 = ORIENTED_EDGE('',*,*,#2239,.F.);
#2239 = EDGE_CURVE('',#2240,#2214,#2242,.T.);
#2240 = VERTEX_POINT('',#2241);
#2241 = CARTESIAN_POINT('',(66.2,-2.8,0.2));
#2242 = SURFACE_CURVE('',#2243,(#2247,#2253),.PCURVE_S1.);
#2243 = LINE('',#2244,#2245);
#2244 = CARTESIAN_POINT('',(3.8,-2.8,0.2));
#2245 = VECTOR('',#2246,1.);
#2246 = DIRECTION('',(-1.,0.,0.));
#2247 = PCURVE('',#1367,#2248);
#2248 = DEFINITIONAL_REPRESENTATION('',(#2249),#2252);
#2249 = B_SPLINE_CURVE_WITH_KNOTS('',1,(#2250,#2251),.UNSPECIFIED.,.F.,
  .F.,(2,2),(-62.4,-4.),.PIECEWISE_BEZIER_KNOTS.);
#2250 = CARTESIAN_POINT('',(66.4,32.4));
#2251 = CARTESIAN_POINT('',(8.,32.4));
#2252 = ( GEOMETRIC_REPRESENTATION_CONTEXT(2) 
PARAMETRIC_REPRESENTATION_CONTEXT() REPRESENTATION_CONTEXT('2D SPACE',''
  ) );
#2253 = PCURVE('',#2254,#2259);
#2254 = PLANE('',#2255);
#2255 = AXIS2_PLACEMENT_3D('',#2256,#2257,#2258);
#2256 = CARTESIAN_POINT('',(7.8,-2.8,0.1));
#2257 = DIRECTION('',(0.,1.,0.));
#2258 = DIRECTION('',(0.,0.,1.));
#2259 = DEFINITIONAL_REPRESENTATION('',(#2260),#2263);
#2260 = B_SPLINE_CURVE_WITH_KNOTS('',1,(#2261,#2262),.UNSPECIFIED.,.F.,
  .F.,(2,2),(-62.4,-4.),.PIECEWISE_BEZIER_KNOTS.);
#2261 = CARTESIAN_POINT('',(1.E-01,58.4));
#2262 = CARTESIAN_POINT('',(1.E-01,0.));
#2263 = ( GEOMETRIC_REPRESENTATION_CONTEXT(2) 
PARAMETRIC_REPRESENTATION_CONTEXT() REPRESENTATION_CONTEXT('2D SPACE',''
  ) );
#2264 = ORIENTED_EDGE('',*,*,#2265,.F.);
#2265 = EDGE_CURVE('',#2186,#2240,#2266,.T.);
#2266 = SURFACE_CURVE('',#2267,(#2271,#2277),.PCURVE_S1.);
#2267 = LINE('',#2268,#2269);
#2268 = CARTESIAN_POINT('',(66.2,-34.7,0.2));
#2269 = VECTOR('',#2270,1.);
#2270 = DIRECTION('',(0.,1.,0.));
#2271 = PCURVE('',#1367,#2272);
#2272 = DEFINITIONAL_REPRESENTATION('',(#2273),#2276);
#2273 = B_SPLINE_CURVE_WITH_KNOTS('',1,(#2274,#2275),.UNSPECIFIED.,.F.,
  .F.,(2,2),(0.5,31.9),.PIECEWISE_BEZIER_KNOTS.);
#2274 = CARTESIAN_POINT('',(66.4,1.));
#2275 = CARTESIAN_POINT('',(66.4,32.4));
#2276 = ( GEOMETRIC_REPRESENTATION_CONTEXT(2) 
PARAMETRIC_REPRESENTATION_CONTEXT() REPRESENTATION_CONTEXT('2D SPACE',''
  ) );
#2277 = PCURVE('',#2278,#2283);
#2278 = PLANE('',#2279);
#2279 = AXIS2_PLACEMENT_3D('',#2280,#2281,#2282);
#2280 = CARTESIAN_POINT('',(66.2,-34.2,0.1));
#2281 = DIRECTION('',(1.,0.,0.));
#2282 = DIRECTION('',(0.,0.,1.));
#2283 = DEFINITIONAL_REPRESENTATION('',(#2284),#2287);
#2284 = B_SPLINE_CURVE_WITH_KNOTS('',1,(#2285,#2286),.UNSPECIFIED.,.F.,
  .F.,(2,2),(0.5,31.9),.PIECEWISE_BEZIER_KNOTS.);
#2285 = CARTESIAN_POINT('',(1.E-01,0.));
#2286 = CARTESIAN_POINT('',(1.E-01,-31.4));
#2287 = ( GEOMETRIC_REPRESENTATION_CONTEXT(2) 
PARAMETRIC_REPRESENTATION_CONTEXT() REPRESENTATION_CONTEXT('2D SPACE',''
  ) );
#2288 = ADVANCED_FACE('',(#2289),#1496,.F.);
#2289 = FACE_BOUND('',#2290,.F.);
#2290 = EDGE_LOOP('',(#2291,#2314,#2341,#2362));
#2291 = ORIENTED_EDGE('',*,*,#2292,.F.);
#2292 = EDGE_CURVE('',#2293,#1480,#2295,.T.);
#2293 = VERTEX_POINT('',#2294);
#2294 = CARTESIAN_POINT('',(14.3,-38.2,-2.9));
#2295 = SURFACE_CURVE('',#2296,(#2300,#2307),.PCURVE_S1.);
#2296 = LINE('',#2297,#2298);
#2297 = CARTESIAN_POINT('',(14.3,-40.2,-2.9));
#2298 = VECTOR('',#2299,1.);
#2299 = DIRECTION('',(0.,1.,0.));
#2300 = PCURVE('',#1496,#2301);
#2301 = DEFINITIONAL_REPRESENTATION('',(#2302),#2306);
#2302 = LINE('',#2303,#2304);
#2303 = CARTESIAN_POINT('',(0.,0.));
#2304 = VECTOR('',#2305,1.);
#2305 = DIRECTION('',(0.,1.));
#2306 = ( GEOMETRIC_REPRESENTATION_CONTEXT(2) 
PARAMETRIC_REPRESENTATION_CONTEXT() REPRESENTATION_CONTEXT('2D SPACE',''
  ) );
#2307 = PCURVE('',#1522,#2308);
#2308 = DEFINITIONAL_REPRESENTATION('',(#2309),#2313);
#2309 = LINE('',#2310,#2311);
#2310 = CARTESIAN_POINT('',(4.2,0.));
#2311 = VECTOR('',#2312,1.);
#2312 = DIRECTION('',(0.,-1.));
#2313 = ( GEOMETRIC_REPRESENTATION_CONTEXT(2) 
PARAMETRIC_REPRESENTATION_CONTEXT() REPRESENTATION_CONTEXT('2D SPACE',''
  ) );
#2314 = ORIENTED_EDGE('',*,*,#2315,.F.);
#2315 = EDGE_CURVE('',#2316,#2293,#2318,.T.);
#2316 = VERTEX_POINT('',#2317);
#2317 = CARTESIAN_POINT('',(21.7,-38.2,-2.9));
#2318 = SURFACE_CURVE('',#2319,(#2323,#2330),.PCURVE_S1.);
#2319 = LINE('',#2320,#2321);
#2320 = CARTESIAN_POINT('',(21.7,-38.2,-2.9));
#2321 = VECTOR('',#2322,1.);
#2322 = DIRECTION('',(-1.,0.,0.));
#2323 = PCURVE('',#1496,#2324);
#2324 = DEFINITIONAL_REPRESENTATION('',(#2325),#2329);
#2325 = LINE('',#2326,#2327);
#2326 = CARTESIAN_POINT('',(7.4,2.));
#2327 = VECTOR('',#2328,1.);
#2328 = DIRECTION('',(-1.,0.));
#2329 = ( GEOMETRIC_REPRESENTATION_CONTEXT(2) 
PARAMETRIC_REPRESENTATION_CONTEXT() REPRESENTATION_CONTEXT('2D SPACE',''
  ) );
#2330 = PCURVE('',#2331,#2336);
#2331 = B_SPLINE_SURFACE_WITH_KNOTS('',1,1,(
    (#2332,#2333)
    ,(#2334,#2335
    )),.UNSPECIFIED.,.F.,.F.,.F.,(2,2),(2,2),(0.,9.4),(0.,1.),
  .PIECEWISE_BEZIER_KNOTS.);
#2332 = CARTESIAN_POINT('',(21.7,-38.2,-2.9));
#2333 = CARTESIAN_POINT('',(22.7,-39.2,-1.9));
#2334 = CARTESIAN_POINT('',(14.3,-38.2,-2.9));
#2335 = CARTESIAN_POINT('',(13.3,-39.2,-1.9));
#2336 = DEFINITIONAL_REPRESENTATION('',(#2337),#2340);
#2337 = B_SPLINE_CURVE_WITH_KNOTS('',1,(#2338,#2339),.UNSPECIFIED.,.F.,
  .F.,(2,2),(0.,7.4),.PIECEWISE_BEZIER_KNOTS.);
#2338 = CARTESIAN_POINT('',(0.,0.));
#2339 = CARTESIAN_POINT('',(9.4,0.));
#2340 = ( GEOMETRIC_REPRESENTATION_CONTEXT(2) 
PARAMETRIC_REPRESENTATION_CONTEXT() REPRESENTATION_CONTEXT('2D SPACE',''
  ) );
#2341 = ORIENTED_EDGE('',*,*,#2342,.T.);
#2342 = EDGE_CURVE('',#2316,#1482,#2343,.T.);
#2343 = SURFACE_CURVE('',#2344,(#2348,#2355),.PCURVE_S1.);
#2344 = LINE('',#2345,#2346);
#2345 = CARTESIAN_POINT('',(21.7,-40.2,-2.9));
#2346 = VECTOR('',#2347,1.);
#2347 = DIRECTION('',(0.,1.,0.));
#2348 = PCURVE('',#1496,#2349);
#2349 = DEFINITIONAL_REPRESENTATION('',(#2350),#2354);
#2350 = LINE('',#2351,#2352);
#2351 = CARTESIAN_POINT('',(7.4,0.));
#2352 = VECTOR('',#2353,1.);
#2353 = DIRECTION('',(0.,1.));
#2354 = ( GEOMETRIC_REPRESENTATION_CONTEXT(2) 
PARAMETRIC_REPRESENTATION_CONTEXT() REPRESENTATION_CONTEXT('2D SPACE',''
  ) );
#2355 = PCURVE('',#1572,#2356);
#2356 = DEFINITIONAL_REPRESENTATION('',(#2357),#2361);
#2357 = LINE('',#2358,#2359);
#2358 = CARTESIAN_POINT('',(4.2,0.));
#2359 = VECTOR('',#2360,1.);
#2360 = DIRECTION('',(0.,-1.));
#2361 = ( GEOMETRIC_REPRESENTATION_CONTEXT(2) 
PARAMETRIC_REPRESENTATION_CONTEXT() REPRESENTATION_CONTEXT('2D SPACE',''
  ) );
#2362 = ORIENTED_EDGE('',*,*,#1479,.F.);
#2363 = ADVANCED_FACE('',(#2364),#1572,.F.);
#2364 = FACE_BOUND('',#2365,.F.);
#2365 = EDGE_LOOP('',(#2366,#2367,#2394,#2415));
#2366 = ORIENTED_EDGE('',*,*,#2342,.F.);
#2367 = ORIENTED_EDGE('',*,*,#2368,.F.);
#2368 = EDGE_CURVE('',#2369,#2316,#2371,.T.);
#2369 = VERTEX_POINT('',#2370);
#2370 = CARTESIAN_POINT('',(21.7,-38.2,-7.1));
#2371 = SURFACE_CURVE('',#2372,(#2376,#2383),.PCURVE_S1.);
#2372 = LINE('',#2373,#2374);
#2373 = CARTESIAN_POINT('',(21.7,-38.2,-7.1));
#2374 = VECTOR('',#2375,1.);
#2375 = DIRECTION('',(0.,0.,1.));
#2376 = PCURVE('',#1572,#2377);
#2377 = DEFINITIONAL_REPRESENTATION('',(#2378),#2382);
#2378 = LINE('',#2379,#2380);
#2379 = CARTESIAN_POINT('',(0.,-2.));
#2380 = VECTOR('',#2381,1.);
#2381 = DIRECTION('',(1.,0.));
#2382 = ( GEOMETRIC_REPRESENTATION_CONTEXT(2) 
PARAMETRIC_REPRESENTATION_CONTEXT() REPRESENTATION_CONTEXT('2D SPACE',''
  ) );
#2383 = PCURVE('',#2384,#2389);
#2384 = B_SPLINE_SURFACE_WITH_KNOTS('',1,1,(
    (#2385,#2386)
    ,(#2387,#2388
    )),.UNSPECIFIED.,.F.,.F.,.F.,(2,2),(2,2),(0.,6.2),(0.,1.),
  .PIECEWISE_BEZIER_KNOTS.);
#2385 = CARTESIAN_POINT('',(21.7,-38.2,-7.1));
#2386 = CARTESIAN_POINT('',(22.7,-39.2,-8.1));
#2387 = CARTESIAN_POINT('',(21.7,-38.2,-2.9));
#2388 = CARTESIAN_POINT('',(22.7,-39.2,-1.9));
#2389 = DEFINITIONAL_REPRESENTATION('',(#2390),#2393);
#2390 = B_SPLINE_CURVE_WITH_KNOTS('',1,(#2391,#2392),.UNSPECIFIED.,.F.,
  .F.,(2,2),(0.,4.2),.PIECEWISE_BEZIER_KNOTS.);
#2391 = CARTESIAN_POINT('',(0.,0.));
#2392 = CARTESIAN_POINT('',(6.2,0.));
#2393 = ( GEOMETRIC_REPRESENTATION_CONTEXT(2) 
PARAMETRIC_REPRESENTATION_CONTEXT() REPRESENTATION_CONTEXT('2D SPACE',''
  ) );
#2394 = ORIENTED_EDGE('',*,*,#2395,.T.);
#2395 = EDGE_CURVE('',#2369,#1534,#2396,.T.);
#2396 = SURFACE_CURVE('',#2397,(#2401,#2408),.PCURVE_S1.);
#2397 = LINE('',#2398,#2399);
#2398 = CARTESIAN_POINT('',(21.7,-40.2,-7.1));
#2399 = VECTOR('',#2400,1.);
#2400 = DIRECTION('',(0.,1.,0.));
#2401 = PCURVE('',#1572,#2402);
#2402 = DEFINITIONAL_REPRESENTATION('',(#2403),#2407);
#2403 = LINE('',#2404,#2405);
#2404 = CARTESIAN_POINT('',(0.,0.));
#2405 = VECTOR('',#2406,1.);
#2406 = DIRECTION('',(0.,-1.));
#2407 = ( GEOMETRIC_REPRESENTATION_CONTEXT(2) 
PARAMETRIC_REPRESENTATION_CONTEXT() REPRESENTATION_CONTEXT('2D SPACE',''
  ) );
#2408 = PCURVE('',#1548,#2409);
#2409 = DEFINITIONAL_REPRESENTATION('',(#2410),#2414);
#2410 = LINE('',#2411,#2412);
#2411 = CARTESIAN_POINT('',(7.4,0.));
#2412 = VECTOR('',#2413,1.);
#2413 = DIRECTION('',(0.,1.));
#2414 = ( GEOMETRIC_REPRESENTATION_CONTEXT(2) 
PARAMETRIC_REPRESENTATION_CONTEXT() REPRESENTATION_CONTEXT('2D SPACE',''
  ) );
#2415 = ORIENTED_EDGE('',*,*,#1559,.F.);
#2416 = ADVANCED_FACE('',(#2417),#1548,.T.);
#2417 = FACE_BOUND('',#2418,.T.);
#2418 = EDGE_LOOP('',(#2419,#2442,#2467,#2468));
#2419 = ORIENTED_EDGE('',*,*,#2420,.F.);
#2420 = EDGE_CURVE('',#2421,#1508,#2423,.T.);
#2421 = VERTEX_POINT('',#2422);
#2422 = CARTESIAN_POINT('',(14.3,-38.2,-7.1));
#2423 = SURFACE_CURVE('',#2424,(#2428,#2435),.PCURVE_S1.);
#2424 = LINE('',#2425,#2426);
#2425 = CARTESIAN_POINT('',(14.3,-40.2,-7.1));
#2426 = VECTOR('',#2427,1.);
#2427 = DIRECTION('',(0.,1.,0.));
#2428 = PCURVE('',#1548,#2429);
#2429 = DEFINITIONAL_REPRESENTATION('',(#2430),#2434);
#2430 = LINE('',#2431,#2432);
#2431 = CARTESIAN_POINT('',(0.,0.));
#2432 = VECTOR('',#2433,1.);
#2433 = DIRECTION('',(0.,1.));
#2434 = ( GEOMETRIC_REPRESENTATION_CONTEXT(2) 
PARAMETRIC_REPRESENTATION_CONTEXT() REPRESENTATION_CONTEXT('2D SPACE',''
  ) );
#2435 = PCURVE('',#1522,#2436);
#2436 = DEFINITIONAL_REPRESENTATION('',(#2437),#2441);
#2437 = LINE('',#2438,#2439);
#2438 = CARTESIAN_POINT('',(0.,0.));
#2439 = VECTOR('',#2440,1.);
#2440 = DIRECTION('',(0.,-1.));
#2441 = ( GEOMETRIC_REPRESENTATION_CONTEXT(2) 
PARAMETRIC_REPRESENTATION_CONTEXT() REPRESENTATION_CONTEXT('2D SPACE',''
  ) );
#2442 = ORIENTED_EDGE('',*,*,#2443,.T.);
#2443 = EDGE_CURVE('',#2421,#2369,#2444,.T.);
#2444 = SURFACE_CURVE('',#2445,(#2449,#2456),.PCURVE_S1.);
#2445 = LINE('',#2446,#2447);
#2446 = CARTESIAN_POINT('',(14.3,-38.2,-7.1));
#2447 = VECTOR('',#2448,1.);
#2448 = DIRECTION('',(1.,0.,0.));
#2449 = PCURVE('',#1548,#2450);
#2450 = DEFINITIONAL_REPRESENTATION('',(#2451),#2455);
#2451 = LINE('',#2452,#2453);
#2452 = CARTESIAN_POINT('',(0.,2.));
#2453 = VECTOR('',#2454,1.);
#2454 = DIRECTION('',(1.,0.));
#2455 = ( GEOMETRIC_REPRESENTATION_CONTEXT(2) 
PARAMETRIC_REPRESENTATION_CONTEXT() REPRESENTATION_CONTEXT('2D SPACE',''
  ) );
#2456 = PCURVE('',#2457,#2462);
#2457 = B_SPLINE_SURFACE_WITH_KNOTS('',1,1,(
    (#2458,#2459)
    ,(#2460,#2461
    )),.UNSPECIFIED.,.F.,.F.,.F.,(2,2),(2,2),(0.,9.4),(0.,1.),
  .PIECEWISE_BEZIER_KNOTS.);
#2458 = CARTESIAN_POINT('',(14.3,-38.2,-7.1));
#2459 = CARTESIAN_POINT('',(13.3,-39.2,-8.1));
#2460 = CARTESIAN_POINT('',(21.7,-38.2,-7.1));
#2461 = CARTESIAN_POINT('',(22.7,-39.2,-8.1));
#2462 = DEFINITIONAL_REPRESENTATION('',(#2463),#2466);
#2463 = B_SPLINE_CURVE_WITH_KNOTS('',1,(#2464,#2465),.UNSPECIFIED.,.F.,
  .F.,(2,2),(0.,7.4),.PIECEWISE_BEZIER_KNOTS.);
#2464 = CARTESIAN_POINT('',(0.,0.));
#2465 = CARTESIAN_POINT('',(9.4,0.));
#2466 = ( GEOMETRIC_REPRESENTATION_CONTEXT(2) 
PARAMETRIC_REPRESENTATION_CONTEXT() REPRESENTATION_CONTEXT('2D SPACE',''
  ) );
#2467 = ORIENTED_EDGE('',*,*,#2395,.T.);
#2468 = ORIENTED_EDGE('',*,*,#1533,.F.);
#2469 = ADVANCED_FACE('',(#2470),#1522,.T.);
#2470 = FACE_BOUND('',#2471,.T.);
#2471 = EDGE_LOOP('',(#2472,#2473,#2498,#2499));
#2472 = ORIENTED_EDGE('',*,*,#2292,.F.);
#2473 = ORIENTED_EDGE('',*,*,#2474,.T.);
#2474 = EDGE_CURVE('',#2293,#2421,#2475,.T.);
#2475 = SURFACE_CURVE('',#2476,(#2480,#2487),.PCURVE_S1.);
#2476 = LINE('',#2477,#2478);
#2477 = CARTESIAN_POINT('',(14.3,-38.2,-2.9));
#2478 = VECTOR('',#2479,1.);
#2479 = DIRECTION('',(0.,0.,-1.));
#2480 = PCURVE('',#1522,#2481);
#2481 = DEFINITIONAL_REPRESENTATION('',(#2482),#2486);
#2482 = LINE('',#2483,#2484);
#2483 = CARTESIAN_POINT('',(4.2,-2.));
#2484 = VECTOR('',#2485,1.);
#2485 = DIRECTION('',(-1.,0.));
#2486 = ( GEOMETRIC_REPRESENTATION_CONTEXT(2) 
PARAMETRIC_REPRESENTATION_CONTEXT() REPRESENTATION_CONTEXT('2D SPACE',''
  ) );
#2487 = PCURVE('',#2488,#2493);
#2488 = B_SPLINE_SURFACE_WITH_KNOTS('',1,1,(
    (#2489,#2490)
    ,(#2491,#2492
    )),.UNSPECIFIED.,.F.,.F.,.F.,(2,2),(2,2),(0.,6.2),(0.,1.),
  .PIECEWISE_BEZIER_KNOTS.);
#2489 = CARTESIAN_POINT('',(14.3,-38.2,-2.9));
#2490 = CARTESIAN_POINT('',(13.3,-39.2,-1.9));
#2491 = CARTESIAN_POINT('',(14.3,-38.2,-7.1));
#2492 = CARTESIAN_POINT('',(13.3,-39.2,-8.1));
#2493 = DEFINITIONAL_REPRESENTATION('',(#2494),#2497);
#2494 = B_SPLINE_CURVE_WITH_KNOTS('',1,(#2495,#2496),.UNSPECIFIED.,.F.,
  .F.,(2,2),(0.,4.2),.PIECEWISE_BEZIER_KNOTS.);
#2495 = CARTESIAN_POINT('',(0.,0.));
#2496 = CARTESIAN_POINT('',(6.2,0.));
#2497 = ( GEOMETRIC_REPRESENTATION_CONTEXT(2) 
PARAMETRIC_REPRESENTATION_CONTEXT() REPRESENTATION_CONTEXT('2D SPACE',''
  ) );
#2498 = ORIENTED_EDGE('',*,*,#2420,.T.);
#2499 = ORIENTED_EDGE('',*,*,#1507,.F.);
#2500 = ADVANCED_FACE('',(#2501),#1629,.T.);
#2501 = FACE_BOUND('',#2502,.T.);
#2502 = EDGE_LOOP('',(#2503,#2526,#2527,#2550));
#2503 = ORIENTED_EDGE('',*,*,#2504,.F.);
#2504 = EDGE_CURVE('',#1613,#2505,#2507,.T.);
#2505 = VERTEX_POINT('',#2506);
#2506 = CARTESIAN_POINT('',(79.2,-11.16,-11.55));
#2507 = SURFACE_CURVE('',#2508,(#2512,#2519),.PCURVE_S1.);
#2508 = LINE('',#2509,#2510);
#2509 = CARTESIAN_POINT('',(76.5,-11.16,-11.55));
#2510 = VECTOR('',#2511,1.);
#2511 = DIRECTION('',(1.,0.,0.));
#2512 = PCURVE('',#1629,#2513);
#2513 = DEFINITIONAL_REPRESENTATION('',(#2514),#2518);
#2514 = LINE('',#2515,#2516);
#2515 = CARTESIAN_POINT('',(0.,10.68));
#2516 = VECTOR('',#2517,1.);
#2517 = DIRECTION('',(1.,0.));
#2518 = ( GEOMETRIC_REPRESENTATION_CONTEXT(2) 
PARAMETRIC_REPRESENTATION_CONTEXT() REPRESENTATION_CONTEXT('2D SPACE',''
  ) );
#2519 = PCURVE('',#1705,#2520);
#2520 = DEFINITIONAL_REPRESENTATION('',(#2521),#2525);
#2521 = LINE('',#2522,#2523);
#2522 = CARTESIAN_POINT('',(0.,0.));
#2523 = VECTOR('',#2524,1.);
#2524 = DIRECTION('',(0.,1.));
#2525 = ( GEOMETRIC_REPRESENTATION_CONTEXT(2) 
PARAMETRIC_REPRESENTATION_CONTEXT() REPRESENTATION_CONTEXT('2D SPACE',''
  ) );
#2526 = ORIENTED_EDGE('',*,*,#1612,.T.);
#2527 = ORIENTED_EDGE('',*,*,#2528,.T.);
#2528 = EDGE_CURVE('',#1615,#2529,#2531,.T.);
#2529 = VERTEX_POINT('',#2530);
#2530 = CARTESIAN_POINT('',(79.2,-21.84,-11.55));
#2531 = SURFACE_CURVE('',#2532,(#2536,#2543),.PCURVE_S1.);
#2532 = LINE('',#2533,#2534);
#2533 = CARTESIAN_POINT('',(76.5,-21.84,-11.55));
#2534 = VECTOR('',#2535,1.);
#2535 = DIRECTION('',(1.,0.,0.));
#2536 = PCURVE('',#1629,#2537);
#2537 = DEFINITIONAL_REPRESENTATION('',(#2538),#2542);
#2538 = LINE('',#2539,#2540);
#2539 = CARTESIAN_POINT('',(0.,0.));
#2540 = VECTOR('',#2541,1.);
#2541 = DIRECTION('',(1.,0.));
#2542 = ( GEOMETRIC_REPRESENTATION_CONTEXT(2) 
PARAMETRIC_REPRESENTATION_CONTEXT() REPRESENTATION_CONTEXT('2D SPACE',''
  ) );
#2543 = PCURVE('',#1655,#2544);
#2544 = DEFINITIONAL_REPRESENTATION('',(#2545),#2549);
#2545 = LINE('',#2546,#2547);
#2546 = CARTESIAN_POINT('',(0.,0.));
#2547 = VECTOR('',#2548,1.);
#2548 = DIRECTION('',(0.,1.));
#2549 = ( GEOMETRIC_REPRESENTATION_CONTEXT(2) 
PARAMETRIC_REPRESENTATION_CONTEXT() REPRESENTATION_CONTEXT('2D SPACE',''
  ) );
#2550 = ORIENTED_EDGE('',*,*,#2551,.T.);
#2551 = EDGE_CURVE('',#2529,#2505,#2552,.T.);
#2552 = SURFACE_CURVE('',#2553,(#2557,#2564),.PCURVE_S1.);
#2553 = LINE('',#2554,#2555);
#2554 = CARTESIAN_POINT('',(79.2,-21.84,-11.55));
#2555 = VECTOR('',#2556,1.);
#2556 = DIRECTION('',(0.,1.,0.));
#2557 = PCURVE('',#1629,#2558);
#2558 = DEFINITIONAL_REPRESENTATION('',(#2559),#2563);
#2559 = LINE('',#2560,#2561);
#2560 = CARTESIAN_POINT('',(2.7,0.));
#2561 = VECTOR('',#2562,1.);
#2562 = DIRECTION('',(0.,1.));
#2563 = ( GEOMETRIC_REPRESENTATION_CONTEXT(2) 
PARAMETRIC_REPRESENTATION_CONTEXT() REPRESENTATION_CONTEXT('2D SPACE',''
  ) );
#2564 = PCURVE('',#2565,#2570);
#2565 = B_SPLINE_SURFACE_WITH_KNOTS('',1,1,(
    (#2566,#2567)
    ,(#2568,#2569
    )),.UNSPECIFIED.,.F.,.F.,.F.,(2,2),(2,2),(0.,12.68),(0.,1.),
  .PIECEWISE_BEZIER_KNOTS.);
#2566 = CARTESIAN_POINT('',(79.2,-21.84,-11.55));
#2567 = CARTESIAN_POINT('',(80.2,-22.84,-12.55));
#2568 = CARTESIAN_POINT('',(79.2,-11.16,-11.55));
#2569 = CARTESIAN_POINT('',(80.2,-10.16,-12.55));
#2570 = DEFINITIONAL_REPRESENTATION('',(#2571),#2574);
#2571 = B_SPLINE_CURVE_WITH_KNOTS('',1,(#2572,#2573),.UNSPECIFIED.,.F.,
  .F.,(2,2),(0.,10.68),.PIECEWISE_BEZIER_KNOTS.);
#2572 = CARTESIAN_POINT('',(0.,0.));
#2573 = CARTESIAN_POINT('',(12.68,0.));
#2574 = ( GEOMETRIC_REPRESENTATION_CONTEXT(2) 
PARAMETRIC_REPRESENTATION_CONTEXT() REPRESENTATION_CONTEXT('2D SPACE',''
  ) );
#2575 = ADVANCED_FACE('',(#2576),#1705,.F.);
#2576 = FACE_BOUND('',#2577,.F.);
#2577 = EDGE_LOOP('',(#2578,#2579,#2580,#2603));
#2578 = ORIENTED_EDGE('',*,*,#2504,.F.);
#2579 = ORIENTED_EDGE('',*,*,#1692,.T.);
#2580 = ORIENTED_EDGE('',*,*,#2581,.T.);
#2581 = EDGE_CURVE('',#1667,#2582,#2584,.T.);
#2582 = VERTEX_POINT('',#2583);
#2583 = CARTESIAN_POINT('',(79.2,-11.16,-6.45));
#2584 = SURFACE_CURVE('',#2585,(#2589,#2596),.PCURVE_S1.);
#2585 = LINE('',#2586,#2587);
#2586 = CARTESIAN_POINT('',(76.5,-11.16,-6.45));
#2587 = VECTOR('',#2588,1.);
#2588 = DIRECTION('',(1.,0.,0.));
#2589 = PCURVE('',#1705,#2590);
#2590 = DEFINITIONAL_REPRESENTATION('',(#2591),#2595);
#2591 = LINE('',#2592,#2593);
#2592 = CARTESIAN_POINT('',(5.1,0.));
#2593 = VECTOR('',#2594,1.);
#2594 = DIRECTION('',(0.,1.));
#2595 = ( GEOMETRIC_REPRESENTATION_CONTEXT(2) 
PARAMETRIC_REPRESENTATION_CONTEXT() REPRESENTATION_CONTEXT('2D SPACE',''
  ) );
#2596 = PCURVE('',#1681,#2597);
#2597 = DEFINITIONAL_REPRESENTATION('',(#2598),#2602);
#2598 = LINE('',#2599,#2600);
#2599 = CARTESIAN_POINT('',(0.,10.68));
#2600 = VECTOR('',#2601,1.);
#2601 = DIRECTION('',(1.,0.));
#2602 = ( GEOMETRIC_REPRESENTATION_CONTEXT(2) 
PARAMETRIC_REPRESENTATION_CONTEXT() REPRESENTATION_CONTEXT('2D SPACE',''
  ) );
#2603 = ORIENTED_EDGE('',*,*,#2604,.F.);
#2604 = EDGE_CURVE('',#2505,#2582,#2605,.T.);
#2605 = SURFACE_CURVE('',#2606,(#2610,#2617),.PCURVE_S1.);
#2606 = LINE('',#2607,#2608);
#2607 = CARTESIAN_POINT('',(79.2,-11.16,-11.55));
#2608 = VECTOR('',#2609,1.);
#2609 = DIRECTION('',(0.,0.,1.));
#2610 = PCURVE('',#1705,#2611);
#2611 = DEFINITIONAL_REPRESENTATION('',(#2612),#2616);
#2612 = LINE('',#2613,#2614);
#2613 = CARTESIAN_POINT('',(0.,2.7));
#2614 = VECTOR('',#2615,1.);
#2615 = DIRECTION('',(1.,0.));
#2616 = ( GEOMETRIC_REPRESENTATION_CONTEXT(2) 
PARAMETRIC_REPRESENTATION_CONTEXT() REPRESENTATION_CONTEXT('2D SPACE',''
  ) );
#2617 = PCURVE('',#2618,#2623);
#2618 = B_SPLINE_SURFACE_WITH_KNOTS('',1,1,(
    (#2619,#2620)
    ,(#2621,#2622
    )),.UNSPECIFIED.,.F.,.F.,.F.,(2,2),(2,2),(0.,7.1),(0.,1.),
  .PIECEWISE_BEZIER_KNOTS.);
#2619 = CARTESIAN_POINT('',(79.2,-11.16,-11.55));
#2620 = CARTESIAN_POINT('',(80.2,-10.16,-12.55));
#2621 = CARTESIAN_POINT('',(79.2,-11.16,-6.45));
#2622 = CARTESIAN_POINT('',(80.2,-10.16,-5.45));
#2623 = DEFINITIONAL_REPRESENTATION('',(#2624),#2627);
#2624 = B_SPLINE_CURVE_WITH_KNOTS('',1,(#2625,#2626),.UNSPECIFIED.,.F.,
  .F.,(2,2),(0.,5.1),.PIECEWISE_BEZIER_KNOTS.);
#2625 = CARTESIAN_POINT('',(0.,0.));
#2626 = CARTESIAN_POINT('',(7.1,0.));
#2627 = ( GEOMETRIC_REPRESENTATION_CONTEXT(2) 
PARAMETRIC_REPRESENTATION_CONTEXT() REPRESENTATION_CONTEXT('2D SPACE',''
  ) );
#2628 = ADVANCED_FACE('',(#2629),#1681,.F.);
#2629 = FACE_BOUND('',#2630,.F.);
#2630 = EDGE_LOOP('',(#2631,#2632,#2633,#2656));
#2631 = ORIENTED_EDGE('',*,*,#2581,.F.);
#2632 = ORIENTED_EDGE('',*,*,#1666,.T.);
#2633 = ORIENTED_EDGE('',*,*,#2634,.T.);
#2634 = EDGE_CURVE('',#1641,#2635,#2637,.T.);
#2635 = VERTEX_POINT('',#2636);
#2636 = CARTESIAN_POINT('',(79.2,-21.84,-6.45));
#2637 = SURFACE_CURVE('',#2638,(#2642,#2649),.PCURVE_S1.);
#2638 = LINE('',#2639,#2640);
#2639 = CARTESIAN_POINT('',(76.5,-21.84,-6.45));
#2640 = VECTOR('',#2641,1.);
#2641 = DIRECTION('',(1.,0.,0.));
#2642 = PCURVE('',#1681,#2643);
#2643 = DEFINITIONAL_REPRESENTATION('',(#2644),#2648);
#2644 = LINE('',#2645,#2646);
#2645 = CARTESIAN_POINT('',(0.,0.));
#2646 = VECTOR('',#2647,1.);
#2647 = DIRECTION('',(1.,0.));
#2648 = ( GEOMETRIC_REPRESENTATION_CONTEXT(2) 
PARAMETRIC_REPRESENTATION_CONTEXT() REPRESENTATION_CONTEXT('2D SPACE',''
  ) );
#2649 = PCURVE('',#1655,#2650);
#2650 = DEFINITIONAL_REPRESENTATION('',(#2651),#2655);
#2651 = LINE('',#2652,#2653);
#2652 = CARTESIAN_POINT('',(5.1,0.));
#2653 = VECTOR('',#2654,1.);
#2654 = DIRECTION('',(0.,1.));
#2655 = ( GEOMETRIC_REPRESENTATION_CONTEXT(2) 
PARAMETRIC_REPRESENTATION_CONTEXT() REPRESENTATION_CONTEXT('2D SPACE',''
  ) );
#2656 = ORIENTED_EDGE('',*,*,#2657,.F.);
#2657 = EDGE_CURVE('',#2582,#2635,#2658,.T.);
#2658 = SURFACE_CURVE('',#2659,(#2663,#2670),.PCURVE_S1.);
#2659 = LINE('',#2660,#2661);
#2660 = CARTESIAN_POINT('',(79.2,-11.16,-6.45));
#2661 = VECTOR('',#2662,1.);
#2662 = DIRECTION('',(0.,-1.,0.));
#2663 = PCURVE('',#1681,#2664);
#2664 = DEFINITIONAL_REPRESENTATION('',(#2665),#2669);
#2665 = LINE('',#2666,#2667);
#2666 = CARTESIAN_POINT('',(2.7,10.68));
#2667 = VECTOR('',#2668,1.);
#2668 = DIRECTION('',(0.,-1.));
#2669 = ( GEOMETRIC_REPRESENTATION_CONTEXT(2) 
PARAMETRIC_REPRESENTATION_CONTEXT() REPRESENTATION_CONTEXT('2D SPACE',''
  ) );
#2670 = PCURVE('',#2671,#2676);
#2671 = B_SPLINE_SURFACE_WITH_KNOTS('',1,1,(
    (#2672,#2673)
    ,(#2674,#2675
    )),.UNSPECIFIED.,.F.,.F.,.F.,(2,2),(2,2),(0.,12.68),(0.,1.),
  .PIECEWISE_BEZIER_KNOTS.);
#2672 = CARTESIAN_POINT('',(79.2,-11.16,-6.45));
#2673 = CARTESIAN_POINT('',(80.2,-10.16,-5.45));
#2674 = CARTESIAN_POINT('',(79.2,-21.84,-6.45));
#2675 = CARTESIAN_POINT('',(80.2,-22.84,-5.45));
#2676 = DEFINITIONAL_REPRESENTATION('',(#2677),#2680);
#2677 = B_SPLINE_CURVE_WITH_KNOTS('',1,(#2678,#2679),.UNSPECIFIED.,.F.,
  .F.,(2,2),(0.,10.68),.PIECEWISE_BEZIER_KNOTS.);
#2678 = CARTESIAN_POINT('',(0.,0.));
#2679 = CARTESIAN_POINT('',(12.68,0.));
#2680 = ( GEOMETRIC_REPRESENTATION_CONTEXT(2) 
PARAMETRIC_REPRESENTATION_CONTEXT() REPRESENTATION_CONTEXT('2D SPACE',''
  ) );
#2681 = ADVANCED_FACE('',(#2682),#1655,.T.);
#2682 = FACE_BOUND('',#2683,.T.);
#2683 = EDGE_LOOP('',(#2684,#2685,#2686,#2687));
#2684 = ORIENTED_EDGE('',*,*,#2528,.F.);
#2685 = ORIENTED_EDGE('',*,*,#1640,.T.);
#2686 = ORIENTED_EDGE('',*,*,#2634,.T.);
#2687 = ORIENTED_EDGE('',*,*,#2688,.T.);
#2688 = EDGE_CURVE('',#2635,#2529,#2689,.T.);
#2689 = SURFACE_CURVE('',#2690,(#2694,#2701),.PCURVE_S1.);
#2690 = LINE('',#2691,#2692);
#2691 = CARTESIAN_POINT('',(79.2,-21.84,-6.45));
#2692 = VECTOR('',#2693,1.);
#2693 = DIRECTION('',(0.,0.,-1.));
#2694 = PCURVE('',#1655,#2695);
#2695 = DEFINITIONAL_REPRESENTATION('',(#2696),#2700);
#2696 = LINE('',#2697,#2698);
#2697 = CARTESIAN_POINT('',(5.1,2.7));
#2698 = VECTOR('',#2699,1.);
#2699 = DIRECTION('',(-1.,0.));
#2700 = ( GEOMETRIC_REPRESENTATION_CONTEXT(2) 
PARAMETRIC_REPRESENTATION_CONTEXT() REPRESENTATION_CONTEXT('2D SPACE',''
  ) );
#2701 = PCURVE('',#2702,#2707);
#2702 = B_SPLINE_SURFACE_WITH_KNOTS('',1,1,(
    (#2703,#2704)
    ,(#2705,#2706
    )),.UNSPECIFIED.,.F.,.F.,.F.,(2,2),(2,2),(0.,7.1),(0.,1.),
  .PIECEWISE_BEZIER_KNOTS.);
#2703 = CARTESIAN_POINT('',(79.2,-21.84,-6.45));
#2704 = CARTESIAN_POINT('',(80.2,-22.84,-5.45));
#2705 = CARTESIAN_POINT('',(79.2,-21.84,-11.55));
#2706 = CARTESIAN_POINT('',(80.2,-22.84,-12.55));
#2707 = DEFINITIONAL_REPRESENTATION('',(#2708),#2711);
#2708 = B_SPLINE_CURVE_WITH_KNOTS('',1,(#2709,#2710),.UNSPECIFIED.,.F.,
  .F.,(2,2),(0.,5.1),.PIECEWISE_BEZIER_KNOTS.);
#2709 = CARTESIAN_POINT('',(0.,0.));
#2710 = CARTESIAN_POINT('',(7.1,0.));
#2711 = ( GEOMETRIC_REPRESENTATION_CONTEXT(2) 
PARAMETRIC_REPRESENTATION_CONTEXT() REPRESENTATION_CONTEXT('2D SPACE',''
  ) );
#2712 = ADVANCED_FACE('',(#2713),#1758,.F.);
#2713 = FACE_BOUND('',#2714,.F.);
#2714 = EDGE_LOOP('',(#2715));
#2715 = ORIENTED_EDGE('',*,*,#1743,.T.);
#2716 = ADVANCED_FACE('',(#2717,#2939),#1836,.F.);
#2717 = FACE_BOUND('',#2718,.F.);
#2718 = EDGE_LOOP('',(#2719,#2750,#2776,#2805,#2831,#2860,#2886,#2915));
#2719 = ORIENTED_EDGE('',*,*,#2720,.T.);
#2720 = EDGE_CURVE('',#2721,#2723,#2725,.T.);
#2721 = VERTEX_POINT('',#2722);
#2722 = CARTESIAN_POINT('',(-3.2,-32.2,-13.7));
#2723 = VERTEX_POINT('',#2724);
#2724 = CARTESIAN_POINT('',(3.8,-39.2,-13.7));
#2725 = SURFACE_CURVE('',#2726,(#2731,#2738),.PCURVE_S1.);
#2726 = CIRCLE('',#2727,7.);
#2727 = AXIS2_PLACEMENT_3D('',#2728,#2729,#2730);
#2728 = CARTESIAN_POINT('',(3.8,-32.2,-13.7));
#2729 = DIRECTION('',(0.,0.,1.));
#2730 = DIRECTION('',(0.,-1.,0.));
#2731 = PCURVE('',#1836,#2732);
#2732 = DEFINITIONAL_REPRESENTATION('',(#2733),#2737);
#2733 = CIRCLE('',#2734,7.);
#2734 = AXIS2_PLACEMENT_2D('',#2735,#2736);
#2735 = CARTESIAN_POINT('',(-34.7,-14.7));
#2736 = DIRECTION('',(0.,-1.));
#2737 = ( GEOMETRIC_REPRESENTATION_CONTEXT(2) 
PARAMETRIC_REPRESENTATION_CONTEXT() REPRESENTATION_CONTEXT('2D SPACE',''
  ) );
#2738 = PCURVE('',#2739,#2744);
#2739 = CYLINDRICAL_SURFACE('',#2740,7.);
#2740 = AXIS2_PLACEMENT_3D('',#2741,#2742,#2743);
#2741 = CARTESIAN_POINT('',(3.8,-32.2,-15.2));
#2742 = DIRECTION('',(0.,0.,1.));
#2743 = DIRECTION('',(0.,-1.,0.));
#2744 = DEFINITIONAL_REPRESENTATION('',(#2745),#2749);
#2745 = LINE('',#2746,#2747);
#2746 = CARTESIAN_POINT('',(-6.28318530718,1.5));
#2747 = VECTOR('',#2748,1.);
#2748 = DIRECTION('',(1.,-0.));
#2749 = ( GEOMETRIC_REPRESENTATION_CONTEXT(2) 
PARAMETRIC_REPRESENTATION_CONTEXT() REPRESENTATION_CONTEXT('2D SPACE',''
  ) );
#2750 = ORIENTED_EDGE('',*,*,#2751,.T.);
#2751 = EDGE_CURVE('',#2723,#2752,#2754,.T.);
#2752 = VERTEX_POINT('',#2753);
#2753 = CARTESIAN_POINT('',(73.2,-39.2,-13.7));
#2754 = SURFACE_CURVE('',#2755,(#2759,#2765),.PCURVE_S1.);
#2755 = LINE('',#2756,#2757);
#2756 = CARTESIAN_POINT('',(17.65,-39.2,-13.7));
#2757 = VECTOR('',#2758,1.);
#2758 = DIRECTION('',(1.,0.,0.));
#2759 = PCURVE('',#1836,#2760);
#2760 = DEFINITIONAL_REPRESENTATION('',(#2761),#2764);
#2761 = B_SPLINE_CURVE_WITH_KNOTS('',1,(#2762,#2763),.UNSPECIFIED.,.F.,
  .F.,(2,2),(-13.85,55.55),.PIECEWISE_BEZIER_KNOTS.);
#2762 = CARTESIAN_POINT('',(-34.7,-21.7));
#2763 = CARTESIAN_POINT('',(34.7,-21.7));
#2764 = ( GEOMETRIC_REPRESENTATION_CONTEXT(2) 
PARAMETRIC_REPRESENTATION_CONTEXT() REPRESENTATION_CONTEXT('2D SPACE',''
  ) );
#2765 = PCURVE('',#2766,#2771);
#2766 = PLANE('',#2767);
#2767 = AXIS2_PLACEMENT_3D('',#2768,#2769,#2770);
#2768 = CARTESIAN_POINT('',(-3.2,-39.2,-15.2));
#2769 = DIRECTION('',(0.,1.,0.));
#2770 = DIRECTION('',(1.,0.,0.));
#2771 = DEFINITIONAL_REPRESENTATION('',(#2772),#2775);
#2772 = B_SPLINE_CURVE_WITH_KNOTS('',1,(#2773,#2774),.UNSPECIFIED.,.F.,
  .F.,(2,2),(-13.85,55.55),.PIECEWISE_BEZIER_KNOTS.);
#2773 = CARTESIAN_POINT('',(7.,-1.5));
#2774 = CARTESIAN_POINT('',(76.4,-1.5));
#2775 = ( GEOMETRIC_REPRESENTATION_CONTEXT(2) 
PARAMETRIC_REPRESENTATION_CONTEXT() REPRESENTATION_CONTEXT('2D SPACE',''
  ) );
#2776 = ORIENTED_EDGE('',*,*,#2777,.T.);
#2777 = EDGE_CURVE('',#2752,#2778,#2780,.T.);
#2778 = VERTEX_POINT('',#2779);
#2779 = CARTESIAN_POINT('',(80.2,-32.2,-13.7));
#2780 = SURFACE_CURVE('',#2781,(#2786,#2793),.PCURVE_S1.);
#2781 = CIRCLE('',#2782,7.);
#2782 = AXIS2_PLACEMENT_3D('',#2783,#2784,#2785);
#2783 = CARTESIAN_POINT('',(73.2,-32.2,-13.7));
#2784 = DIRECTION('',(0.,0.,1.));
#2785 = DIRECTION('',(0.,-1.,0.));
#2786 = PCURVE('',#1836,#2787);
#2787 = DEFINITIONAL_REPRESENTATION('',(#2788),#2792);
#2788 = CIRCLE('',#2789,7.);
#2789 = AXIS2_PLACEMENT_2D('',#2790,#2791);
#2790 = CARTESIAN_POINT('',(34.7,-14.7));
#2791 = DIRECTION('',(0.,-1.));
#2792 = ( GEOMETRIC_REPRESENTATION_CONTEXT(2) 
PARAMETRIC_REPRESENTATION_CONTEXT() REPRESENTATION_CONTEXT('2D SPACE',''
  ) );
#2793 = PCURVE('',#2794,#2799);
#2794 = CYLINDRICAL_SURFACE('',#2795,7.);
#2795 = AXIS2_PLACEMENT_3D('',#2796,#2797,#2798);
#2796 = CARTESIAN_POINT('',(73.2,-32.2,-15.2));
#2797 = DIRECTION('',(0.,0.,1.));
#2798 = DIRECTION('',(0.,-1.,0.));
#2799 = DEFINITIONAL_REPRESENTATION('',(#2800),#2804);
#2800 = LINE('',#2801,#2802);
#2801 = CARTESIAN_POINT('',(0.,1.5));
#2802 = VECTOR('',#2803,1.);
#2803 = DIRECTION('',(1.,0.));
#2804 = ( GEOMETRIC_REPRESENTATION_CONTEXT(2) 
PARAMETRIC_REPRESENTATION_CONTEXT() REPRESENTATION_CONTEXT('2D SPACE',''
  ) );
#2805 = ORIENTED_EDGE('',*,*,#2806,.T.);
#2806 = EDGE_CURVE('',#2778,#2807,#2809,.T.);
#2807 = VERTEX_POINT('',#2808);
#2808 = CARTESIAN_POINT('',(80.2,-2.8,-13.7));
#2809 = SURFACE_CURVE('',#2810,(#2814,#2820),.PCURVE_S1.);
#2810 = LINE('',#2811,#2812);
#2811 = CARTESIAN_POINT('',(80.2,-28.35,-13.7));
#2812 = VECTOR('',#2813,1.);
#2813 = DIRECTION('',(0.,1.,-0.));
#2814 = PCURVE('',#1836,#2815);
#2815 = DEFINITIONAL_REPRESENTATION('',(#2816),#2819);
#2816 = B_SPLINE_CURVE_WITH_KNOTS('',1,(#2817,#2818),.UNSPECIFIED.,.F.,
  .F.,(2,2),(-3.85,25.55),.PIECEWISE_BEZIER_KNOTS.);
#2817 = CARTESIAN_POINT('',(41.7,-14.7));
#2818 = CARTESIAN_POINT('',(41.7,14.7));
#2819 = ( GEOMETRIC_REPRESENTATION_CONTEXT(2) 
PARAMETRIC_REPRESENTATION_CONTEXT() REPRESENTATION_CONTEXT('2D SPACE',''
  ) );
#2820 = PCURVE('',#2821,#2826);
#2821 = PLANE('',#2822);
#2822 = AXIS2_PLACEMENT_3D('',#2823,#2824,#2825);
#2823 = CARTESIAN_POINT('',(80.2,-39.2,-15.2));
#2824 = DIRECTION('',(-1.,0.,0.));
#2825 = DIRECTION('',(0.,1.,0.));
#2826 = DEFINITIONAL_REPRESENTATION('',(#2827),#2830);
#2827 = B_SPLINE_CURVE_WITH_KNOTS('',1,(#2828,#2829),.UNSPECIFIED.,.F.,
  .F.,(2,2),(-3.85,25.55),.PIECEWISE_BEZIER_KNOTS.);
#2828 = CARTESIAN_POINT('',(7.,-1.5));
#2829 = CARTESIAN_POINT('',(36.4,-1.5));
#2830 = ( GEOMETRIC_REPRESENTATION_CONTEXT(2) 
PARAMETRIC_REPRESENTATION_CONTEXT() REPRESENTATION_CONTEXT('2D SPACE',''
  ) );
#2831 = ORIENTED_EDGE('',*,*,#2832,.T.);
#2832 = EDGE_CURVE('',#2807,#2833,#2835,.T.);
#2833 = VERTEX_POINT('',#2834);
#2834 = CARTESIAN_POINT('',(73.2,4.2,-13.7));
#2835 = SURFACE_CURVE('',#2836,(#2841,#2848),.PCURVE_S1.);
#2836 = CIRCLE('',#2837,7.);
#2837 = AXIS2_PLACEMENT_3D('',#2838,#2839,#2840);
#2838 = CARTESIAN_POINT('',(73.2,-2.8,-13.7));
#2839 = DIRECTION('',(0.,0.,1.));
#2840 = DIRECTION('',(1.,0.,-0.));
#2841 = PCURVE('',#1836,#2842);
#2842 = DEFINITIONAL_REPRESENTATION('',(#2843),#2847);
#2843 = CIRCLE('',#2844,7.);
#2844 = AXIS2_PLACEMENT_2D('',#2845,#2846);
#2845 = CARTESIAN_POINT('',(34.7,14.7));
#2846 = DIRECTION('',(1.,0.));
#2847 = ( GEOMETRIC_REPRESENTATION_CONTEXT(2) 
PARAMETRIC_REPRESENTATION_CONTEXT() REPRESENTATION_CONTEXT('2D SPACE',''
  ) );
#2848 = PCURVE('',#2849,#2854);
#2849 = CYLINDRICAL_SURFACE('',#2850,7.);
#2850 = AXIS2_PLACEMENT_3D('',#2851,#2852,#2853);
#2851 = CARTESIAN_POINT('',(73.2,-2.8,-15.2));
#2852 = DIRECTION('',(0.,0.,1.));
#2853 = DIRECTION('',(1.,0.,-0.));
#2854 = DEFINITIONAL_REPRESENTATION('',(#2855),#2859);
#2855 = LINE('',#2856,#2857);
#2856 = CARTESIAN_POINT('',(0.,1.5));
#2857 = VECTOR('',#2858,1.);
#2858 = DIRECTION('',(1.,0.));
#2859 = ( GEOMETRIC_REPRESENTATION_CONTEXT(2) 
PARAMETRIC_REPRESENTATION_CONTEXT() REPRESENTATION_CONTEXT('2D SPACE',''
  ) );
#2860 = ORIENTED_EDGE('',*,*,#2861,.T.);
#2861 = EDGE_CURVE('',#2833,#2862,#2864,.T.);
#2862 = VERTEX_POINT('',#2863);
#2863 = CARTESIAN_POINT('',(3.8,4.2,-13.7));
#2864 = SURFACE_CURVE('',#2865,(#2869,#2875),.PCURVE_S1.);
#2865 = LINE('',#2866,#2867);
#2866 = CARTESIAN_POINT('',(59.35,4.2,-13.7));
#2867 = VECTOR('',#2868,1.);
#2868 = DIRECTION('',(-1.,0.,0.));
#2869 = PCURVE('',#1836,#2870);
#2870 = DEFINITIONAL_REPRESENTATION('',(#2871),#2874);
#2871 = B_SPLINE_CURVE_WITH_KNOTS('',1,(#2872,#2873),.UNSPECIFIED.,.F.,
  .F.,(2,2),(-13.85,55.55),.PIECEWISE_BEZIER_KNOTS.);
#2872 = CARTESIAN_POINT('',(34.7,21.7));
#2873 = CARTESIAN_POINT('',(-34.7,21.7));
#2874 = ( GEOMETRIC_REPRESENTATION_CONTEXT(2) 
PARAMETRIC_REPRESENTATION_CONTEXT() REPRESENTATION_CONTEXT('2D SPACE',''
  ) );
#2875 = PCURVE('',#2876,#2881);
#2876 = PLANE('',#2877);
#2877 = AXIS2_PLACEMENT_3D('',#2878,#2879,#2880);
#2878 = CARTESIAN_POINT('',(80.2,4.2,-15.2));
#2879 = DIRECTION('',(0.,-1.,0.));
#2880 = DIRECTION('',(-1.,0.,0.));
#2881 = DEFINITIONAL_REPRESENTATION('',(#2882),#2885);
#2882 = B_SPLINE_CURVE_WITH_KNOTS('',1,(#2883,#2884),.UNSPECIFIED.,.F.,
  .F.,(2,2),(-13.85,55.55),.PIECEWISE_BEZIER_KNOTS.);
#2883 = CARTESIAN_POINT('',(7.,-1.5));
#2884 = CARTESIAN_POINT('',(76.4,-1.5));
#2885 = ( GEOMETRIC_REPRESENTATION_CONTEXT(2) 
PARAMETRIC_REPRESENTATION_CONTEXT() REPRESENTATION_CONTEXT('2D SPACE',''
  ) );
#2886 = ORIENTED_EDGE('',*,*,#2887,.T.);
#2887 = EDGE_CURVE('',#2862,#2888,#2890,.T.);
#2888 = VERTEX_POINT('',#2889);
#2889 = CARTESIAN_POINT('',(-3.2,-2.8,-13.7));
#2890 = SURFACE_CURVE('',#2891,(#2896,#2903),.PCURVE_S1.);
#2891 = CIRCLE('',#2892,7.);
#2892 = AXIS2_PLACEMENT_3D('',#2893,#2894,#2895);
#2893 = CARTESIAN_POINT('',(3.8,-2.8,-13.7));
#2894 = DIRECTION('',(0.,0.,1.));
#2895 = DIRECTION('',(-0.,1.,0.));
#2896 = PCURVE('',#1836,#2897);
#2897 = DEFINITIONAL_REPRESENTATION('',(#2898),#2902);
#2898 = CIRCLE('',#2899,7.);
#2899 = AXIS2_PLACEMENT_2D('',#2900,#2901);
#2900 = CARTESIAN_POINT('',(-34.7,14.7));
#2901 = DIRECTION('',(0.,1.));
#2902 = ( GEOMETRIC_REPRESENTATION_CONTEXT(2) 
PARAMETRIC_REPRESENTATION_CONTEXT() REPRESENTATION_CONTEXT('2D SPACE',''
  ) );
#2903 = PCURVE('',#2904,#2909);
#2904 = CYLINDRICAL_SURFACE('',#2905,7.);
#2905 = AXIS2_PLACEMENT_3D('',#2906,#2907,#2908);
#2906 = CARTESIAN_POINT('',(3.8,-2.8,-15.2));
#2907 = DIRECTION('',(0.,0.,1.));
#2908 = DIRECTION('',(-0.,1.,0.));
#2909 = DEFINITIONAL_REPRESENTATION('',(#2910),#2914);
#2910 = LINE('',#2911,#2912);
#2911 = CARTESIAN_POINT('',(0.,1.5));
#2912 = VECTOR('',#2913,1.);
#2913 = DIRECTION('',(1.,0.));
#2914 = ( GEOMETRIC_REPRESENTATION_CONTEXT(2) 
PARAMETRIC_REPRESENTATION_CONTEXT() REPRESENTATION_CONTEXT('2D SPACE',''
  ) );
#2915 = ORIENTED_EDGE('',*,*,#2916,.T.);
#2916 = EDGE_CURVE('',#2888,#2721,#2917,.T.);
#2917 = SURFACE_CURVE('',#2918,(#2922,#2928),.PCURVE_S1.);
#2918 = LINE('',#2919,#2920);
#2919 = CARTESIAN_POINT('',(-3.2,-6.65,-13.7));
#2920 = VECTOR('',#2921,1.);
#2921 = DIRECTION('',(0.,-1.,0.));
#2922 = PCURVE('',#1836,#2923);
#2923 = DEFINITIONAL_REPRESENTATION('',(#2924),#2927);
#2924 = B_SPLINE_CURVE_WITH_KNOTS('',1,(#2925,#2926),.UNSPECIFIED.,.F.,
  .F.,(2,2),(-3.85,25.55),.PIECEWISE_BEZIER_KNOTS.);
#2925 = CARTESIAN_POINT('',(-41.7,14.7));
#2926 = CARTESIAN_POINT('',(-41.7,-14.7));
#2927 = ( GEOMETRIC_REPRESENTATION_CONTEXT(2) 
PARAMETRIC_REPRESENTATION_CONTEXT() REPRESENTATION_CONTEXT('2D SPACE',''
  ) );
#2928 = PCURVE('',#2929,#2934);
#2929 = PLANE('',#2930);
#2930 = AXIS2_PLACEMENT_3D('',#2931,#2932,#2933);
#2931 = CARTESIAN_POINT('',(-3.2,4.2,-15.2));
#2932 = DIRECTION('',(1.,0.,-0.));
#2933 = DIRECTION('',(0.,-1.,0.));
#2934 = DEFINITIONAL_REPRESENTATION('',(#2935),#2938);
#2935 = B_SPLINE_CURVE_WITH_KNOTS('',1,(#2936,#2937),.UNSPECIFIED.,.F.,
  .F.,(2,2),(-3.85,25.55),.PIECEWISE_BEZIER_KNOTS.);
#2936 = CARTESIAN_POINT('',(7.,-1.5));
#2937 = CARTESIAN_POINT('',(36.4,-1.5));
#2938 = ( GEOMETRIC_REPRESENTATION_CONTEXT(2) 
PARAMETRIC_REPRESENTATION_CONTEXT() REPRESENTATION_CONTEXT('2D SPACE',''
  ) );
#2939 = FACE_BOUND('',#2940,.F.);
#2940 = EDGE_LOOP('',(#2941,#2942,#2943,#2944,#2945,#2946,#2947,#2948));
#2941 = ORIENTED_EDGE('',*,*,#1821,.F.);
#2942 = ORIENTED_EDGE('',*,*,#1875,.T.);
#2943 = ORIENTED_EDGE('',*,*,#1970,.F.);
#2944 = ORIENTED_EDGE('',*,*,#2069,.T.);
#2945 = ORIENTED_EDGE('',*,*,#2142,.F.);
#2946 = ORIENTED_EDGE('',*,*,#2094,.T.);
#2947 = ORIENTED_EDGE('',*,*,#2020,.F.);
#2948 = ORIENTED_EDGE('',*,*,#1900,.T.);
#2949 = ADVANCED_FACE('',(#2950),#2202,.T.);
#2950 = FACE_BOUND('',#2951,.T.);
#2951 = EDGE_LOOP('',(#2952,#2975,#2976,#2999));
#2952 = ORIENTED_EDGE('',*,*,#2953,.F.);
#2953 = EDGE_CURVE('',#2186,#2954,#2956,.T.);
#2954 = VERTEX_POINT('',#2955);
#2955 = CARTESIAN_POINT('',(66.2,-34.2,1.2));
#2956 = SURFACE_CURVE('',#2957,(#2961,#2968),.PCURVE_S1.);
#2957 = LINE('',#2958,#2959);
#2958 = CARTESIAN_POINT('',(66.2,-34.2,0.1));
#2959 = VECTOR('',#2960,1.);
#2960 = DIRECTION('',(0.,0.,1.));
#2961 = PCURVE('',#2202,#2962);
#2962 = DEFINITIONAL_REPRESENTATION('',(#2963),#2967);
#2963 = LINE('',#2964,#2965);
#2964 = CARTESIAN_POINT('',(0.,58.4));
#2965 = VECTOR('',#2966,1.);
#2966 = DIRECTION('',(1.,0.));
#2967 = ( GEOMETRIC_REPRESENTATION_CONTEXT(2) 
PARAMETRIC_REPRESENTATION_CONTEXT() REPRESENTATION_CONTEXT('2D SPACE',''
  ) );
#2968 = PCURVE('',#2278,#2969);
#2969 = DEFINITIONAL_REPRESENTATION('',(#2970),#2974);
#2970 = LINE('',#2971,#2972);
#2971 = CARTESIAN_POINT('',(0.,0.));
#2972 = VECTOR('',#2973,1.);
#2973 = DIRECTION('',(1.,0.));
#2974 = ( GEOMETRIC_REPRESENTATION_CONTEXT(2) 
PARAMETRIC_REPRESENTATION_CONTEXT() REPRESENTATION_CONTEXT('2D SPACE',''
  ) );
#2975 = ORIENTED_EDGE('',*,*,#2185,.T.);
#2976 = ORIENTED_EDGE('',*,*,#2977,.T.);
#2977 = EDGE_CURVE('',#2188,#2978,#2980,.T.);
#2978 = VERTEX_POINT('',#2979);
#2979 = CARTESIAN_POINT('',(7.8,-34.2,1.2));
#2980 = SURFACE_CURVE('',#2981,(#2985,#2992),.PCURVE_S1.);
#2981 = LINE('',#2982,#2983);
#2982 = CARTESIAN_POINT('',(7.8,-34.2,0.1));
#2983 = VECTOR('',#2984,1.);
#2984 = DIRECTION('',(0.,0.,1.));
#2985 = PCURVE('',#2202,#2986);
#2986 = DEFINITIONAL_REPRESENTATION('',(#2987),#2991);
#2987 = LINE('',#2988,#2989);
#2988 = CARTESIAN_POINT('',(0.,0.));
#2989 = VECTOR('',#2990,1.);
#2990 = DIRECTION('',(1.,0.));
#2991 = ( GEOMETRIC_REPRESENTATION_CONTEXT(2) 
PARAMETRIC_REPRESENTATION_CONTEXT() REPRESENTATION_CONTEXT('2D SPACE',''
  ) );
#2992 = PCURVE('',#2228,#2993);
#2993 = DEFINITIONAL_REPRESENTATION('',(#2994),#2998);
#2994 = LINE('',#2995,#2996);
#2995 = CARTESIAN_POINT('',(0.,0.));
#2996 = VECTOR('',#2997,1.);
#2997 = DIRECTION('',(1.,0.));
#2998 = ( GEOMETRIC_REPRESENTATION_CONTEXT(2) 
PARAMETRIC_REPRESENTATION_CONTEXT() REPRESENTATION_CONTEXT('2D SPACE',''
  ) );
#2999 = ORIENTED_EDGE('',*,*,#3000,.T.);
#3000 = EDGE_CURVE('',#2978,#2954,#3001,.T.);
#3001 = SURFACE_CURVE('',#3002,(#3006,#3013),.PCURVE_S1.);
#3002 = LINE('',#3003,#3004);
#3003 = CARTESIAN_POINT('',(7.8,-34.2,1.2));
#3004 = VECTOR('',#3005,1.);
#3005 = DIRECTION('',(1.,0.,0.));
#3006 = PCURVE('',#2202,#3007);
#3007 = DEFINITIONAL_REPRESENTATION('',(#3008),#3012);
#3008 = LINE('',#3009,#3010);
#3009 = CARTESIAN_POINT('',(1.1,0.));
#3010 = VECTOR('',#3011,1.);
#3011 = DIRECTION('',(0.,1.));
#3012 = ( GEOMETRIC_REPRESENTATION_CONTEXT(2) 
PARAMETRIC_REPRESENTATION_CONTEXT() REPRESENTATION_CONTEXT('2D SPACE',''
  ) );
#3013 = PCURVE('',#3014,#3019);
#3014 = B_SPLINE_SURFACE_WITH_KNOTS('',1,1,(
    (#3015,#3016)
    ,(#3017,#3018
    )),.UNSPECIFIED.,.F.,.F.,.F.,(2,2),(2,2),(0.,59.6),(0.,1.),
  .PIECEWISE_BEZIER_KNOTS.);
#3015 = CARTESIAN_POINT('',(7.8,-34.2,1.2));
#3016 = CARTESIAN_POINT('',(7.2,-34.8,1.8));
#3017 = CARTESIAN_POINT('',(66.2,-34.2,1.2));
#3018 = CARTESIAN_POINT('',(66.8,-34.8,1.8));
#3019 = DEFINITIONAL_REPRESENTATION('',(#3020),#3023);
#3020 = B_SPLINE_CURVE_WITH_KNOTS('',1,(#3021,#3022),.UNSPECIFIED.,.F.,
  .F.,(2,2),(0.,58.4),.PIECEWISE_BEZIER_KNOTS.);
#3021 = CARTESIAN_POINT('',(0.,0.));
#3022 = CARTESIAN_POINT('',(59.6,0.));
#3023 = ( GEOMETRIC_REPRESENTATION_CONTEXT(2) 
PARAMETRIC_REPRESENTATION_CONTEXT() REPRESENTATION_CONTEXT('2D SPACE',''
  ) );
#3024 = ADVANCED_FACE('',(#3025),#2278,.F.);
#3025 = FACE_BOUND('',#3026,.F.);
#3026 = EDGE_LOOP('',(#3027,#3028,#3029,#3052));
#3027 = ORIENTED_EDGE('',*,*,#2953,.F.);
#3028 = ORIENTED_EDGE('',*,*,#2265,.T.);
#3029 = ORIENTED_EDGE('',*,*,#3030,.T.);
#3030 = EDGE_CURVE('',#2240,#3031,#3033,.T.);
#3031 = VERTEX_POINT('',#3032);
#3032 = CARTESIAN_POINT('',(66.2,-2.8,1.2));
#3033 = SURFACE_CURVE('',#3034,(#3038,#3045),.PCURVE_S1.);
#3034 = LINE('',#3035,#3036);
#3035 = CARTESIAN_POINT('',(66.2,-2.8,0.1));
#3036 = VECTOR('',#3037,1.);
#3037 = DIRECTION('',(0.,0.,1.));
#3038 = PCURVE('',#2278,#3039);
#3039 = DEFINITIONAL_REPRESENTATION('',(#3040),#3044);
#3040 = LINE('',#3041,#3042);
#3041 = CARTESIAN_POINT('',(0.,-31.4));
#3042 = VECTOR('',#3043,1.);
#3043 = DIRECTION('',(1.,0.));
#3044 = ( GEOMETRIC_REPRESENTATION_CONTEXT(2) 
PARAMETRIC_REPRESENTATION_CONTEXT() REPRESENTATION_CONTEXT('2D SPACE',''
  ) );
#3045 = PCURVE('',#2254,#3046);
#3046 = DEFINITIONAL_REPRESENTATION('',(#3047),#3051);
#3047 = LINE('',#3048,#3049);
#3048 = CARTESIAN_POINT('',(0.,58.4));
#3049 = VECTOR('',#3050,1.);
#3050 = DIRECTION('',(1.,0.));
#3051 = ( GEOMETRIC_REPRESENTATION_CONTEXT(2) 
PARAMETRIC_REPRESENTATION_CONTEXT() REPRESENTATION_CONTEXT('2D SPACE',''
  ) );
#3052 = ORIENTED_EDGE('',*,*,#3053,.F.);
#3053 = EDGE_CURVE('',#2954,#3031,#3054,.T.);
#3054 = SURFACE_CURVE('',#3055,(#3059,#3066),.PCURVE_S1.);
#3055 = LINE('',#3056,#3057);
#3056 = CARTESIAN_POINT('',(66.2,-34.2,1.2));
#3057 = VECTOR('',#3058,1.);
#3058 = DIRECTION('',(0.,1.,0.));
#3059 = PCURVE('',#2278,#3060);
#3060 = DEFINITIONAL_REPRESENTATION('',(#3061),#3065);
#3061 = LINE('',#3062,#3063);
#3062 = CARTESIAN_POINT('',(1.1,0.));
#3063 = VECTOR('',#3064,1.);
#3064 = DIRECTION('',(0.,-1.));
#3065 = ( GEOMETRIC_REPRESENTATION_CONTEXT(2) 
PARAMETRIC_REPRESENTATION_CONTEXT() REPRESENTATION_CONTEXT('2D SPACE',''
  ) );
#3066 = PCURVE('',#3067,#3072);
#3067 = B_SPLINE_SURFACE_WITH_KNOTS('',1,1,(
    (#3068,#3069)
    ,(#3070,#3071
    )),.UNSPECIFIED.,.F.,.F.,.F.,(2,2),(2,2),(0.,32.6),(0.,1.),
  .PIECEWISE_BEZIER_KNOTS.);
#3068 = CARTESIAN_POINT('',(66.2,-34.2,1.2));
#3069 = CARTESIAN_POINT('',(66.8,-34.8,1.8));
#3070 = CARTESIAN_POINT('',(66.2,-2.8,1.2));
#3071 = CARTESIAN_POINT('',(66.8,-2.2,1.8));
#3072 = DEFINITIONAL_REPRESENTATION('',(#3073),#3076);
#3073 = B_SPLINE_CURVE_WITH_KNOTS('',1,(#3074,#3075),.UNSPECIFIED.,.F.,
  .F.,(2,2),(0.,31.4),.PIECEWISE_BEZIER_KNOTS.);
#3074 = CARTESIAN_POINT('',(0.,0.));
#3075 = CARTESIAN_POINT('',(32.6,0.));
#3076 = ( GEOMETRIC_REPRESENTATION_CONTEXT(2) 
PARAMETRIC_REPRESENTATION_CONTEXT() REPRESENTATION_CONTEXT('2D SPACE',''
  ) );
#3077 = ADVANCED_FACE('',(#3078),#2254,.F.);
#3078 = FACE_BOUND('',#3079,.F.);
#3079 = EDGE_LOOP('',(#3080,#3081,#3082,#3105));
#3080 = ORIENTED_EDGE('',*,*,#3030,.F.);
#3081 = ORIENTED_EDGE('',*,*,#2239,.T.);
#3082 = ORIENTED_EDGE('',*,*,#3083,.T.);
#3083 = EDGE_CURVE('',#2214,#3084,#3086,.T.);
#3084 = VERTEX_POINT('',#3085);
#3085 = CARTESIAN_POINT('',(7.8,-2.8,1.2));
#3086 = SURFACE_CURVE('',#3087,(#3091,#3098),.PCURVE_S1.);
#3087 = LINE('',#3088,#3089);
#3088 = CARTESIAN_POINT('',(7.8,-2.8,0.1));
#3089 = VECTOR('',#3090,1.);
#3090 = DIRECTION('',(0.,0.,1.));
#3091 = PCURVE('',#2254,#3092);
#3092 = DEFINITIONAL_REPRESENTATION('',(#3093),#3097);
#3093 = LINE('',#3094,#3095);
#3094 = CARTESIAN_POINT('',(0.,0.));
#3095 = VECTOR('',#3096,1.);
#3096 = DIRECTION('',(1.,0.));
#3097 = ( GEOMETRIC_REPRESENTATION_CONTEXT(2) 
PARAMETRIC_REPRESENTATION_CONTEXT() REPRESENTATION_CONTEXT('2D SPACE',''
  ) );
#3098 = PCURVE('',#2228,#3099);
#3099 = DEFINITIONAL_REPRESENTATION('',(#3100),#3104);
#3100 = LINE('',#3101,#3102);
#3101 = CARTESIAN_POINT('',(0.,-31.4));
#3102 = VECTOR('',#3103,1.);
#3103 = DIRECTION('',(1.,0.));
#3104 = ( GEOMETRIC_REPRESENTATION_CONTEXT(2) 
PARAMETRIC_REPRESENTATION_CONTEXT() REPRESENTATION_CONTEXT('2D SPACE',''
  ) );
#3105 = ORIENTED_EDGE('',*,*,#3106,.F.);
#3106 = EDGE_CURVE('',#3031,#3084,#3107,.T.);
#3107 = SURFACE_CURVE('',#3108,(#3112,#3119),.PCURVE_S1.);
#3108 = LINE('',#3109,#3110);
#3109 = CARTESIAN_POINT('',(66.2,-2.8,1.2));
#3110 = VECTOR('',#3111,1.);
#3111 = DIRECTION('',(-1.,0.,0.));
#3112 = PCURVE('',#2254,#3113);
#3113 = DEFINITIONAL_REPRESENTATION('',(#3114),#3118);
#3114 = LINE('',#3115,#3116);
#3115 = CARTESIAN_POINT('',(1.1,58.4));
#3116 = VECTOR('',#3117,1.);
#3117 = DIRECTION('',(0.,-1.));
#3118 = ( GEOMETRIC_REPRESENTATION_CONTEXT(2) 
PARAMETRIC_REPRESENTATION_CONTEXT() REPRESENTATION_CONTEXT('2D SPACE',''
  ) );
#3119 = PCURVE('',#3120,#3125);
#3120 = B_SPLINE_SURFACE_WITH_KNOTS('',1,1,(
    (#3121,#3122)
    ,(#3123,#3124
    )),.UNSPECIFIED.,.F.,.F.,.F.,(2,2),(2,2),(0.,59.6),(0.,1.),
  .PIECEWISE_BEZIER_KNOTS.);
#3121 = CARTESIAN_POINT('',(66.2,-2.8,1.2));
#3122 = CARTESIAN_POINT('',(66.8,-2.2,1.8));
#3123 = CARTESIAN_POINT('',(7.8,-2.8,1.2));
#3124 = CARTESIAN_POINT('',(7.2,-2.2,1.8));
#3125 = DEFINITIONAL_REPRESENTATION('',(#3126),#3129);
#3126 = B_SPLINE_CURVE_WITH_KNOTS('',1,(#3127,#3128),.UNSPECIFIED.,.F.,
  .F.,(2,2),(0.,58.4),.PIECEWISE_BEZIER_KNOTS.);
#3127 = CARTESIAN_POINT('',(0.,0.));
#3128 = CARTESIAN_POINT('',(59.6,0.));
#3129 = ( GEOMETRIC_REPRESENTATION_CONTEXT(2) 
PARAMETRIC_REPRESENTATION_CONTEXT() REPRESENTATION_CONTEXT('2D SPACE',''
  ) );
#3130 = ADVANCED_FACE('',(#3131),#2228,.T.);
#3131 = FACE_BOUND('',#3132,.T.);
#3132 = EDGE_LOOP('',(#3133,#3134,#3135,#3136));
#3133 = ORIENTED_EDGE('',*,*,#2977,.F.);
#3134 = ORIENTED_EDGE('',*,*,#2213,.T.);
#3135 = ORIENTED_EDGE('',*,*,#3083,.T.);
#3136 = ORIENTED_EDGE('',*,*,#3137,.T.);
#3137 = EDGE_CURVE('',#3084,#2978,#3138,.T.);
#3138 = SURFACE_CURVE('',#3139,(#3143,#3150),.PCURVE_S1.);
#3139 = LINE('',#3140,#3141);
#3140 = CARTESIAN_POINT('',(7.8,-2.8,1.2));
#3141 = VECTOR('',#3142,1.);
#3142 = DIRECTION('',(0.,-1.,0.));
#3143 = PCURVE('',#2228,#3144);
#3144 = DEFINITIONAL_REPRESENTATION('',(#3145),#3149);
#3145 = LINE('',#3146,#3147);
#3146 = CARTESIAN_POINT('',(1.1,-31.4));
#3147 = VECTOR('',#3148,1.);
#3148 = DIRECTION('',(0.,1.));
#3149 = ( GEOMETRIC_REPRESENTATION_CONTEXT(2) 
PARAMETRIC_REPRESENTATION_CONTEXT() REPRESENTATION_CONTEXT('2D SPACE',''
  ) );
#3150 = PCURVE('',#3151,#3156);
#3151 = B_SPLINE_SURFACE_WITH_KNOTS('',1,1,(
    (#3152,#3153)
    ,(#3154,#3155
    )),.UNSPECIFIED.,.F.,.F.,.F.,(2,2),(2,2),(0.,32.6),(0.,1.),
  .PIECEWISE_BEZIER_KNOTS.);
#3152 = CARTESIAN_POINT('',(7.8,-2.8,1.2));
#3153 = CARTESIAN_POINT('',(7.2,-2.2,1.8));
#3154 = CARTESIAN_POINT('',(7.8,-34.2,1.2));
#3155 = CARTESIAN_POINT('',(7.2,-34.8,1.8));
#3156 = DEFINITIONAL_REPRESENTATION('',(#3157),#3160);
#3157 = B_SPLINE_CURVE_WITH_KNOTS('',1,(#3158,#3159),.UNSPECIFIED.,.F.,
  .F.,(2,2),(0.,31.4),.PIECEWISE_BEZIER_KNOTS.);
#3158 = CARTESIAN_POINT('',(0.,0.));
#3159 = CARTESIAN_POINT('',(32.6,0.));
#3160 = ( GEOMETRIC_REPRESENTATION_CONTEXT(2) 
PARAMETRIC_REPRESENTATION_CONTEXT() REPRESENTATION_CONTEXT('2D SPACE',''
  ) );
#3161 = ADVANCED_FACE('',(#3162),#2331,.F.);
#3162 = FACE_BOUND('',#3163,.F.);
#3163 = EDGE_LOOP('',(#3164,#3165,#3187,#3210));
#3164 = ORIENTED_EDGE('',*,*,#2315,.T.);
#3165 = ORIENTED_EDGE('',*,*,#3166,.T.);
#3166 = EDGE_CURVE('',#2293,#3167,#3169,.T.);
#3167 = VERTEX_POINT('',#3168);
#3168 = CARTESIAN_POINT('',(13.3,-39.2,-1.9));
#3169 = SURFACE_CURVE('',#3170,(#3173,#3180),.PCURVE_S1.);
#3170 = B_SPLINE_CURVE_WITH_KNOTS('',1,(#3171,#3172),.UNSPECIFIED.,.F.,
  .F.,(2,2),(0.,1.),.PIECEWISE_BEZIER_KNOTS.);
#3171 = CARTESIAN_POINT('',(14.3,-38.2,-2.9));
#3172 = CARTESIAN_POINT('',(13.3,-39.2,-1.9));
#3173 = PCURVE('',#2331,#3174);
#3174 = DEFINITIONAL_REPRESENTATION('',(#3175),#3179);
#3175 = LINE('',#3176,#3177);
#3176 = CARTESIAN_POINT('',(9.4,0.));
#3177 = VECTOR('',#3178,1.);
#3178 = DIRECTION('',(0.,1.));
#3179 = ( GEOMETRIC_REPRESENTATION_CONTEXT(2) 
PARAMETRIC_REPRESENTATION_CONTEXT() REPRESENTATION_CONTEXT('2D SPACE',''
  ) );
#3180 = PCURVE('',#2488,#3181);
#3181 = DEFINITIONAL_REPRESENTATION('',(#3182),#3186);
#3182 = LINE('',#3183,#3184);
#3183 = CARTESIAN_POINT('',(0.,0.));
#3184 = VECTOR('',#3185,1.);
#3185 = DIRECTION('',(0.,1.));
#3186 = ( GEOMETRIC_REPRESENTATION_CONTEXT(2) 
PARAMETRIC_REPRESENTATION_CONTEXT() REPRESENTATION_CONTEXT('2D SPACE',''
  ) );
#3187 = ORIENTED_EDGE('',*,*,#3188,.F.);
#3188 = EDGE_CURVE('',#3189,#3167,#3191,.T.);
#3189 = VERTEX_POINT('',#3190);
#3190 = CARTESIAN_POINT('',(22.7,-39.2,-1.9));
#3191 = SURFACE_CURVE('',#3192,(#3196,#3203),.PCURVE_S1.);
#3192 = LINE('',#3193,#3194);
#3193 = CARTESIAN_POINT('',(22.7,-39.2,-1.9));
#3194 = VECTOR('',#3195,1.);
#3195 = DIRECTION('',(-1.,0.,0.));
#3196 = PCURVE('',#2331,#3197);
#3197 = DEFINITIONAL_REPRESENTATION('',(#3198),#3202);
#3198 = LINE('',#3199,#3200);
#3199 = CARTESIAN_POINT('',(0.,1.));
#3200 = VECTOR('',#3201,1.);
#3201 = DIRECTION('',(1.,0.));
#3202 = ( GEOMETRIC_REPRESENTATION_CONTEXT(2) 
PARAMETRIC_REPRESENTATION_CONTEXT() REPRESENTATION_CONTEXT('2D SPACE',''
  ) );
#3203 = PCURVE('',#2766,#3204);
#3204 = DEFINITIONAL_REPRESENTATION('',(#3205),#3209);
#3205 = LINE('',#3206,#3207);
#3206 = CARTESIAN_POINT('',(25.9,-13.3));
#3207 = VECTOR('',#3208,1.);
#3208 = DIRECTION('',(-1.,0.));
#3209 = ( GEOMETRIC_REPRESENTATION_CONTEXT(2) 
PARAMETRIC_REPRESENTATION_CONTEXT() REPRESENTATION_CONTEXT('2D SPACE',''
  ) );
#3210 = ORIENTED_EDGE('',*,*,#3211,.F.);
#3211 = EDGE_CURVE('',#2316,#3189,#3212,.T.);
#3212 = SURFACE_CURVE('',#3213,(#3216,#3223),.PCURVE_S1.);
#3213 = B_SPLINE_CURVE_WITH_KNOTS('',1,(#3214,#3215),.UNSPECIFIED.,.F.,
  .F.,(2,2),(0.,1.),.PIECEWISE_BEZIER_KNOTS.);
#3214 = CARTESIAN_POINT('',(21.7,-38.2,-2.9));
#3215 = CARTESIAN_POINT('',(22.7,-39.2,-1.9));
#3216 = PCURVE('',#2331,#3217);
#3217 = DEFINITIONAL_REPRESENTATION('',(#3218),#3222);
#3218 = LINE('',#3219,#3220);
#3219 = CARTESIAN_POINT('',(0.,0.));
#3220 = VECTOR('',#3221,1.);
#3221 = DIRECTION('',(0.,1.));
#3222 = ( GEOMETRIC_REPRESENTATION_CONTEXT(2) 
PARAMETRIC_REPRESENTATION_CONTEXT() REPRESENTATION_CONTEXT('2D SPACE',''
  ) );
#3223 = PCURVE('',#2384,#3224);
#3224 = DEFINITIONAL_REPRESENTATION('',(#3225),#3229);
#3225 = LINE('',#3226,#3227);
#3226 = CARTESIAN_POINT('',(6.2,0.));
#3227 = VECTOR('',#3228,1.);
#3228 = DIRECTION('',(0.,1.));
#3229 = ( GEOMETRIC_REPRESENTATION_CONTEXT(2) 
PARAMETRIC_REPRESENTATION_CONTEXT() REPRESENTATION_CONTEXT('2D SPACE',''
  ) );
#3230 = ADVANCED_FACE('',(#3231),#2384,.F.);
#3231 = FACE_BOUND('',#3232,.F.);
#3232 = EDGE_LOOP('',(#3233,#3234,#3235,#3258));
#3233 = ORIENTED_EDGE('',*,*,#2368,.T.);
#3234 = ORIENTED_EDGE('',*,*,#3211,.T.);
#3235 = ORIENTED_EDGE('',*,*,#3236,.F.);
#3236 = EDGE_CURVE('',#3237,#3189,#3239,.T.);
#3237 = VERTEX_POINT('',#3238);
#3238 = CARTESIAN_POINT('',(22.7,-39.2,-8.1));
#3239 = SURFACE_CURVE('',#3240,(#3244,#3251),.PCURVE_S1.);
#3240 = LINE('',#3241,#3242);
#3241 = CARTESIAN_POINT('',(22.7,-39.2,-8.1));
#3242 = VECTOR('',#3243,1.);
#3243 = DIRECTION('',(0.,0.,1.));
#3244 = PCURVE('',#2384,#3245);
#3245 = DEFINITIONAL_REPRESENTATION('',(#3246),#3250);
#3246 = LINE('',#3247,#3248);
#3247 = CARTESIAN_POINT('',(0.,1.));
#3248 = VECTOR('',#3249,1.);
#3249 = DIRECTION('',(1.,0.));
#3250 = ( GEOMETRIC_REPRESENTATION_CONTEXT(2) 
PARAMETRIC_REPRESENTATION_CONTEXT() REPRESENTATION_CONTEXT('2D SPACE',''
  ) );
#3251 = PCURVE('',#2766,#3252);
#3252 = DEFINITIONAL_REPRESENTATION('',(#3253),#3257);
#3253 = LINE('',#3254,#3255);
#3254 = CARTESIAN_POINT('',(25.9,-7.1));
#3255 = VECTOR('',#3256,1.);
#3256 = DIRECTION('',(0.,-1.));
#3257 = ( GEOMETRIC_REPRESENTATION_CONTEXT(2) 
PARAMETRIC_REPRESENTATION_CONTEXT() REPRESENTATION_CONTEXT('2D SPACE',''
  ) );
#3258 = ORIENTED_EDGE('',*,*,#3259,.F.);
#3259 = EDGE_CURVE('',#2369,#3237,#3260,.T.);
#3260 = SURFACE_CURVE('',#3261,(#3264,#3271),.PCURVE_S1.);
#3261 = B_SPLINE_CURVE_WITH_KNOTS('',1,(#3262,#3263),.UNSPECIFIED.,.F.,
  .F.,(2,2),(0.,1.),.PIECEWISE_BEZIER_KNOTS.);
#3262 = CARTESIAN_POINT('',(21.7,-38.2,-7.1));
#3263 = CARTESIAN_POINT('',(22.7,-39.2,-8.1));
#3264 = PCURVE('',#2384,#3265);
#3265 = DEFINITIONAL_REPRESENTATION('',(#3266),#3270);
#3266 = LINE('',#3267,#3268);
#3267 = CARTESIAN_POINT('',(0.,0.));
#3268 = VECTOR('',#3269,1.);
#3269 = DIRECTION('',(0.,1.));
#3270 = ( GEOMETRIC_REPRESENTATION_CONTEXT(2) 
PARAMETRIC_REPRESENTATION_CONTEXT() REPRESENTATION_CONTEXT('2D SPACE',''
  ) );
#3271 = PCURVE('',#2457,#3272);
#3272 = DEFINITIONAL_REPRESENTATION('',(#3273),#3277);
#3273 = LINE('',#3274,#3275);
#3274 = CARTESIAN_POINT('',(9.4,0.));
#3275 = VECTOR('',#3276,1.);
#3276 = DIRECTION('',(0.,1.));
#3277 = ( GEOMETRIC_REPRESENTATION_CONTEXT(2) 
PARAMETRIC_REPRESENTATION_CONTEXT() REPRESENTATION_CONTEXT('2D SPACE',''
  ) );
#3278 = ADVANCED_FACE('',(#3279),#2457,.F.);
#3279 = FACE_BOUND('',#3280,.F.);
#3280 = EDGE_LOOP('',(#3281,#3282,#3283,#3306));
#3281 = ORIENTED_EDGE('',*,*,#2443,.T.);
#3282 = ORIENTED_EDGE('',*,*,#3259,.T.);
#3283 = ORIENTED_EDGE('',*,*,#3284,.F.);
#3284 = EDGE_CURVE('',#3285,#3237,#3287,.T.);
#3285 = VERTEX_POINT('',#3286);
#3286 = CARTESIAN_POINT('',(13.3,-39.2,-8.1));
#3287 = SURFACE_CURVE('',#3288,(#3292,#3299),.PCURVE_S1.);
#3288 = LINE('',#3289,#3290);
#3289 = CARTESIAN_POINT('',(13.3,-39.2,-8.1));
#3290 = VECTOR('',#3291,1.);
#3291 = DIRECTION('',(1.,0.,0.));
#3292 = PCURVE('',#2457,#3293);
#3293 = DEFINITIONAL_REPRESENTATION('',(#3294),#3298);
#3294 = LINE('',#3295,#3296);
#3295 = CARTESIAN_POINT('',(0.,1.));
#3296 = VECTOR('',#3297,1.);
#3297 = DIRECTION('',(1.,0.));
#3298 = ( GEOMETRIC_REPRESENTATION_CONTEXT(2) 
PARAMETRIC_REPRESENTATION_CONTEXT() REPRESENTATION_CONTEXT('2D SPACE',''
  ) );
#3299 = PCURVE('',#2766,#3300);
#3300 = DEFINITIONAL_REPRESENTATION('',(#3301),#3305);
#3301 = LINE('',#3302,#3303);
#3302 = CARTESIAN_POINT('',(16.5,-7.1));
#3303 = VECTOR('',#3304,1.);
#3304 = DIRECTION('',(1.,0.));
#3305 = ( GEOMETRIC_REPRESENTATION_CONTEXT(2) 
PARAMETRIC_REPRESENTATION_CONTEXT() REPRESENTATION_CONTEXT('2D SPACE',''
  ) );
#3306 = ORIENTED_EDGE('',*,*,#3307,.F.);
#3307 = EDGE_CURVE('',#2421,#3285,#3308,.T.);
#3308 = SURFACE_CURVE('',#3309,(#3312,#3319),.PCURVE_S1.);
#3309 = B_SPLINE_CURVE_WITH_KNOTS('',1,(#3310,#3311),.UNSPECIFIED.,.F.,
  .F.,(2,2),(0.,1.),.PIECEWISE_BEZIER_KNOTS.);
#3310 = CARTESIAN_POINT('',(14.3,-38.2,-7.1));
#3311 = CARTESIAN_POINT('',(13.3,-39.2,-8.1));
#3312 = PCURVE('',#2457,#3313);
#3313 = DEFINITIONAL_REPRESENTATION('',(#3314),#3318);
#3314 = LINE('',#3315,#3316);
#3315 = CARTESIAN_POINT('',(0.,0.));
#3316 = VECTOR('',#3317,1.);
#3317 = DIRECTION('',(0.,1.));
#3318 = ( GEOMETRIC_REPRESENTATION_CONTEXT(2) 
PARAMETRIC_REPRESENTATION_CONTEXT() REPRESENTATION_CONTEXT('2D SPACE',''
  ) );
#3319 = PCURVE('',#2488,#3320);
#3320 = DEFINITIONAL_REPRESENTATION('',(#3321),#3325);
#3321 = LINE('',#3322,#3323);
#3322 = CARTESIAN_POINT('',(6.2,0.));
#3323 = VECTOR('',#3324,1.);
#3324 = DIRECTION('',(0.,1.));
#3325 = ( GEOMETRIC_REPRESENTATION_CONTEXT(2) 
PARAMETRIC_REPRESENTATION_CONTEXT() REPRESENTATION_CONTEXT('2D SPACE',''
  ) );
#3326 = ADVANCED_FACE('',(#3327),#2488,.F.);
#3327 = FACE_BOUND('',#3328,.F.);
#3328 = EDGE_LOOP('',(#3329,#3330,#3331,#3352));
#3329 = ORIENTED_EDGE('',*,*,#2474,.T.);
#3330 = ORIENTED_EDGE('',*,*,#3307,.T.);
#3331 = ORIENTED_EDGE('',*,*,#3332,.F.);
#3332 = EDGE_CURVE('',#3167,#3285,#3333,.T.);
#3333 = SURFACE_CURVE('',#3334,(#3338,#3345),.PCURVE_S1.);
#3334 = LINE('',#3335,#3336);
#3335 = CARTESIAN_POINT('',(13.3,-39.2,-1.9));
#3336 = VECTOR('',#3337,1.);
#3337 = DIRECTION('',(0.,0.,-1.));
#3338 = PCURVE('',#2488,#3339);
#3339 = DEFINITIONAL_REPRESENTATION('',(#3340),#3344);
#3340 = LINE('',#3341,#3342);
#3341 = CARTESIAN_POINT('',(0.,1.));
#3342 = VECTOR('',#3343,1.);
#3343 = DIRECTION('',(1.,0.));
#3344 = ( GEOMETRIC_REPRESENTATION_CONTEXT(2) 
PARAMETRIC_REPRESENTATION_CONTEXT() REPRESENTATION_CONTEXT('2D SPACE',''
  ) );
#3345 = PCURVE('',#2766,#3346);
#3346 = DEFINITIONAL_REPRESENTATION('',(#3347),#3351);
#3347 = LINE('',#3348,#3349);
#3348 = CARTESIAN_POINT('',(16.5,-13.3));
#3349 = VECTOR('',#3350,1.);
#3350 = DIRECTION('',(0.,1.));
#3351 = ( GEOMETRIC_REPRESENTATION_CONTEXT(2) 
PARAMETRIC_REPRESENTATION_CONTEXT() REPRESENTATION_CONTEXT('2D SPACE',''
  ) );
#3352 = ORIENTED_EDGE('',*,*,#3166,.F.);
#3353 = ADVANCED_FACE('',(#3354),#2565,.F.);
#3354 = FACE_BOUND('',#3355,.F.);
#3355 = EDGE_LOOP('',(#3356,#3357,#3379,#3402));
#3356 = ORIENTED_EDGE('',*,*,#2551,.T.);
#3357 = ORIENTED_EDGE('',*,*,#3358,.T.);
#3358 = EDGE_CURVE('',#2505,#3359,#3361,.T.);
#3359 = VERTEX_POINT('',#3360);
#3360 = CARTESIAN_POINT('',(80.2,-10.16,-12.55));
#3361 = SURFACE_CURVE('',#3362,(#3365,#3372),.PCURVE_S1.);
#3362 = B_SPLINE_CURVE_WITH_KNOTS('',1,(#3363,#3364),.UNSPECIFIED.,.F.,
  .F.,(2,2),(0.,1.),.PIECEWISE_BEZIER_KNOTS.);
#3363 = CARTESIAN_POINT('',(79.2,-11.16,-11.55));
#3364 = CARTESIAN_POINT('',(80.2,-10.16,-12.55));
#3365 = PCURVE('',#2565,#3366);
#3366 = DEFINITIONAL_REPRESENTATION('',(#3367),#3371);
#3367 = LINE('',#3368,#3369);
#3368 = CARTESIAN_POINT('',(12.68,0.));
#3369 = VECTOR('',#3370,1.);
#3370 = DIRECTION('',(0.,1.));
#3371 = ( GEOMETRIC_REPRESENTATION_CONTEXT(2) 
PARAMETRIC_REPRESENTATION_CONTEXT() REPRESENTATION_CONTEXT('2D SPACE',''
  ) );
#3372 = PCURVE('',#2618,#3373);
#3373 = DEFINITIONAL_REPRESENTATION('',(#3374),#3378);
#3374 = LINE('',#3375,#3376);
#3375 = CARTESIAN_POINT('',(0.,0.));
#3376 = VECTOR('',#3377,1.);
#3377 = DIRECTION('',(0.,1.));
#3378 = ( GEOMETRIC_REPRESENTATION_CONTEXT(2) 
PARAMETRIC_REPRESENTATION_CONTEXT() REPRESENTATION_CONTEXT('2D SPACE',''
  ) );
#3379 = ORIENTED_EDGE('',*,*,#3380,.F.);
#3380 = EDGE_CURVE('',#3381,#3359,#3383,.T.);
#3381 = VERTEX_POINT('',#3382);
#3382 = CARTESIAN_POINT('',(80.2,-22.84,-12.55));
#3383 = SURFACE_CURVE('',#3384,(#3388,#3395),.PCURVE_S1.);
#3384 = LINE('',#3385,#3386);
#3385 = CARTESIAN_POINT('',(80.2,-22.84,-12.55));
#3386 = VECTOR('',#3387,1.);
#3387 = DIRECTION('',(0.,1.,0.));
#3388 = PCURVE('',#2565,#3389);
#3389 = DEFINITIONAL_REPRESENTATION('',(#3390),#3394);
#3390 = LINE('',#3391,#3392);
#3391 = CARTESIAN_POINT('',(0.,1.));
#3392 = VECTOR('',#3393,1.);
#3393 = DIRECTION('',(1.,0.));
#3394 = ( GEOMETRIC_REPRESENTATION_CONTEXT(2) 
PARAMETRIC_REPRESENTATION_CONTEXT() REPRESENTATION_CONTEXT('2D SPACE',''
  ) );
#3395 = PCURVE('',#2821,#3396);
#3396 = DEFINITIONAL_REPRESENTATION('',(#3397),#3401);
#3397 = LINE('',#3398,#3399);
#3398 = CARTESIAN_POINT('',(16.36,-2.65));
#3399 = VECTOR('',#3400,1.);
#3400 = DIRECTION('',(1.,0.));
#3401 = ( GEOMETRIC_REPRESENTATION_CONTEXT(2) 
PARAMETRIC_REPRESENTATION_CONTEXT() REPRESENTATION_CONTEXT('2D SPACE',''
  ) );
#3402 = ORIENTED_EDGE('',*,*,#3403,.F.);
#3403 = EDGE_CURVE('',#2529,#3381,#3404,.T.);
#3404 = SURFACE_CURVE('',#3405,(#3408,#3415),.PCURVE_S1.);
#3405 = B_SPLINE_CURVE_WITH_KNOTS('',1,(#3406,#3407),.UNSPECIFIED.,.F.,
  .F.,(2,2),(0.,1.),.PIECEWISE_BEZIER_KNOTS.);
#3406 = CARTESIAN_POINT('',(79.2,-21.84,-11.55));
#3407 = CARTESIAN_POINT('',(80.2,-22.84,-12.55));
#3408 = PCURVE('',#2565,#3409);
#3409 = DEFINITIONAL_REPRESENTATION('',(#3410),#3414);
#3410 = LINE('',#3411,#3412);
#3411 = CARTESIAN_POINT('',(0.,0.));
#3412 = VECTOR('',#3413,1.);
#3413 = DIRECTION('',(0.,1.));
#3414 = ( GEOMETRIC_REPRESENTATION_CONTEXT(2) 
PARAMETRIC_REPRESENTATION_CONTEXT() REPRESENTATION_CONTEXT('2D SPACE',''
  ) );
#3415 = PCURVE('',#2702,#3416);
#3416 = DEFINITIONAL_REPRESENTATION('',(#3417),#3421);
#3417 = LINE('',#3418,#3419);
#3418 = CARTESIAN_POINT('',(7.1,0.));
#3419 = VECTOR('',#3420,1.);
#3420 = DIRECTION('',(0.,1.));
#3421 = ( GEOMETRIC_REPRESENTATION_CONTEXT(2) 
PARAMETRIC_REPRESENTATION_CONTEXT() REPRESENTATION_CONTEXT('2D SPACE',''
  ) );
#3422 = ADVANCED_FACE('',(#3423),#2618,.F.);
#3423 = FACE_BOUND('',#3424,.F.);
#3424 = EDGE_LOOP('',(#3425,#3426,#3448,#3469));
#3425 = ORIENTED_EDGE('',*,*,#2604,.T.);
#3426 = ORIENTED_EDGE('',*,*,#3427,.T.);
#3427 = EDGE_CURVE('',#2582,#3428,#3430,.T.);
#3428 = VERTEX_POINT('',#3429);
#3429 = CARTESIAN_POINT('',(80.2,-10.16,-5.45));
#3430 = SURFACE_CURVE('',#3431,(#3434,#3441),.PCURVE_S1.);
#3431 = B_SPLINE_CURVE_WITH_KNOTS('',1,(#3432,#3433),.UNSPECIFIED.,.F.,
  .F.,(2,2),(0.,1.),.PIECEWISE_BEZIER_KNOTS.);
#3432 = CARTESIAN_POINT('',(79.2,-11.16,-6.45));
#3433 = CARTESIAN_POINT('',(80.2,-10.16,-5.45));
#3434 = PCURVE('',#2618,#3435);
#3435 = DEFINITIONAL_REPRESENTATION('',(#3436),#3440);
#3436 = LINE('',#3437,#3438);
#3437 = CARTESIAN_POINT('',(7.1,0.));
#3438 = VECTOR('',#3439,1.);
#3439 = DIRECTION('',(0.,1.));
#3440 = ( GEOMETRIC_REPRESENTATION_CONTEXT(2) 
PARAMETRIC_REPRESENTATION_CONTEXT() REPRESENTATION_CONTEXT('2D SPACE',''
  ) );
#3441 = PCURVE('',#2671,#3442);
#3442 = DEFINITIONAL_REPRESENTATION('',(#3443),#3447);
#3443 = LINE('',#3444,#3445);
#3444 = CARTESIAN_POINT('',(0.,0.));
#3445 = VECTOR('',#3446,1.);
#3446 = DIRECTION('',(0.,1.));
#3447 = ( GEOMETRIC_REPRESENTATION_CONTEXT(2) 
PARAMETRIC_REPRESENTATION_CONTEXT() REPRESENTATION_CONTEXT('2D SPACE',''
  ) );
#3448 = ORIENTED_EDGE('',*,*,#3449,.F.);
#3449 = EDGE_CURVE('',#3359,#3428,#3450,.T.);
#3450 = SURFACE_CURVE('',#3451,(#3455,#3462),.PCURVE_S1.);
#3451 = LINE('',#3452,#3453);
#3452 = CARTESIAN_POINT('',(80.2,-10.16,-12.55));
#3453 = VECTOR('',#3454,1.);
#3454 = DIRECTION('',(0.,0.,1.));
#3455 = PCURVE('',#2618,#3456);
#3456 = DEFINITIONAL_REPRESENTATION('',(#3457),#3461);
#3457 = LINE('',#3458,#3459);
#3458 = CARTESIAN_POINT('',(0.,1.));
#3459 = VECTOR('',#3460,1.);
#3460 = DIRECTION('',(1.,0.));
#3461 = ( GEOMETRIC_REPRESENTATION_CONTEXT(2) 
PARAMETRIC_REPRESENTATION_CONTEXT() REPRESENTATION_CONTEXT('2D SPACE',''
  ) );
#3462 = PCURVE('',#2821,#3463);
#3463 = DEFINITIONAL_REPRESENTATION('',(#3464),#3468);
#3464 = LINE('',#3465,#3466);
#3465 = CARTESIAN_POINT('',(29.04,-2.65));
#3466 = VECTOR('',#3467,1.);
#3467 = DIRECTION('',(0.,-1.));
#3468 = ( GEOMETRIC_REPRESENTATION_CONTEXT(2) 
PARAMETRIC_REPRESENTATION_CONTEXT() REPRESENTATION_CONTEXT('2D SPACE',''
  ) );
#3469 = ORIENTED_EDGE('',*,*,#3358,.F.);
#3470 = ADVANCED_FACE('',(#3471),#2671,.F.);
#3471 = FACE_BOUND('',#3472,.F.);
#3472 = EDGE_LOOP('',(#3473,#3474,#3496,#3517));
#3473 = ORIENTED_EDGE('',*,*,#2657,.T.);
#3474 = ORIENTED_EDGE('',*,*,#3475,.T.);
#3475 = EDGE_CURVE('',#2635,#3476,#3478,.T.);
#3476 = VERTEX_POINT('',#3477);
#3477 = CARTESIAN_POINT('',(80.2,-22.84,-5.45));
#3478 = SURFACE_CURVE('',#3479,(#3482,#3489),.PCURVE_S1.);
#3479 = B_SPLINE_CURVE_WITH_KNOTS('',1,(#3480,#3481),.UNSPECIFIED.,.F.,
  .F.,(2,2),(0.,1.),.PIECEWISE_BEZIER_KNOTS.);
#3480 = CARTESIAN_POINT('',(79.2,-21.84,-6.45));
#3481 = CARTESIAN_POINT('',(80.2,-22.84,-5.45));
#3482 = PCURVE('',#2671,#3483);
#3483 = DEFINITIONAL_REPRESENTATION('',(#3484),#3488);
#3484 = LINE('',#3485,#3486);
#3485 = CARTESIAN_POINT('',(12.68,0.));
#3486 = VECTOR('',#3487,1.);
#3487 = DIRECTION('',(0.,1.));
#3488 = ( GEOMETRIC_REPRESENTATION_CONTEXT(2) 
PARAMETRIC_REPRESENTATION_CONTEXT() REPRESENTATION_CONTEXT('2D SPACE',''
  ) );
#3489 = PCURVE('',#2702,#3490);
#3490 = DEFINITIONAL_REPRESENTATION('',(#3491),#3495);
#3491 = LINE('',#3492,#3493);
#3492 = CARTESIAN_POINT('',(0.,0.));
#3493 = VECTOR('',#3494,1.);
#3494 = DIRECTION('',(0.,1.));
#3495 = ( GEOMETRIC_REPRESENTATION_CONTEXT(2) 
PARAMETRIC_REPRESENTATION_CONTEXT() REPRESENTATION_CONTEXT('2D SPACE',''
  ) );
#3496 = ORIENTED_EDGE('',*,*,#3497,.F.);
#3497 = EDGE_CURVE('',#3428,#3476,#3498,.T.);
#3498 = SURFACE_CURVE('',#3499,(#3503,#3510),.PCURVE_S1.);
#3499 = LINE('',#3500,#3501);
#3500 = CARTESIAN_POINT('',(80.2,-10.16,-5.45));
#3501 = VECTOR('',#3502,1.);
#3502 = DIRECTION('',(0.,-1.,0.));
#3503 = PCURVE('',#2671,#3504);
#3504 = DEFINITIONAL_REPRESENTATION('',(#3505),#3509);
#3505 = LINE('',#3506,#3507);
#3506 = CARTESIAN_POINT('',(0.,1.));
#3507 = VECTOR('',#3508,1.);
#3508 = DIRECTION('',(1.,0.));
#3509 = ( GEOMETRIC_REPRESENTATION_CONTEXT(2) 
PARAMETRIC_REPRESENTATION_CONTEXT() REPRESENTATION_CONTEXT('2D SPACE',''
  ) );
#3510 = PCURVE('',#2821,#3511);
#3511 = DEFINITIONAL_REPRESENTATION('',(#3512),#3516);
#3512 = LINE('',#3513,#3514);
#3513 = CARTESIAN_POINT('',(29.04,-9.75));
#3514 = VECTOR('',#3515,1.);
#3515 = DIRECTION('',(-1.,0.));
#3516 = ( GEOMETRIC_REPRESENTATION_CONTEXT(2) 
PARAMETRIC_REPRESENTATION_CONTEXT() REPRESENTATION_CONTEXT('2D SPACE',''
  ) );
#3517 = ORIENTED_EDGE('',*,*,#3427,.F.);
#3518 = ADVANCED_FACE('',(#3519),#2702,.F.);
#3519 = FACE_BOUND('',#3520,.F.);
#3520 = EDGE_LOOP('',(#3521,#3522,#3523,#3544));
#3521 = ORIENTED_EDGE('',*,*,#2688,.T.);
#3522 = ORIENTED_EDGE('',*,*,#3403,.T.);
#3523 = ORIENTED_EDGE('',*,*,#3524,.F.);
#3524 = EDGE_CURVE('',#3476,#3381,#3525,.T.);
#3525 = SURFACE_CURVE('',#3526,(#3530,#3537),.PCURVE_S1.);
#3526 = LINE('',#3527,#3528);
#3527 = CARTESIAN_POINT('',(80.2,-22.84,-5.45));
#3528 = VECTOR('',#3529,1.);
#3529 = DIRECTION('',(0.,0.,-1.));
#3530 = PCURVE('',#2702,#3531);
#3531 = DEFINITIONAL_REPRESENTATION('',(#3532),#3536);
#3532 = LINE('',#3533,#3534);
#3533 = CARTESIAN_POINT('',(0.,1.));
#3534 = VECTOR('',#3535,1.);
#3535 = DIRECTION('',(1.,0.));
#3536 = ( GEOMETRIC_REPRESENTATION_CONTEXT(2) 
PARAMETRIC_REPRESENTATION_CONTEXT() REPRESENTATION_CONTEXT('2D SPACE',''
  ) );
#3537 = PCURVE('',#2821,#3538);
#3538 = DEFINITIONAL_REPRESENTATION('',(#3539),#3543);
#3539 = LINE('',#3540,#3541);
#3540 = CARTESIAN_POINT('',(16.36,-9.75));
#3541 = VECTOR('',#3542,1.);
#3542 = DIRECTION('',(0.,1.));
#3543 = ( GEOMETRIC_REPRESENTATION_CONTEXT(2) 
PARAMETRIC_REPRESENTATION_CONTEXT() REPRESENTATION_CONTEXT('2D SPACE',''
  ) );
#3544 = ORIENTED_EDGE('',*,*,#3475,.F.);
#3545 = ADVANCED_FACE('',(#3546),#2739,.T.);
#3546 = FACE_BOUND('',#3547,.F.);
#3547 = EDGE_LOOP('',(#3548,#3571,#3572,#3595));
#3548 = ORIENTED_EDGE('',*,*,#3549,.F.);
#3549 = EDGE_CURVE('',#2723,#3550,#3552,.T.);
#3550 = VERTEX_POINT('',#3551);
#3551 = CARTESIAN_POINT('',(3.8,-39.2,0.6));
#3552 = SURFACE_CURVE('',#3553,(#3557,#3564),.PCURVE_S1.);
#3553 = LINE('',#3554,#3555);
#3554 = CARTESIAN_POINT('',(3.8,-39.2,-15.2));
#3555 = VECTOR('',#3556,1.);
#3556 = DIRECTION('',(0.,0.,1.));
#3557 = PCURVE('',#2739,#3558);
#3558 = DEFINITIONAL_REPRESENTATION('',(#3559),#3563);
#3559 = LINE('',#3560,#3561);
#3560 = CARTESIAN_POINT('',(-0.,0.));
#3561 = VECTOR('',#3562,1.);
#3562 = DIRECTION('',(-0.,1.));
#3563 = ( GEOMETRIC_REPRESENTATION_CONTEXT(2) 
PARAMETRIC_REPRESENTATION_CONTEXT() REPRESENTATION_CONTEXT('2D SPACE',''
  ) );
#3564 = PCURVE('',#2766,#3565);
#3565 = DEFINITIONAL_REPRESENTATION('',(#3566),#3570);
#3566 = LINE('',#3567,#3568);
#3567 = CARTESIAN_POINT('',(7.,0.));
#3568 = VECTOR('',#3569,1.);
#3569 = DIRECTION('',(0.,-1.));
#3570 = ( GEOMETRIC_REPRESENTATION_CONTEXT(2) 
PARAMETRIC_REPRESENTATION_CONTEXT() REPRESENTATION_CONTEXT('2D SPACE',''
  ) );
#3571 = ORIENTED_EDGE('',*,*,#2720,.F.);
#3572 = ORIENTED_EDGE('',*,*,#3573,.T.);
#3573 = EDGE_CURVE('',#2721,#3574,#3576,.T.);
#3574 = VERTEX_POINT('',#3575);
#3575 = CARTESIAN_POINT('',(-3.2,-32.2,0.6));
#3576 = SURFACE_CURVE('',#3577,(#3581,#3588),.PCURVE_S1.);
#3577 = LINE('',#3578,#3579);
#3578 = CARTESIAN_POINT('',(-3.2,-32.2,-15.2));
#3579 = VECTOR('',#3580,1.);
#3580 = DIRECTION('',(0.,0.,1.));
#3581 = PCURVE('',#2739,#3582);
#3582 = DEFINITIONAL_REPRESENTATION('',(#3583),#3587);
#3583 = LINE('',#3584,#3585);
#3584 = CARTESIAN_POINT('',(-1.570796326795,0.));
#3585 = VECTOR('',#3586,1.);
#3586 = DIRECTION('',(-0.,1.));
#3587 = ( GEOMETRIC_REPRESENTATION_CONTEXT(2) 
PARAMETRIC_REPRESENTATION_CONTEXT() REPRESENTATION_CONTEXT('2D SPACE',''
  ) );
#3588 = PCURVE('',#2929,#3589);
#3589 = DEFINITIONAL_REPRESENTATION('',(#3590),#3594);
#3590 = LINE('',#3591,#3592);
#3591 = CARTESIAN_POINT('',(36.4,0.));
#3592 = VECTOR('',#3593,1.);
#3593 = DIRECTION('',(0.,-1.));
#3594 = ( GEOMETRIC_REPRESENTATION_CONTEXT(2) 
PARAMETRIC_REPRESENTATION_CONTEXT() REPRESENTATION_CONTEXT('2D SPACE',''
  ) );
#3595 = ORIENTED_EDGE('',*,*,#3596,.T.);
#3596 = EDGE_CURVE('',#3574,#3550,#3597,.T.);
#3597 = SURFACE_CURVE('',#3598,(#3603,#3610),.PCURVE_S1.);
#3598 = CIRCLE('',#3599,7.);
#3599 = AXIS2_PLACEMENT_3D('',#3600,#3601,#3602);
#3600 = CARTESIAN_POINT('',(3.8,-32.2,0.6));
#3601 = DIRECTION('',(0.,0.,1.));
#3602 = DIRECTION('',(-1.,0.,0.));
#3603 = PCURVE('',#2739,#3604);
#3604 = DEFINITIONAL_REPRESENTATION('',(#3605),#3609);
#3605 = LINE('',#3606,#3607);
#3606 = CARTESIAN_POINT('',(-1.570796326795,15.8));
#3607 = VECTOR('',#3608,1.);
#3608 = DIRECTION('',(1.,-0.));
#3609 = ( GEOMETRIC_REPRESENTATION_CONTEXT(2) 
PARAMETRIC_REPRESENTATION_CONTEXT() REPRESENTATION_CONTEXT('2D SPACE',''
  ) );
#3610 = PCURVE('',#3611,#3616);
#3611 = TOROIDAL_SURFACE('',#3612,5.8,1.2);
#3612 = AXIS2_PLACEMENT_3D('',#3613,#3614,#3615);
#3613 = CARTESIAN_POINT('',(3.8,-32.2,0.6));
#3614 = DIRECTION('',(0.,0.,1.));
#3615 = DIRECTION('',(-1.,0.,0.));
#3616 = DEFINITIONAL_REPRESENTATION('',(#3617),#3621);
#3617 = LINE('',#3618,#3619);
#3618 = CARTESIAN_POINT('',(0.,0.));
#3619 = VECTOR('',#3620,1.);
#3620 = DIRECTION('',(1.,0.));
#3621 = ( GEOMETRIC_REPRESENTATION_CONTEXT(2) 
PARAMETRIC_REPRESENTATION_CONTEXT() REPRESENTATION_CONTEXT('2D SPACE',''
  ) );
#3622 = ADVANCED_FACE('',(#3623),#2929,.F.);
#3623 = FACE_BOUND('',#3624,.F.);
#3624 = EDGE_LOOP('',(#3625,#3626,#3649,#3675));
#3625 = ORIENTED_EDGE('',*,*,#2916,.F.);
#3626 = ORIENTED_EDGE('',*,*,#3627,.T.);
#3627 = EDGE_CURVE('',#2888,#3628,#3630,.T.);
#3628 = VERTEX_POINT('',#3629);
#3629 = CARTESIAN_POINT('',(-3.2,-2.8,0.6));
#3630 = SURFACE_CURVE('',#3631,(#3635,#3642),.PCURVE_S1.);
#3631 = LINE('',#3632,#3633);
#3632 = CARTESIAN_POINT('',(-3.2,-2.8,-15.2));
#3633 = VECTOR('',#3634,1.);
#3634 = DIRECTION('',(0.,0.,1.));
#3635 = PCURVE('',#2929,#3636);
#3636 = DEFINITIONAL_REPRESENTATION('',(#3637),#3641);
#3637 = LINE('',#3638,#3639);
#3638 = CARTESIAN_POINT('',(7.,0.));
#3639 = VECTOR('',#3640,1.);
#3640 = DIRECTION('',(0.,-1.));
#3641 = ( GEOMETRIC_REPRESENTATION_CONTEXT(2) 
PARAMETRIC_REPRESENTATION_CONTEXT() REPRESENTATION_CONTEXT('2D SPACE',''
  ) );
#3642 = PCURVE('',#2904,#3643);
#3643 = DEFINITIONAL_REPRESENTATION('',(#3644),#3648);
#3644 = LINE('',#3645,#3646);
#3645 = CARTESIAN_POINT('',(1.570796326795,0.));
#3646 = VECTOR('',#3647,1.);
#3647 = DIRECTION('',(0.,1.));
#3648 = ( GEOMETRIC_REPRESENTATION_CONTEXT(2) 
PARAMETRIC_REPRESENTATION_CONTEXT() REPRESENTATION_CONTEXT('2D SPACE',''
  ) );
#3649 = ORIENTED_EDGE('',*,*,#3650,.T.);
#3650 = EDGE_CURVE('',#3628,#3574,#3651,.T.);
#3651 = SURFACE_CURVE('',#3652,(#3656,#3663),.PCURVE_S1.);
#3652 = LINE('',#3653,#3654);
#3653 = CARTESIAN_POINT('',(-3.2,-2.8,0.6));
#3654 = VECTOR('',#3655,1.);
#3655 = DIRECTION('',(0.,-1.,0.));
#3656 = PCURVE('',#2929,#3657);
#3657 = DEFINITIONAL_REPRESENTATION('',(#3658),#3662);
#3658 = LINE('',#3659,#3660);
#3659 = CARTESIAN_POINT('',(7.,-15.8));
#3660 = VECTOR('',#3661,1.);
#3661 = DIRECTION('',(1.,0.));
#3662 = ( GEOMETRIC_REPRESENTATION_CONTEXT(2) 
PARAMETRIC_REPRESENTATION_CONTEXT() REPRESENTATION_CONTEXT('2D SPACE',''
  ) );
#3663 = PCURVE('',#3664,#3669);
#3664 = CYLINDRICAL_SURFACE('',#3665,1.2);
#3665 = AXIS2_PLACEMENT_3D('',#3666,#3667,#3668);
#3666 = CARTESIAN_POINT('',(-2.,-2.8,0.6));
#3667 = DIRECTION('',(0.,-1.,0.));
#3668 = DIRECTION('',(-1.,-0.,0.));
#3669 = DEFINITIONAL_REPRESENTATION('',(#3670),#3674);
#3670 = LINE('',#3671,#3672);
#3671 = CARTESIAN_POINT('',(-0.,0.));
#3672 = VECTOR('',#3673,1.);
#3673 = DIRECTION('',(-0.,1.));
#3674 = ( GEOMETRIC_REPRESENTATION_CONTEXT(2) 
PARAMETRIC_REPRESENTATION_CONTEXT() REPRESENTATION_CONTEXT('2D SPACE',''
  ) );
#3675 = ORIENTED_EDGE('',*,*,#3573,.F.);
#3676 = ADVANCED_FACE('',(#3677),#2904,.T.);
#3677 = FACE_BOUND('',#3678,.T.);
#3678 = EDGE_LOOP('',(#3679,#3702,#3703,#3704));
#3679 = ORIENTED_EDGE('',*,*,#3680,.F.);
#3680 = EDGE_CURVE('',#2862,#3681,#3683,.T.);
#3681 = VERTEX_POINT('',#3682);
#3682 = CARTESIAN_POINT('',(3.8,4.2,0.6));
#3683 = SURFACE_CURVE('',#3684,(#3688,#3695),.PCURVE_S1.);
#3684 = LINE('',#3685,#3686);
#3685 = CARTESIAN_POINT('',(3.8,4.2,-15.2));
#3686 = VECTOR('',#3687,1.);
#3687 = DIRECTION('',(0.,0.,1.));
#3688 = PCURVE('',#2904,#3689);
#3689 = DEFINITIONAL_REPRESENTATION('',(#3690),#3694);
#3690 = LINE('',#3691,#3692);
#3691 = CARTESIAN_POINT('',(0.,0.));
#3692 = VECTOR('',#3693,1.);
#3693 = DIRECTION('',(0.,1.));
#3694 = ( GEOMETRIC_REPRESENTATION_CONTEXT(2) 
PARAMETRIC_REPRESENTATION_CONTEXT() REPRESENTATION_CONTEXT('2D SPACE',''
  ) );
#3695 = PCURVE('',#2876,#3696);
#3696 = DEFINITIONAL_REPRESENTATION('',(#3697),#3701);
#3697 = LINE('',#3698,#3699);
#3698 = CARTESIAN_POINT('',(76.4,0.));
#3699 = VECTOR('',#3700,1.);
#3700 = DIRECTION('',(0.,-1.));
#3701 = ( GEOMETRIC_REPRESENTATION_CONTEXT(2) 
PARAMETRIC_REPRESENTATION_CONTEXT() REPRESENTATION_CONTEXT('2D SPACE',''
  ) );
#3702 = ORIENTED_EDGE('',*,*,#2887,.T.);
#3703 = ORIENTED_EDGE('',*,*,#3627,.T.);
#3704 = ORIENTED_EDGE('',*,*,#3705,.F.);
#3705 = EDGE_CURVE('',#3681,#3628,#3706,.T.);
#3706 = SURFACE_CURVE('',#3707,(#3712,#3719),.PCURVE_S1.);
#3707 = CIRCLE('',#3708,7.);
#3708 = AXIS2_PLACEMENT_3D('',#3709,#3710,#3711);
#3709 = CARTESIAN_POINT('',(3.8,-2.8,0.6));
#3710 = DIRECTION('',(0.,0.,1.));
#3711 = DIRECTION('',(-1.268826313857E-16,1.,0.));
#3712 = PCURVE('',#2904,#3713);
#3713 = DEFINITIONAL_REPRESENTATION('',(#3714),#3718);
#3714 = LINE('',#3715,#3716);
#3715 = CARTESIAN_POINT('',(0.,15.8));
#3716 = VECTOR('',#3717,1.);
#3717 = DIRECTION('',(1.,0.));
#3718 = ( GEOMETRIC_REPRESENTATION_CONTEXT(2) 
PARAMETRIC_REPRESENTATION_CONTEXT() REPRESENTATION_CONTEXT('2D SPACE',''
  ) );
#3719 = PCURVE('',#3720,#3725);
#3720 = TOROIDAL_SURFACE('',#3721,5.8,1.2);
#3721 = AXIS2_PLACEMENT_3D('',#3722,#3723,#3724);
#3722 = CARTESIAN_POINT('',(3.8,-2.8,0.6));
#3723 = DIRECTION('',(0.,0.,1.));
#3724 = DIRECTION('',(-1.268826313857E-16,1.,0.));
#3725 = DEFINITIONAL_REPRESENTATION('',(#3726),#3730);
#3726 = LINE('',#3727,#3728);
#3727 = CARTESIAN_POINT('',(0.,0.));
#3728 = VECTOR('',#3729,1.);
#3729 = DIRECTION('',(1.,0.));
#3730 = ( GEOMETRIC_REPRESENTATION_CONTEXT(2) 
PARAMETRIC_REPRESENTATION_CONTEXT() REPRESENTATION_CONTEXT('2D SPACE',''
  ) );
#3731 = ADVANCED_FACE('',(#3732),#2876,.F.);
#3732 = FACE_BOUND('',#3733,.F.);
#3733 = EDGE_LOOP('',(#3734,#3735,#3758,#3786,#3812,#3848,#3874,#3897,
    #3923,#3959,#3985,#4006));
#3734 = ORIENTED_EDGE('',*,*,#2861,.F.);
#3735 = ORIENTED_EDGE('',*,*,#3736,.T.);
#3736 = EDGE_CURVE('',#2833,#3737,#3739,.T.);
#3737 = VERTEX_POINT('',#3738);
#3738 = CARTESIAN_POINT('',(73.2,4.2,0.6));
#3739 = SURFACE_CURVE('',#3740,(#3744,#3751),.PCURVE_S1.);
#3740 = LINE('',#3741,#3742);
#3741 = CARTESIAN_POINT('',(73.2,4.2,-15.2));
#3742 = VECTOR('',#3743,1.);
#3743 = DIRECTION('',(0.,0.,1.));
#3744 = PCURVE('',#2876,#3745);
#3745 = DEFINITIONAL_REPRESENTATION('',(#3746),#3750);
#3746 = LINE('',#3747,#3748);
#3747 = CARTESIAN_POINT('',(7.,0.));
#3748 = VECTOR('',#3749,1.);
#3749 = DIRECTION('',(0.,-1.));
#3750 = ( GEOMETRIC_REPRESENTATION_CONTEXT(2) 
PARAMETRIC_REPRESENTATION_CONTEXT() REPRESENTATION_CONTEXT('2D SPACE',''
  ) );
#3751 = PCURVE('',#2849,#3752);
#3752 = DEFINITIONAL_REPRESENTATION('',(#3753),#3757);
#3753 = LINE('',#3754,#3755);
#3754 = CARTESIAN_POINT('',(1.570796326795,0.));
#3755 = VECTOR('',#3756,1.);
#3756 = DIRECTION('',(0.,1.));
#3757 = ( GEOMETRIC_REPRESENTATION_CONTEXT(2) 
PARAMETRIC_REPRESENTATION_CONTEXT() REPRESENTATION_CONTEXT('2D SPACE',''
  ) );
#3758 = ORIENTED_EDGE('',*,*,#3759,.T.);
#3759 = EDGE_CURVE('',#3737,#3760,#3762,.T.);
#3760 = VERTEX_POINT('',#3761);
#3761 = CARTESIAN_POINT('',(53.7,4.2,0.6));
#3762 = SURFACE_CURVE('',#3763,(#3767,#3774),.PCURVE_S1.);
#3763 = LINE('',#3764,#3765);
#3764 = CARTESIAN_POINT('',(73.2,4.2,0.6));
#3765 = VECTOR('',#3766,1.);
#3766 = DIRECTION('',(-1.,0.,0.));
#3767 = PCURVE('',#2876,#3768);
#3768 = DEFINITIONAL_REPRESENTATION('',(#3769),#3773);
#3769 = LINE('',#3770,#3771);
#3770 = CARTESIAN_POINT('',(7.,-15.8));
#3771 = VECTOR('',#3772,1.);
#3772 = DIRECTION('',(1.,0.));
#3773 = ( GEOMETRIC_REPRESENTATION_CONTEXT(2) 
PARAMETRIC_REPRESENTATION_CONTEXT() REPRESENTATION_CONTEXT('2D SPACE',''
  ) );
#3774 = PCURVE('',#3775,#3780);
#3775 = CYLINDRICAL_SURFACE('',#3776,1.2);
#3776 = AXIS2_PLACEMENT_3D('',#3777,#3778,#3779);
#3777 = CARTESIAN_POINT('',(73.2,3.,0.6));
#3778 = DIRECTION('',(-1.,0.,0.));
#3779 = DIRECTION('',(0.,1.,-0.));
#3780 = DEFINITIONAL_REPRESENTATION('',(#3781),#3785);
#3781 = LINE('',#3782,#3783);
#3782 = CARTESIAN_POINT('',(-0.,0.));
#3783 = VECTOR('',#3784,1.);
#3784 = DIRECTION('',(-0.,1.));
#3785 = ( GEOMETRIC_REPRESENTATION_CONTEXT(2) 
PARAMETRIC_REPRESENTATION_CONTEXT() REPRESENTATION_CONTEXT('2D SPACE',''
  ) );
#3786 = ORIENTED_EDGE('',*,*,#3787,.T.);
#3787 = EDGE_CURVE('',#3760,#3788,#3790,.T.);
#3788 = VERTEX_POINT('',#3789);
#3789 = CARTESIAN_POINT('',(53.7,4.2,-13.1804547817));
#3790 = SURFACE_CURVE('',#3791,(#3795,#3801),.PCURVE_S1.);
#3791 = LINE('',#3792,#3793);
#3792 = CARTESIAN_POINT('',(53.7,4.2,-10.73792250303));
#3793 = VECTOR('',#3794,1.);
#3794 = DIRECTION('',(0.,-0.,-1.));
#3795 = PCURVE('',#2876,#3796);
#3796 = DEFINITIONAL_REPRESENTATION('',(#3797),#3800);
#3797 = B_SPLINE_CURVE_WITH_KNOTS('',1,(#3798,#3799),.UNSPECIFIED.,.F.,
  .F.,(2,2),(-11.33792250303,2.96207749697),.PIECEWISE_BEZIER_KNOTS.);
#3798 = CARTESIAN_POINT('',(26.5,-15.8));
#3799 = CARTESIAN_POINT('',(26.5,-1.5));
#3800 = ( GEOMETRIC_REPRESENTATION_CONTEXT(2) 
PARAMETRIC_REPRESENTATION_CONTEXT() REPRESENTATION_CONTEXT('2D SPACE',''
  ) );
#3801 = PCURVE('',#3802,#3807);
#3802 = PLANE('',#3803);
#3803 = AXIS2_PLACEMENT_3D('',#3804,#3805,#3806);
#3804 = CARTESIAN_POINT('',(53.7,3.654571483429,-6.27584500606));
#3805 = DIRECTION('',(1.,1.110223024625E-16,-0.));
#3806 = DIRECTION('',(0.,0.,1.));
#3807 = DEFINITIONAL_REPRESENTATION('',(#3808),#3811);
#3808 = B_SPLINE_CURVE_WITH_KNOTS('',1,(#3809,#3810),.UNSPECIFIED.,.F.,
  .F.,(2,2),(-11.33792250303,2.96207749697),.PIECEWISE_BEZIER_KNOTS.);
#3809 = CARTESIAN_POINT('',(6.87584500606,-0.545428516571));
#3810 = CARTESIAN_POINT('',(-7.42415499394,-0.545428516571));
#3811 = ( GEOMETRIC_REPRESENTATION_CONTEXT(2) 
PARAMETRIC_REPRESENTATION_CONTEXT() REPRESENTATION_CONTEXT('2D SPACE',''
  ) );
#3812 = ORIENTED_EDGE('',*,*,#3813,.T.);
#3813 = EDGE_CURVE('',#3788,#3814,#3816,.T.);
#3814 = VERTEX_POINT('',#3815);
#3815 = CARTESIAN_POINT('',(49.5,4.2,-13.1804547817));
#3816 = SURFACE_CURVE('',#3817,(#3823,#3832),.PCURVE_S1.);
#3817 = B_SPLINE_CURVE_WITH_KNOTS('',4,(#3818,#3819,#3820,#3821,#3822),
  .UNSPECIFIED.,.F.,.F.,(5,5),(0.,1.),.PIECEWISE_BEZIER_KNOTS.);
#3818 = CARTESIAN_POINT('',(53.7000006,4.2,-13.1804547817));
#3819 = CARTESIAN_POINT('',(52.6500003,4.2,-13.1804547817));
#3820 = CARTESIAN_POINT('',(51.6,4.2,-13.1804547817));
#3821 = CARTESIAN_POINT('',(50.5499997,4.2,-13.1804547817));
#3822 = CARTESIAN_POINT('',(49.4999994,4.2,-13.1804547817));
#3823 = PCURVE('',#2876,#3824);
#3824 = DEFINITIONAL_REPRESENTATION('',(#3825),#3831);
#3825 = B_SPLINE_CURVE_WITH_KNOTS('',4,(#3826,#3827,#3828,#3829,#3830),
  .UNSPECIFIED.,.F.,.F.,(5,5),(0.,1.),.PIECEWISE_BEZIER_KNOTS.);
#3826 = CARTESIAN_POINT('',(26.4999994,-2.019545218292));
#3827 = CARTESIAN_POINT('',(27.5499997,-2.019545218292));
#3828 = CARTESIAN_POINT('',(28.6,-2.019545218292));
#3829 = CARTESIAN_POINT('',(29.6500003,-2.019545218292));
#3830 = CARTESIAN_POINT('',(30.7000006,-2.019545218292));
#3831 = ( GEOMETRIC_REPRESENTATION_CONTEXT(2) 
PARAMETRIC_REPRESENTATION_CONTEXT() REPRESENTATION_CONTEXT('2D SPACE',''
  ) );
#3832 = PCURVE('',#3833,#3840);
#3833 = SURFACE_OF_LINEAR_EXTRUSION('',#3834,#3838);
#3834 = B_SPLINE_CURVE_WITH_KNOTS('',2,(#3835,#3836,#3837),
  .UNSPECIFIED.,.F.,.F.,(3,3),(0.,12.899612397278),
  .PIECEWISE_BEZIER_KNOTS.);
#3835 = CARTESIAN_POINT('',(49.5,10.2,-10.2));
#3836 = CARTESIAN_POINT('',(49.5,4.9,-14.3));
#3837 = CARTESIAN_POINT('',(49.5,-2.,-13.6));
#3838 = VECTOR('',#3839,1.);
#3839 = DIRECTION('',(-1.,-1.110223024625E-16,-0.));
#3840 = DEFINITIONAL_REPRESENTATION('',(#3841),#3847);
#3841 = B_SPLINE_CURVE_WITH_KNOTS('',4,(#3842,#3843,#3844,#3845,#3846),
  .UNSPECIFIED.,.F.,.F.,(5,5),(0.,1.),.PIECEWISE_BEZIER_KNOTS.);
#3842 = CARTESIAN_POINT('',(6.765993365066,-4.2000006));
#3843 = CARTESIAN_POINT('',(6.765993365066,-3.1500003));
#3844 = CARTESIAN_POINT('',(6.765993365066,-2.1));
#3845 = CARTESIAN_POINT('',(6.765993365066,-1.0499997));
#3846 = CARTESIAN_POINT('',(6.765993365066,5.999999999062E-07));
#3847 = ( GEOMETRIC_REPRESENTATION_CONTEXT(2) 
PARAMETRIC_REPRESENTATION_CONTEXT() REPRESENTATION_CONTEXT('2D SPACE',''
  ) );
#3848 = ORIENTED_EDGE('',*,*,#3849,.F.);
#3849 = EDGE_CURVE('',#3850,#3814,#3852,.T.);
#3850 = VERTEX_POINT('',#3851);
#3851 = CARTESIAN_POINT('',(49.5,4.2,0.6));
#3852 = SURFACE_CURVE('',#3853,(#3857,#3863),.PCURVE_S1.);
#3853 = LINE('',#3854,#3855);
#3854 = CARTESIAN_POINT('',(49.5,4.2,-10.73792250303));
#3855 = VECTOR('',#3856,1.);
#3856 = DIRECTION('',(0.,-0.,-1.));
#3857 = PCURVE('',#2876,#3858);
#3858 = DEFINITIONAL_REPRESENTATION('',(#3859),#3862);
#3859 = B_SPLINE_CURVE_WITH_KNOTS('',1,(#3860,#3861),.UNSPECIFIED.,.F.,
  .F.,(2,2),(-11.33792250303,2.96207749697),.PIECEWISE_BEZIER_KNOTS.);
#3860 = CARTESIAN_POINT('',(30.7,-15.8));
#3861 = CARTESIAN_POINT('',(30.7,-1.5));
#3862 = ( GEOMETRIC_REPRESENTATION_CONTEXT(2) 
PARAMETRIC_REPRESENTATION_CONTEXT() REPRESENTATION_CONTEXT('2D SPACE',''
  ) );
#3863 = PCURVE('',#3864,#3869);
#3864 = PLANE('',#3865);
#3865 = AXIS2_PLACEMENT_3D('',#3866,#3867,#3868);
#3866 = CARTESIAN_POINT('',(49.5,3.654571483429,-6.27584500606));
#3867 = DIRECTION('',(1.,1.110223024625E-16,-0.));
#3868 = DIRECTION('',(0.,0.,1.));
#3869 = DEFINITIONAL_REPRESENTATION('',(#3870),#3873);
#3870 = B_SPLINE_CURVE_WITH_KNOTS('',1,(#3871,#3872),.UNSPECIFIED.,.F.,
  .F.,(2,2),(-11.33792250303,2.96207749697),.PIECEWISE_BEZIER_KNOTS.);
#3871 = CARTESIAN_POINT('',(6.87584500606,-0.545428516571));
#3872 = CARTESIAN_POINT('',(-7.42415499394,-0.545428516571));
#3873 = ( GEOMETRIC_REPRESENTATION_CONTEXT(2) 
PARAMETRIC_REPRESENTATION_CONTEXT() REPRESENTATION_CONTEXT('2D SPACE',''
  ) );
#3874 = ORIENTED_EDGE('',*,*,#3875,.T.);
#3875 = EDGE_CURVE('',#3850,#3876,#3878,.T.);
#3876 = VERTEX_POINT('',#3877);
#3877 = CARTESIAN_POINT('',(27.5,4.2,0.6));
#3878 = SURFACE_CURVE('',#3879,(#3883,#3890),.PCURVE_S1.);
#3879 = LINE('',#3880,#3881);
#3880 = CARTESIAN_POINT('',(73.2,4.2,0.6));
#3881 = VECTOR('',#3882,1.);
#3882 = DIRECTION('',(-1.,0.,0.));
#3883 = PCURVE('',#2876,#3884);
#3884 = DEFINITIONAL_REPRESENTATION('',(#3885),#3889);
#3885 = LINE('',#3886,#3887);
#3886 = CARTESIAN_POINT('',(7.,-15.8));
#3887 = VECTOR('',#3888,1.);
#3888 = DIRECTION('',(1.,0.));
#3889 = ( GEOMETRIC_REPRESENTATION_CONTEXT(2) 
PARAMETRIC_REPRESENTATION_CONTEXT() REPRESENTATION_CONTEXT('2D SPACE',''
  ) );
#3890 = PCURVE('',#3775,#3891);
#3891 = DEFINITIONAL_REPRESENTATION('',(#3892),#3896);
#3892 = LINE('',#3893,#3894);
#3893 = CARTESIAN_POINT('',(-0.,0.));
#3894 = VECTOR('',#3895,1.);
#3895 = DIRECTION('',(-0.,1.));
#3896 = ( GEOMETRIC_REPRESENTATION_CONTEXT(2) 
PARAMETRIC_REPRESENTATION_CONTEXT() REPRESENTATION_CONTEXT('2D SPACE',''
  ) );
#3897 = ORIENTED_EDGE('',*,*,#3898,.T.);
#3898 = EDGE_CURVE('',#3876,#3899,#3901,.T.);
#3899 = VERTEX_POINT('',#3900);
#3900 = CARTESIAN_POINT('',(27.5,4.2,-13.1804547817));
#3901 = SURFACE_CURVE('',#3902,(#3906,#3912),.PCURVE_S1.);
#3902 = LINE('',#3903,#3904);
#3903 = CARTESIAN_POINT('',(27.5,4.2,-10.73792250303));
#3904 = VECTOR('',#3905,1.);
#3905 = DIRECTION('',(0.,-0.,-1.));
#3906 = PCURVE('',#2876,#3907);
#3907 = DEFINITIONAL_REPRESENTATION('',(#3908),#3911);
#3908 = B_SPLINE_CURVE_WITH_KNOTS('',1,(#3909,#3910),.UNSPECIFIED.,.F.,
  .F.,(2,2),(-11.33792250303,2.96207749697),.PIECEWISE_BEZIER_KNOTS.);
#3909 = CARTESIAN_POINT('',(52.7,-15.8));
#3910 = CARTESIAN_POINT('',(52.7,-1.5));
#3911 = ( GEOMETRIC_REPRESENTATION_CONTEXT(2) 
PARAMETRIC_REPRESENTATION_CONTEXT() REPRESENTATION_CONTEXT('2D SPACE',''
  ) );
#3912 = PCURVE('',#3913,#3918);
#3913 = PLANE('',#3914);
#3914 = AXIS2_PLACEMENT_3D('',#3915,#3916,#3917);
#3915 = CARTESIAN_POINT('',(27.5,3.654571483429,-6.27584500606));
#3916 = DIRECTION('',(1.,1.110223024625E-16,-0.));
#3917 = DIRECTION('',(0.,0.,1.));
#3918 = DEFINITIONAL_REPRESENTATION('',(#3919),#3922);
#3919 = B_SPLINE_CURVE_WITH_KNOTS('',1,(#3920,#3921),.UNSPECIFIED.,.F.,
  .F.,(2,2),(-11.33792250303,2.96207749697),.PIECEWISE_BEZIER_KNOTS.);
#3920 = CARTESIAN_POINT('',(6.87584500606,-0.545428516571));
#3921 = CARTESIAN_POINT('',(-7.42415499394,-0.545428516571));
#3922 = ( GEOMETRIC_REPRESENTATION_CONTEXT(2) 
PARAMETRIC_REPRESENTATION_CONTEXT() REPRESENTATION_CONTEXT('2D SPACE',''
  ) );
#3923 = ORIENTED_EDGE('',*,*,#3924,.T.);
#3924 = EDGE_CURVE('',#3899,#3925,#3927,.T.);
#3925 = VERTEX_POINT('',#3926);
#3926 = CARTESIAN_POINT('',(23.3,4.2,-13.1804547817));
#3927 = SURFACE_CURVE('',#3928,(#3934,#3943),.PCURVE_S1.);
#3928 = B_SPLINE_CURVE_WITH_KNOTS('',4,(#3929,#3930,#3931,#3932,#3933),
  .UNSPECIFIED.,.F.,.F.,(5,5),(0.,1.),.PIECEWISE_BEZIER_KNOTS.);
#3929 = CARTESIAN_POINT('',(27.5000006,4.2,-13.1804547817));
#3930 = CARTESIAN_POINT('',(26.4500003,4.2,-13.1804547817));
#3931 = CARTESIAN_POINT('',(25.4,4.2,-13.1804547817));
#3932 = CARTESIAN_POINT('',(24.3499997,4.2,-13.1804547817));
#3933 = CARTESIAN_POINT('',(23.2999994,4.2,-13.1804547817));
#3934 = PCURVE('',#2876,#3935);
#3935 = DEFINITIONAL_REPRESENTATION('',(#3936),#3942);
#3936 = B_SPLINE_CURVE_WITH_KNOTS('',4,(#3937,#3938,#3939,#3940,#3941),
  .UNSPECIFIED.,.F.,.F.,(5,5),(0.,1.),.PIECEWISE_BEZIER_KNOTS.);
#3937 = CARTESIAN_POINT('',(52.6999994,-2.019545218292));
#3938 = CARTESIAN_POINT('',(53.7499997,-2.019545218292));
#3939 = CARTESIAN_POINT('',(54.8,-2.019545218292));
#3940 = CARTESIAN_POINT('',(55.8500003,-2.019545218292));
#3941 = CARTESIAN_POINT('',(56.9000006,-2.019545218292));
#3942 = ( GEOMETRIC_REPRESENTATION_CONTEXT(2) 
PARAMETRIC_REPRESENTATION_CONTEXT() REPRESENTATION_CONTEXT('2D SPACE',''
  ) );
#3943 = PCURVE('',#3944,#3951);
#3944 = SURFACE_OF_LINEAR_EXTRUSION('',#3945,#3949);
#3945 = B_SPLINE_CURVE_WITH_KNOTS('',2,(#3946,#3947,#3948),
  .UNSPECIFIED.,.F.,.F.,(3,3),(0.,12.899612397278),
  .PIECEWISE_BEZIER_KNOTS.);
#3946 = CARTESIAN_POINT('',(23.3,10.2,-10.2));
#3947 = CARTESIAN_POINT('',(23.3,4.9,-14.3));
#3948 = CARTESIAN_POINT('',(23.3,-2.,-13.6));
#3949 = VECTOR('',#3950,1.);
#3950 = DIRECTION('',(-1.,-1.110223024625E-16,-0.));
#3951 = DEFINITIONAL_REPRESENTATION('',(#3952),#3958);
#3952 = B_SPLINE_CURVE_WITH_KNOTS('',4,(#3953,#3954,#3955,#3956,#3957),
  .UNSPECIFIED.,.F.,.F.,(5,5),(0.,1.),.PIECEWISE_BEZIER_KNOTS.);
#3953 = CARTESIAN_POINT('',(6.765993365066,-4.2000006));
#3954 = CARTESIAN_POINT('',(6.765993365066,-3.1500003));
#3955 = CARTESIAN_POINT('',(6.765993365066,-2.1));
#3956 = CARTESIAN_POINT('',(6.765993365066,-1.0499997));
#3957 = CARTESIAN_POINT('',(6.765993365066,5.999999999062E-07));
#3958 = ( GEOMETRIC_REPRESENTATION_CONTEXT(2) 
PARAMETRIC_REPRESENTATION_CONTEXT() REPRESENTATION_CONTEXT('2D SPACE',''
  ) );
#3959 = ORIENTED_EDGE('',*,*,#3960,.F.);
#3960 = EDGE_CURVE('',#3961,#3925,#3963,.T.);
#3961 = VERTEX_POINT('',#3962);
#3962 = CARTESIAN_POINT('',(23.3,4.2,0.6));
#3963 = SURFACE_CURVE('',#3964,(#3968,#3974),.PCURVE_S1.);
#3964 = LINE('',#3965,#3966);
#3965 = CARTESIAN_POINT('',(23.3,4.2,-10.73792250303));
#3966 = VECTOR('',#3967,1.);
#3967 = DIRECTION('',(0.,-0.,-1.));
#3968 = PCURVE('',#2876,#3969);
#3969 = DEFINITIONAL_REPRESENTATION('',(#3970),#3973);
#3970 = B_SPLINE_CURVE_WITH_KNOTS('',1,(#3971,#3972),.UNSPECIFIED.,.F.,
  .F.,(2,2),(-11.33792250303,2.96207749697),.PIECEWISE_BEZIER_KNOTS.);
#3971 = CARTESIAN_POINT('',(56.9,-15.8));
#3972 = CARTESIAN_POINT('',(56.9,-1.5));
#3973 = ( GEOMETRIC_REPRESENTATION_CONTEXT(2) 
PARAMETRIC_REPRESENTATION_CONTEXT() REPRESENTATION_CONTEXT('2D SPACE',''
  ) );
#3974 = PCURVE('',#3975,#3980);
#3975 = PLANE('',#3976);
#3976 = AXIS2_PLACEMENT_3D('',#3977,#3978,#3979);
#3977 = CARTESIAN_POINT('',(23.3,3.654571483429,-6.27584500606));
#3978 = DIRECTION('',(1.,1.110223024625E-16,-0.));
#3979 = DIRECTION('',(0.,0.,1.));
#3980 = DEFINITIONAL_REPRESENTATION('',(#3981),#3984);
#3981 = B_SPLINE_CURVE_WITH_KNOTS('',1,(#3982,#3983),.UNSPECIFIED.,.F.,
  .F.,(2,2),(-11.33792250303,2.96207749697),.PIECEWISE_BEZIER_KNOTS.);
#3982 = CARTESIAN_POINT('',(6.87584500606,-0.545428516571));
#3983 = CARTESIAN_POINT('',(-7.42415499394,-0.545428516571));
#3984 = ( GEOMETRIC_REPRESENTATION_CONTEXT(2) 
PARAMETRIC_REPRESENTATION_CONTEXT() REPRESENTATION_CONTEXT('2D SPACE',''
  ) );
#3985 = ORIENTED_EDGE('',*,*,#3986,.T.);
#3986 = EDGE_CURVE('',#3961,#3681,#3987,.T.);
#3987 = SURFACE_CURVE('',#3988,(#3992,#3999),.PCURVE_S1.);
#3988 = LINE('',#3989,#3990);
#3989 = CARTESIAN_POINT('',(73.2,4.2,0.6));
#3990 = VECTOR('',#3991,1.);
#3991 = DIRECTION('',(-1.,0.,0.));
#3992 = PCURVE('',#2876,#3993);
#3993 = DEFINITIONAL_REPRESENTATION('',(#3994),#3998);
#3994 = LINE('',#3995,#3996);
#3995 = CARTESIAN_POINT('',(7.,-15.8));
#3996 = VECTOR('',#3997,1.);
#3997 = DIRECTION('',(1.,0.));
#3998 = ( GEOMETRIC_REPRESENTATION_CONTEXT(2) 
PARAMETRIC_REPRESENTATION_CONTEXT() REPRESENTATION_CONTEXT('2D SPACE',''
  ) );
#3999 = PCURVE('',#3775,#4000);
#4000 = DEFINITIONAL_REPRESENTATION('',(#4001),#4005);
#4001 = LINE('',#4002,#4003);
#4002 = CARTESIAN_POINT('',(-0.,0.));
#4003 = VECTOR('',#4004,1.);
#4004 = DIRECTION('',(-0.,1.));
#4005 = ( GEOMETRIC_REPRESENTATION_CONTEXT(2) 
PARAMETRIC_REPRESENTATION_CONTEXT() REPRESENTATION_CONTEXT('2D SPACE',''
  ) );
#4006 = ORIENTED_EDGE('',*,*,#3680,.F.);
#4007 = ADVANCED_FACE('',(#4008),#2849,.T.);
#4008 = FACE_BOUND('',#4009,.T.);
#4009 = EDGE_LOOP('',(#4010,#4033,#4034,#4035));
#4010 = ORIENTED_EDGE('',*,*,#4011,.F.);
#4011 = EDGE_CURVE('',#2807,#4012,#4014,.T.);
#4012 = VERTEX_POINT('',#4013);
#4013 = CARTESIAN_POINT('',(80.2,-2.8,0.6));
#4014 = SURFACE_CURVE('',#4015,(#4019,#4026),.PCURVE_S1.);
#4015 = LINE('',#4016,#4017);
#4016 = CARTESIAN_POINT('',(80.2,-2.8,-15.2));
#4017 = VECTOR('',#4018,1.);
#4018 = DIRECTION('',(0.,0.,1.));
#4019 = PCURVE('',#2849,#4020);
#4020 = DEFINITIONAL_REPRESENTATION('',(#4021),#4025);
#4021 = LINE('',#4022,#4023);
#4022 = CARTESIAN_POINT('',(0.,0.));
#4023 = VECTOR('',#4024,1.);
#4024 = DIRECTION('',(0.,1.));
#4025 = ( GEOMETRIC_REPRESENTATION_CONTEXT(2) 
PARAMETRIC_REPRESENTATION_CONTEXT() REPRESENTATION_CONTEXT('2D SPACE',''
  ) );
#4026 = PCURVE('',#2821,#4027);
#4027 = DEFINITIONAL_REPRESENTATION('',(#4028),#4032);
#4028 = LINE('',#4029,#4030);
#4029 = CARTESIAN_POINT('',(36.4,0.));
#4030 = VECTOR('',#4031,1.);
#4031 = DIRECTION('',(0.,-1.));
#4032 = ( GEOMETRIC_REPRESENTATION_CONTEXT(2) 
PARAMETRIC_REPRESENTATION_CONTEXT() REPRESENTATION_CONTEXT('2D SPACE',''
  ) );
#4033 = ORIENTED_EDGE('',*,*,#2832,.T.);
#4034 = ORIENTED_EDGE('',*,*,#3736,.T.);
#4035 = ORIENTED_EDGE('',*,*,#4036,.F.);
#4036 = EDGE_CURVE('',#4012,#3737,#4037,.T.);
#4037 = SURFACE_CURVE('',#4038,(#4043,#4050),.PCURVE_S1.);
#4038 = CIRCLE('',#4039,7.);
#4039 = AXIS2_PLACEMENT_3D('',#4040,#4041,#4042);
#4040 = CARTESIAN_POINT('',(73.2,-2.8,0.6));
#4041 = DIRECTION('',(0.,0.,1.));
#4042 = DIRECTION('',(1.,6.344131569287E-17,-0.));
#4043 = PCURVE('',#2849,#4044);
#4044 = DEFINITIONAL_REPRESENTATION('',(#4045),#4049);
#4045 = LINE('',#4046,#4047);
#4046 = CARTESIAN_POINT('',(1.903239470786E-16,15.8));
#4047 = VECTOR('',#4048,1.);
#4048 = DIRECTION('',(1.,0.));
#4049 = ( GEOMETRIC_REPRESENTATION_CONTEXT(2) 
PARAMETRIC_REPRESENTATION_CONTEXT() REPRESENTATION_CONTEXT('2D SPACE',''
  ) );
#4050 = PCURVE('',#4051,#4056);
#4051 = TOROIDAL_SURFACE('',#4052,5.8,1.2);
#4052 = AXIS2_PLACEMENT_3D('',#4053,#4054,#4055);
#4053 = CARTESIAN_POINT('',(73.2,-2.8,0.6));
#4054 = DIRECTION('',(0.,0.,1.));
#4055 = DIRECTION('',(1.,6.344131569287E-17,-0.));
#4056 = DEFINITIONAL_REPRESENTATION('',(#4057),#4061);
#4057 = LINE('',#4058,#4059);
#4058 = CARTESIAN_POINT('',(0.,0.));
#4059 = VECTOR('',#4060,1.);
#4060 = DIRECTION('',(1.,0.));
#4061 = ( GEOMETRIC_REPRESENTATION_CONTEXT(2) 
PARAMETRIC_REPRESENTATION_CONTEXT() REPRESENTATION_CONTEXT('2D SPACE',''
  ) );
#4062 = ADVANCED_FACE('',(#4063,#4116),#2821,.F.);
#4063 = FACE_BOUND('',#4064,.F.);
#4064 = EDGE_LOOP('',(#4065,#4066,#4089,#4115));
#4065 = ORIENTED_EDGE('',*,*,#2806,.F.);
#4066 = ORIENTED_EDGE('',*,*,#4067,.T.);
#4067 = EDGE_CURVE('',#2778,#4068,#4070,.T.);
#4068 = VERTEX_POINT('',#4069);
#4069 = CARTESIAN_POINT('',(80.2,-32.2,0.6));
#4070 = SURFACE_CURVE('',#4071,(#4075,#4082),.PCURVE_S1.);
#4071 = LINE('',#4072,#4073);
#4072 = CARTESIAN_POINT('',(80.2,-32.2,-15.2));
#4073 = VECTOR('',#4074,1.);
#4074 = DIRECTION('',(0.,0.,1.));
#4075 = PCURVE('',#2821,#4076);
#4076 = DEFINITIONAL_REPRESENTATION('',(#4077),#4081);
#4077 = LINE('',#4078,#4079);
#4078 = CARTESIAN_POINT('',(7.,0.));
#4079 = VECTOR('',#4080,1.);
#4080 = DIRECTION('',(0.,-1.));
#4081 = ( GEOMETRIC_REPRESENTATION_CONTEXT(2) 
PARAMETRIC_REPRESENTATION_CONTEXT() REPRESENTATION_CONTEXT('2D SPACE',''
  ) );
#4082 = PCURVE('',#2794,#4083);
#4083 = DEFINITIONAL_REPRESENTATION('',(#4084),#4088);
#4084 = LINE('',#4085,#4086);
#4085 = CARTESIAN_POINT('',(1.570796326795,0.));
#4086 = VECTOR('',#4087,1.);
#4087 = DIRECTION('',(0.,1.));
#4088 = ( GEOMETRIC_REPRESENTATION_CONTEXT(2) 
PARAMETRIC_REPRESENTATION_CONTEXT() REPRESENTATION_CONTEXT('2D SPACE',''
  ) );
#4089 = ORIENTED_EDGE('',*,*,#4090,.T.);
#4090 = EDGE_CURVE('',#4068,#4012,#4091,.T.);
#4091 = SURFACE_CURVE('',#4092,(#4096,#4103),.PCURVE_S1.);
#4092 = LINE('',#4093,#4094);
#4093 = CARTESIAN_POINT('',(80.2,-32.2,0.6));
#4094 = VECTOR('',#4095,1.);
#4095 = DIRECTION('',(0.,1.,0.));
#4096 = PCURVE('',#2821,#4097);
#4097 = DEFINITIONAL_REPRESENTATION('',(#4098),#4102);
#4098 = LINE('',#4099,#4100);
#4099 = CARTESIAN_POINT('',(7.,-15.8));
#4100 = VECTOR('',#4101,1.);
#4101 = DIRECTION('',(1.,0.));
#4102 = ( GEOMETRIC_REPRESENTATION_CONTEXT(2) 
PARAMETRIC_REPRESENTATION_CONTEXT() REPRESENTATION_CONTEXT('2D SPACE',''
  ) );
#4103 = PCURVE('',#4104,#4109);
#4104 = CYLINDRICAL_SURFACE('',#4105,1.2);
#4105 = AXIS2_PLACEMENT_3D('',#4106,#4107,#4108);
#4106 = CARTESIAN_POINT('',(79.,-32.2,0.6));
#4107 = DIRECTION('',(0.,1.,0.));
#4108 = DIRECTION('',(1.,0.,-0.));
#4109 = DEFINITIONAL_REPRESENTATION('',(#4110),#4114);
#4110 = LINE('',#4111,#4112);
#4111 = CARTESIAN_POINT('',(-0.,0.));
#4112 = VECTOR('',#4113,1.);
#4113 = DIRECTION('',(-0.,1.));
#4114 = ( GEOMETRIC_REPRESENTATION_CONTEXT(2) 
PARAMETRIC_REPRESENTATION_CONTEXT() REPRESENTATION_CONTEXT('2D SPACE',''
  ) );
#4115 = ORIENTED_EDGE('',*,*,#4011,.F.);
#4116 = FACE_BOUND('',#4117,.F.);
#4117 = EDGE_LOOP('',(#4118,#4119,#4120,#4121));
#4118 = ORIENTED_EDGE('',*,*,#3524,.T.);
#4119 = ORIENTED_EDGE('',*,*,#3380,.T.);
#4120 = ORIENTED_EDGE('',*,*,#3449,.T.);
#4121 = ORIENTED_EDGE('',*,*,#3497,.T.);
#4122 = ADVANCED_FACE('',(#4123),#2794,.T.);
#4123 = FACE_BOUND('',#4124,.T.);
#4124 = EDGE_LOOP('',(#4125,#4148,#4149,#4150));
#4125 = ORIENTED_EDGE('',*,*,#4126,.F.);
#4126 = EDGE_CURVE('',#2752,#4127,#4129,.T.);
#4127 = VERTEX_POINT('',#4128);
#4128 = CARTESIAN_POINT('',(73.2,-39.2,0.6));
#4129 = SURFACE_CURVE('',#4130,(#4134,#4141),.PCURVE_S1.);
#4130 = LINE('',#4131,#4132);
#4131 = CARTESIAN_POINT('',(73.2,-39.2,-15.2));
#4132 = VECTOR('',#4133,1.);
#4133 = DIRECTION('',(0.,0.,1.));
#4134 = PCURVE('',#2794,#4135);
#4135 = DEFINITIONAL_REPRESENTATION('',(#4136),#4140);
#4136 = LINE('',#4137,#4138);
#4137 = CARTESIAN_POINT('',(0.,0.));
#4138 = VECTOR('',#4139,1.);
#4139 = DIRECTION('',(0.,1.));
#4140 = ( GEOMETRIC_REPRESENTATION_CONTEXT(2) 
PARAMETRIC_REPRESENTATION_CONTEXT() REPRESENTATION_CONTEXT('2D SPACE',''
  ) );
#4141 = PCURVE('',#2766,#4142);
#4142 = DEFINITIONAL_REPRESENTATION('',(#4143),#4147);
#4143 = LINE('',#4144,#4145);
#4144 = CARTESIAN_POINT('',(76.4,0.));
#4145 = VECTOR('',#4146,1.);
#4146 = DIRECTION('',(0.,-1.));
#4147 = ( GEOMETRIC_REPRESENTATION_CONTEXT(2) 
PARAMETRIC_REPRESENTATION_CONTEXT() REPRESENTATION_CONTEXT('2D SPACE',''
  ) );
#4148 = ORIENTED_EDGE('',*,*,#2777,.T.);
#4149 = ORIENTED_EDGE('',*,*,#4067,.T.);
#4150 = ORIENTED_EDGE('',*,*,#4151,.F.);
#4151 = EDGE_CURVE('',#4127,#4068,#4152,.T.);
#4152 = SURFACE_CURVE('',#4153,(#4158,#4165),.PCURVE_S1.);
#4153 = CIRCLE('',#4154,7.);
#4154 = AXIS2_PLACEMENT_3D('',#4155,#4156,#4157);
#4155 = CARTESIAN_POINT('',(73.2,-32.2,0.6));
#4156 = DIRECTION('',(0.,0.,1.));
#4157 = DIRECTION('',(0.,-1.,0.));
#4158 = PCURVE('',#2794,#4159);
#4159 = DEFINITIONAL_REPRESENTATION('',(#4160),#4164);
#4160 = LINE('',#4161,#4162);
#4161 = CARTESIAN_POINT('',(0.,15.8));
#4162 = VECTOR('',#4163,1.);
#4163 = DIRECTION('',(1.,0.));
#4164 = ( GEOMETRIC_REPRESENTATION_CONTEXT(2) 
PARAMETRIC_REPRESENTATION_CONTEXT() REPRESENTATION_CONTEXT('2D SPACE',''
  ) );
#4165 = PCURVE('',#4166,#4171);
#4166 = TOROIDAL_SURFACE('',#4167,5.8,1.2);
#4167 = AXIS2_PLACEMENT_3D('',#4168,#4169,#4170);
#4168 = CARTESIAN_POINT('',(73.2,-32.2,0.6));
#4169 = DIRECTION('',(0.,0.,1.));
#4170 = DIRECTION('',(0.,-1.,0.));
#4171 = DEFINITIONAL_REPRESENTATION('',(#4172),#4176);
#4172 = LINE('',#4173,#4174);
#4173 = CARTESIAN_POINT('',(0.,0.));
#4174 = VECTOR('',#4175,1.);
#4175 = DIRECTION('',(1.,0.));
#4176 = ( GEOMETRIC_REPRESENTATION_CONTEXT(2) 
PARAMETRIC_REPRESENTATION_CONTEXT() REPRESENTATION_CONTEXT('2D SPACE',''
  ) );
#4177 = ADVANCED_FACE('',(#4178,#4431),#2766,.F.);
#4178 = FACE_BOUND('',#4179,.F.);
#4179 = EDGE_LOOP('',(#4180,#4181,#4182,#4210,#4236,#4272,#4298,#4321,
    #4347,#4383,#4409,#4430));
#4180 = ORIENTED_EDGE('',*,*,#2751,.F.);
#4181 = ORIENTED_EDGE('',*,*,#3549,.T.);
#4182 = ORIENTED_EDGE('',*,*,#4183,.T.);
#4183 = EDGE_CURVE('',#3550,#4184,#4186,.T.);
#4184 = VERTEX_POINT('',#4185);
#4185 = CARTESIAN_POINT('',(23.3,-39.2,0.6));
#4186 = SURFACE_CURVE('',#4187,(#4191,#4198),.PCURVE_S1.);
#4187 = LINE('',#4188,#4189);
#4188 = CARTESIAN_POINT('',(3.8,-39.2,0.6));
#4189 = VECTOR('',#4190,1.);
#4190 = DIRECTION('',(1.,0.,0.));
#4191 = PCURVE('',#2766,#4192);
#4192 = DEFINITIONAL_REPRESENTATION('',(#4193),#4197);
#4193 = LINE('',#4194,#4195);
#4194 = CARTESIAN_POINT('',(7.,-15.8));
#4195 = VECTOR('',#4196,1.);
#4196 = DIRECTION('',(1.,0.));
#4197 = ( GEOMETRIC_REPRESENTATION_CONTEXT(2) 
PARAMETRIC_REPRESENTATION_CONTEXT() REPRESENTATION_CONTEXT('2D SPACE',''
  ) );
#4198 = PCURVE('',#4199,#4204);
#4199 = CYLINDRICAL_SURFACE('',#4200,1.2);
#4200 = AXIS2_PLACEMENT_3D('',#4201,#4202,#4203);
#4201 = CARTESIAN_POINT('',(3.8,-38.,0.6));
#4202 = DIRECTION('',(1.,0.,0.));
#4203 = DIRECTION('',(0.,-1.,-0.));
#4204 = DEFINITIONAL_REPRESENTATION('',(#4205),#4209);
#4205 = LINE('',#4206,#4207);
#4206 = CARTESIAN_POINT('',(-0.,0.));
#4207 = VECTOR('',#4208,1.);
#4208 = DIRECTION('',(-0.,1.));
#4209 = ( GEOMETRIC_REPRESENTATION_CONTEXT(2) 
PARAMETRIC_REPRESENTATION_CONTEXT() REPRESENTATION_CONTEXT('2D SPACE',''
  ) );
#4210 = ORIENTED_EDGE('',*,*,#4211,.T.);
#4211 = EDGE_CURVE('',#4184,#4212,#4214,.T.);
#4212 = VERTEX_POINT('',#4213);
#4213 = CARTESIAN_POINT('',(23.3,-39.2,-13.1804547817));
#4214 = SURFACE_CURVE('',#4215,(#4219,#4225),.PCURVE_S1.);
#4215 = LINE('',#4216,#4217);
#4216 = CARTESIAN_POINT('',(23.3,-39.2,-10.73792250303));
#4217 = VECTOR('',#4218,1.);
#4218 = DIRECTION('',(0.,0.,-1.));
#4219 = PCURVE('',#2766,#4220);
#4220 = DEFINITIONAL_REPRESENTATION('',(#4221),#4224);
#4221 = B_SPLINE_CURVE_WITH_KNOTS('',1,(#4222,#4223),.UNSPECIFIED.,.F.,
  .F.,(2,2),(-11.33792250303,2.96207749697),.PIECEWISE_BEZIER_KNOTS.);
#4222 = CARTESIAN_POINT('',(26.5,-15.8));
#4223 = CARTESIAN_POINT('',(26.5,-1.5));
#4224 = ( GEOMETRIC_REPRESENTATION_CONTEXT(2) 
PARAMETRIC_REPRESENTATION_CONTEXT() REPRESENTATION_CONTEXT('2D SPACE',''
  ) );
#4225 = PCURVE('',#4226,#4231);
#4226 = PLANE('',#4227);
#4227 = AXIS2_PLACEMENT_3D('',#4228,#4229,#4230);
#4228 = CARTESIAN_POINT('',(23.3,-38.65457148342,-6.27584500606));
#4229 = DIRECTION('',(1.,-1.110223024625E-16,-0.));
#4230 = DIRECTION('',(0.,0.,-1.));
#4231 = DEFINITIONAL_REPRESENTATION('',(#4232),#4235);
#4232 = B_SPLINE_CURVE_WITH_KNOTS('',1,(#4233,#4234),.UNSPECIFIED.,.F.,
  .F.,(2,2),(-11.33792250303,2.96207749697),.PIECEWISE_BEZIER_KNOTS.);
#4233 = CARTESIAN_POINT('',(-6.87584500606,-0.545428516571));
#4234 = CARTESIAN_POINT('',(7.42415499394,-0.545428516571));
#4235 = ( GEOMETRIC_REPRESENTATION_CONTEXT(2) 
PARAMETRIC_REPRESENTATION_CONTEXT() REPRESENTATION_CONTEXT('2D SPACE',''
  ) );
#4236 = ORIENTED_EDGE('',*,*,#4237,.F.);
#4237 = EDGE_CURVE('',#4238,#4212,#4240,.T.);
#4238 = VERTEX_POINT('',#4239);
#4239 = CARTESIAN_POINT('',(27.5,-39.2,-13.1804547817));
#4240 = SURFACE_CURVE('',#4241,(#4247,#4256),.PCURVE_S1.);
#4241 = B_SPLINE_CURVE_WITH_KNOTS('',4,(#4242,#4243,#4244,#4245,#4246),
  .UNSPECIFIED.,.F.,.F.,(5,5),(0.,1.),.PIECEWISE_BEZIER_KNOTS.);
#4242 = CARTESIAN_POINT('',(27.5000006,-39.2,-13.1804547817));
#4243 = CARTESIAN_POINT('',(26.4500003,-39.2,-13.1804547817));
#4244 = CARTESIAN_POINT('',(25.4,-39.2,-13.1804547817));
#4245 = CARTESIAN_POINT('',(24.3499997,-39.2,-13.1804547817));
#4246 = CARTESIAN_POINT('',(23.2999994,-39.2,-13.1804547817));
#4247 = PCURVE('',#2766,#4248);
#4248 = DEFINITIONAL_REPRESENTATION('',(#4249),#4255);
#4249 = B_SPLINE_CURVE_WITH_KNOTS('',4,(#4250,#4251,#4252,#4253,#4254),
  .UNSPECIFIED.,.F.,.F.,(5,5),(0.,1.),.PIECEWISE_BEZIER_KNOTS.);
#4250 = CARTESIAN_POINT('',(30.7000006,-2.019545218292));
#4251 = CARTESIAN_POINT('',(29.6500003,-2.019545218292));
#4252 = CARTESIAN_POINT('',(28.6,-2.019545218292));
#4253 = CARTESIAN_POINT('',(27.5499997,-2.019545218292));
#4254 = CARTESIAN_POINT('',(26.4999994,-2.019545218292));
#4255 = ( GEOMETRIC_REPRESENTATION_CONTEXT(2) 
PARAMETRIC_REPRESENTATION_CONTEXT() REPRESENTATION_CONTEXT('2D SPACE',''
  ) );
#4256 = PCURVE('',#4257,#4264);
#4257 = SURFACE_OF_LINEAR_EXTRUSION('',#4258,#4262);
#4258 = B_SPLINE_CURVE_WITH_KNOTS('',2,(#4259,#4260,#4261),
  .UNSPECIFIED.,.F.,.F.,(3,3),(0.,12.899612397278),
  .PIECEWISE_BEZIER_KNOTS.);
#4259 = CARTESIAN_POINT('',(23.3,-45.2,-10.2));
#4260 = CARTESIAN_POINT('',(23.3,-39.9,-14.3));
#4261 = CARTESIAN_POINT('',(23.3,-33.,-13.6));
#4262 = VECTOR('',#4263,1.);
#4263 = DIRECTION('',(-1.,1.110223024625E-16,0.));
#4264 = DEFINITIONAL_REPRESENTATION('',(#4265),#4271);
#4265 = B_SPLINE_CURVE_WITH_KNOTS('',4,(#4266,#4267,#4268,#4269,#4270),
  .UNSPECIFIED.,.F.,.F.,(5,5),(0.,1.),.PIECEWISE_BEZIER_KNOTS.);
#4266 = CARTESIAN_POINT('',(6.765993365066,-4.2000006));
#4267 = CARTESIAN_POINT('',(6.765993365066,-3.1500003));
#4268 = CARTESIAN_POINT('',(6.765993365066,-2.1));
#4269 = CARTESIAN_POINT('',(6.765993365066,-1.0499997));
#4270 = CARTESIAN_POINT('',(6.765993365066,5.999999999062E-07));
#4271 = ( GEOMETRIC_REPRESENTATION_CONTEXT(2) 
PARAMETRIC_REPRESENTATION_CONTEXT() REPRESENTATION_CONTEXT('2D SPACE',''
  ) );
#4272 = ORIENTED_EDGE('',*,*,#4273,.F.);
#4273 = EDGE_CURVE('',#4274,#4238,#4276,.T.);
#4274 = VERTEX_POINT('',#4275);
#4275 = CARTESIAN_POINT('',(27.5,-39.2,0.6));
#4276 = SURFACE_CURVE('',#4277,(#4281,#4287),.PCURVE_S1.);
#4277 = LINE('',#4278,#4279);
#4278 = CARTESIAN_POINT('',(27.5,-39.2,-10.73792250303));
#4279 = VECTOR('',#4280,1.);
#4280 = DIRECTION('',(0.,0.,-1.));
#4281 = PCURVE('',#2766,#4282);
#4282 = DEFINITIONAL_REPRESENTATION('',(#4283),#4286);
#4283 = B_SPLINE_CURVE_WITH_KNOTS('',1,(#4284,#4285),.UNSPECIFIED.,.F.,
  .F.,(2,2),(-11.33792250303,2.96207749697),.PIECEWISE_BEZIER_KNOTS.);
#4284 = CARTESIAN_POINT('',(30.7,-15.8));
#4285 = CARTESIAN_POINT('',(30.7,-1.5));
#4286 = ( GEOMETRIC_REPRESENTATION_CONTEXT(2) 
PARAMETRIC_REPRESENTATION_CONTEXT() REPRESENTATION_CONTEXT('2D SPACE',''
  ) );
#4287 = PCURVE('',#4288,#4293);
#4288 = PLANE('',#4289);
#4289 = AXIS2_PLACEMENT_3D('',#4290,#4291,#4292);
#4290 = CARTESIAN_POINT('',(27.5,-38.65457148342,-6.27584500606));
#4291 = DIRECTION('',(1.,-1.110223024625E-16,-0.));
#4292 = DIRECTION('',(0.,0.,-1.));
#4293 = DEFINITIONAL_REPRESENTATION('',(#4294),#4297);
#4294 = B_SPLINE_CURVE_WITH_KNOTS('',1,(#4295,#4296),.UNSPECIFIED.,.F.,
  .F.,(2,2),(-11.33792250303,2.96207749697),.PIECEWISE_BEZIER_KNOTS.);
#4295 = CARTESIAN_POINT('',(-6.87584500606,-0.545428516571));
#4296 = CARTESIAN_POINT('',(7.42415499394,-0.545428516571));
#4297 = ( GEOMETRIC_REPRESENTATION_CONTEXT(2) 
PARAMETRIC_REPRESENTATION_CONTEXT() REPRESENTATION_CONTEXT('2D SPACE',''
  ) );
#4298 = ORIENTED_EDGE('',*,*,#4299,.T.);
#4299 = EDGE_CURVE('',#4274,#4300,#4302,.T.);
#4300 = VERTEX_POINT('',#4301);
#4301 = CARTESIAN_POINT('',(49.5,-39.2,0.6));
#4302 = SURFACE_CURVE('',#4303,(#4307,#4314),.PCURVE_S1.);
#4303 = LINE('',#4304,#4305);
#4304 = CARTESIAN_POINT('',(3.8,-39.2,0.6));
#4305 = VECTOR('',#4306,1.);
#4306 = DIRECTION('',(1.,0.,0.));
#4307 = PCURVE('',#2766,#4308);
#4308 = DEFINITIONAL_REPRESENTATION('',(#4309),#4313);
#4309 = LINE('',#4310,#4311);
#4310 = CARTESIAN_POINT('',(7.,-15.8));
#4311 = VECTOR('',#4312,1.);
#4312 = DIRECTION('',(1.,0.));
#4313 = ( GEOMETRIC_REPRESENTATION_CONTEXT(2) 
PARAMETRIC_REPRESENTATION_CONTEXT() REPRESENTATION_CONTEXT('2D SPACE',''
  ) );
#4314 = PCURVE('',#4199,#4315);
#4315 = DEFINITIONAL_REPRESENTATION('',(#4316),#4320);
#4316 = LINE('',#4317,#4318);
#4317 = CARTESIAN_POINT('',(-0.,0.));
#4318 = VECTOR('',#4319,1.);
#4319 = DIRECTION('',(-0.,1.));
#4320 = ( GEOMETRIC_REPRESENTATION_CONTEXT(2) 
PARAMETRIC_REPRESENTATION_CONTEXT() REPRESENTATION_CONTEXT('2D SPACE',''
  ) );
#4321 = ORIENTED_EDGE('',*,*,#4322,.T.);
#4322 = EDGE_CURVE('',#4300,#4323,#4325,.T.);
#4323 = VERTEX_POINT('',#4324);
#4324 = CARTESIAN_POINT('',(49.5,-39.2,-13.1804547817));
#4325 = SURFACE_CURVE('',#4326,(#4330,#4336),.PCURVE_S1.);
#4326 = LINE('',#4327,#4328);
#4327 = CARTESIAN_POINT('',(49.5,-39.2,-10.73792250303));
#4328 = VECTOR('',#4329,1.);
#4329 = DIRECTION('',(0.,0.,-1.));
#4330 = PCURVE('',#2766,#4331);
#4331 = DEFINITIONAL_REPRESENTATION('',(#4332),#4335);
#4332 = B_SPLINE_CURVE_WITH_KNOTS('',1,(#4333,#4334),.UNSPECIFIED.,.F.,
  .F.,(2,2),(-11.33792250303,2.96207749697),.PIECEWISE_BEZIER_KNOTS.);
#4333 = CARTESIAN_POINT('',(52.7,-15.8));
#4334 = CARTESIAN_POINT('',(52.7,-1.5));
#4335 = ( GEOMETRIC_REPRESENTATION_CONTEXT(2) 
PARAMETRIC_REPRESENTATION_CONTEXT() REPRESENTATION_CONTEXT('2D SPACE',''
  ) );
#4336 = PCURVE('',#4337,#4342);
#4337 = PLANE('',#4338);
#4338 = AXIS2_PLACEMENT_3D('',#4339,#4340,#4341);
#4339 = CARTESIAN_POINT('',(49.5,-38.65457148342,-6.27584500606));
#4340 = DIRECTION('',(1.,-1.110223024625E-16,-0.));
#4341 = DIRECTION('',(0.,0.,-1.));
#4342 = DEFINITIONAL_REPRESENTATION('',(#4343),#4346);
#4343 = B_SPLINE_CURVE_WITH_KNOTS('',1,(#4344,#4345),.UNSPECIFIED.,.F.,
  .F.,(2,2),(-11.33792250303,2.96207749697),.PIECEWISE_BEZIER_KNOTS.);
#4344 = CARTESIAN_POINT('',(-6.87584500606,-0.545428516571));
#4345 = CARTESIAN_POINT('',(7.42415499394,-0.545428516571));
#4346 = ( GEOMETRIC_REPRESENTATION_CONTEXT(2) 
PARAMETRIC_REPRESENTATION_CONTEXT() REPRESENTATION_CONTEXT('2D SPACE',''
  ) );
#4347 = ORIENTED_EDGE('',*,*,#4348,.F.);
#4348 = EDGE_CURVE('',#4349,#4323,#4351,.T.);
#4349 = VERTEX_POINT('',#4350);
#4350 = CARTESIAN_POINT('',(53.7,-39.2,-13.1804547817));
#4351 = SURFACE_CURVE('',#4352,(#4358,#4367),.PCURVE_S1.);
#4352 = B_SPLINE_CURVE_WITH_KNOTS('',4,(#4353,#4354,#4355,#4356,#4357),
  .UNSPECIFIED.,.F.,.F.,(5,5),(0.,1.),.PIECEWISE_BEZIER_KNOTS.);
#4353 = CARTESIAN_POINT('',(53.7000006,-39.2,-13.1804547817));
#4354 = CARTESIAN_POINT('',(52.6500003,-39.2,-13.1804547817));
#4355 = CARTESIAN_POINT('',(51.6,-39.2,-13.1804547817));
#4356 = CARTESIAN_POINT('',(50.5499997,-39.2,-13.1804547817));
#4357 = CARTESIAN_POINT('',(49.4999994,-39.2,-13.1804547817));
#4358 = PCURVE('',#2766,#4359);
#4359 = DEFINITIONAL_REPRESENTATION('',(#4360),#4366);
#4360 = B_SPLINE_CURVE_WITH_KNOTS('',4,(#4361,#4362,#4363,#4364,#4365),
  .UNSPECIFIED.,.F.,.F.,(5,5),(0.,1.),.PIECEWISE_BEZIER_KNOTS.);
#4361 = CARTESIAN_POINT('',(56.9000006,-2.019545218292));
#4362 = CARTESIAN_POINT('',(55.8500003,-2.019545218292));
#4363 = CARTESIAN_POINT('',(54.8,-2.019545218292));
#4364 = CARTESIAN_POINT('',(53.7499997,-2.019545218292));
#4365 = CARTESIAN_POINT('',(52.6999994,-2.019545218292));
#4366 = ( GEOMETRIC_REPRESENTATION_CONTEXT(2) 
PARAMETRIC_REPRESENTATION_CONTEXT() REPRESENTATION_CONTEXT('2D SPACE',''
  ) );
#4367 = PCURVE('',#4368,#4375);
#4368 = SURFACE_OF_LINEAR_EXTRUSION('',#4369,#4373);
#4369 = B_SPLINE_CURVE_WITH_KNOTS('',2,(#4370,#4371,#4372),
  .UNSPECIFIED.,.F.,.F.,(3,3),(0.,12.899612397278),
  .PIECEWISE_BEZIER_KNOTS.);
#4370 = CARTESIAN_POINT('',(49.5,-45.2,-10.2));
#4371 = CARTESIAN_POINT('',(49.5,-39.9,-14.3));
#4372 = CARTESIAN_POINT('',(49.5,-33.,-13.6));
#4373 = VECTOR('',#4374,1.);
#4374 = DIRECTION('',(-1.,1.110223024625E-16,0.));
#4375 = DEFINITIONAL_REPRESENTATION('',(#4376),#4382);
#4376 = B_SPLINE_CURVE_WITH_KNOTS('',4,(#4377,#4378,#4379,#4380,#4381),
  .UNSPECIFIED.,.F.,.F.,(5,5),(0.,1.),.PIECEWISE_BEZIER_KNOTS.);
#4377 = CARTESIAN_POINT('',(6.765993365066,-4.2000006));
#4378 = CARTESIAN_POINT('',(6.765993365066,-3.1500003));
#4379 = CARTESIAN_POINT('',(6.765993365066,-2.1));
#4380 = CARTESIAN_POINT('',(6.765993365066,-1.0499997));
#4381 = CARTESIAN_POINT('',(6.765993365066,5.999999999062E-07));
#4382 = ( GEOMETRIC_REPRESENTATION_CONTEXT(2) 
PARAMETRIC_REPRESENTATION_CONTEXT() REPRESENTATION_CONTEXT('2D SPACE',''
  ) );
#4383 = ORIENTED_EDGE('',*,*,#4384,.F.);
#4384 = EDGE_CURVE('',#4385,#4349,#4387,.T.);
#4385 = VERTEX_POINT('',#4386);
#4386 = CARTESIAN_POINT('',(53.7,-39.2,0.6));
#4387 = SURFACE_CURVE('',#4388,(#4392,#4398),.PCURVE_S1.);
#4388 = LINE('',#4389,#4390);
#4389 = CARTESIAN_POINT('',(53.7,-39.2,-10.73792250303));
#4390 = VECTOR('',#4391,1.);
#4391 = DIRECTION('',(0.,0.,-1.));
#4392 = PCURVE('',#2766,#4393);
#4393 = DEFINITIONAL_REPRESENTATION('',(#4394),#4397);
#4394 = B_SPLINE_CURVE_WITH_KNOTS('',1,(#4395,#4396),.UNSPECIFIED.,.F.,
  .F.,(2,2),(-11.33792250303,2.96207749697),.PIECEWISE_BEZIER_KNOTS.);
#4395 = CARTESIAN_POINT('',(56.9,-15.8));
#4396 = CARTESIAN_POINT('',(56.9,-1.5));
#4397 = ( GEOMETRIC_REPRESENTATION_CONTEXT(2) 
PARAMETRIC_REPRESENTATION_CONTEXT() REPRESENTATION_CONTEXT('2D SPACE',''
  ) );
#4398 = PCURVE('',#4399,#4404);
#4399 = PLANE('',#4400);
#4400 = AXIS2_PLACEMENT_3D('',#4401,#4402,#4403);
#4401 = CARTESIAN_POINT('',(53.7,-38.65457148342,-6.27584500606));
#4402 = DIRECTION('',(1.,-1.110223024625E-16,-0.));
#4403 = DIRECTION('',(0.,0.,-1.));
#4404 = DEFINITIONAL_REPRESENTATION('',(#4405),#4408);
#4405 = B_SPLINE_CURVE_WITH_KNOTS('',1,(#4406,#4407),.UNSPECIFIED.,.F.,
  .F.,(2,2),(-11.33792250303,2.96207749697),.PIECEWISE_BEZIER_KNOTS.);
#4406 = CARTESIAN_POINT('',(-6.87584500606,-0.545428516571));
#4407 = CARTESIAN_POINT('',(7.42415499394,-0.545428516571));
#4408 = ( GEOMETRIC_REPRESENTATION_CONTEXT(2) 
PARAMETRIC_REPRESENTATION_CONTEXT() REPRESENTATION_CONTEXT('2D SPACE',''
  ) );
#4409 = ORIENTED_EDGE('',*,*,#4410,.T.);
#4410 = EDGE_CURVE('',#4385,#4127,#4411,.T.);
#4411 = SURFACE_CURVE('',#4412,(#4416,#4423),.PCURVE_S1.);
#4412 = LINE('',#4413,#4414);
#4413 = CARTESIAN_POINT('',(3.8,-39.2,0.6));
#4414 = VECTOR('',#4415,1.);
#4415 = DIRECTION('',(1.,0.,0.));
#4416 = PCURVE('',#2766,#4417);
#4417 = DEFINITIONAL_REPRESENTATION('',(#4418),#4422);
#4418 = LINE('',#4419,#4420);
#4419 = CARTESIAN_POINT('',(7.,-15.8));
#4420 = VECTOR('',#4421,1.);
#4421 = DIRECTION('',(1.,0.));
#4422 = ( GEOMETRIC_REPRESENTATION_CONTEXT(2) 
PARAMETRIC_REPRESENTATION_CONTEXT() REPRESENTATION_CONTEXT('2D SPACE',''
  ) );
#4423 = PCURVE('',#4199,#4424);
#4424 = DEFINITIONAL_REPRESENTATION('',(#4425),#4429);
#4425 = LINE('',#4426,#4427);
#4426 = CARTESIAN_POINT('',(-0.,0.));
#4427 = VECTOR('',#4428,1.);
#4428 = DIRECTION('',(-0.,1.));
#4429 = ( GEOMETRIC_REPRESENTATION_CONTEXT(2) 
PARAMETRIC_REPRESENTATION_CONTEXT() REPRESENTATION_CONTEXT('2D SPACE',''
  ) );
#4430 = ORIENTED_EDGE('',*,*,#4126,.F.);
#4431 = FACE_BOUND('',#4432,.F.);
#4432 = EDGE_LOOP('',(#4433,#4434,#4435,#4436));
#4433 = ORIENTED_EDGE('',*,*,#3332,.T.);
#4434 = ORIENTED_EDGE('',*,*,#3284,.T.);
#4435 = ORIENTED_EDGE('',*,*,#3236,.T.);
#4436 = ORIENTED_EDGE('',*,*,#3188,.T.);
#4437 = ADVANCED_FACE('',(#4438),#3014,.F.);
#4438 = FACE_BOUND('',#4439,.F.);
#4439 = EDGE_LOOP('',(#4440,#4441,#4463,#4491));
#4440 = ORIENTED_EDGE('',*,*,#3000,.T.);
#4441 = ORIENTED_EDGE('',*,*,#4442,.T.);
#4442 = EDGE_CURVE('',#2954,#4443,#4445,.T.);
#4443 = VERTEX_POINT('',#4444);
#4444 = CARTESIAN_POINT('',(66.8,-34.8,1.8));
#4445 = SURFACE_CURVE('',#4446,(#4449,#4456),.PCURVE_S1.);
#4446 = B_SPLINE_CURVE_WITH_KNOTS('',1,(#4447,#4448),.UNSPECIFIED.,.F.,
  .F.,(2,2),(0.,1.),.PIECEWISE_BEZIER_KNOTS.);
#4447 = CARTESIAN_POINT('',(66.2,-34.2,1.2));
#4448 = CARTESIAN_POINT('',(66.8,-34.8,1.8));
#4449 = PCURVE('',#3014,#4450);
#4450 = DEFINITIONAL_REPRESENTATION('',(#4451),#4455);
#4451 = LINE('',#4452,#4453);
#4452 = CARTESIAN_POINT('',(59.6,0.));
#4453 = VECTOR('',#4454,1.);
#4454 = DIRECTION('',(0.,1.));
#4455 = ( GEOMETRIC_REPRESENTATION_CONTEXT(2) 
PARAMETRIC_REPRESENTATION_CONTEXT() REPRESENTATION_CONTEXT('2D SPACE',''
  ) );
#4456 = PCURVE('',#3067,#4457);
#4457 = DEFINITIONAL_REPRESENTATION('',(#4458),#4462);
#4458 = LINE('',#4459,#4460);
#4459 = CARTESIAN_POINT('',(0.,0.));
#4460 = VECTOR('',#4461,1.);
#4461 = DIRECTION('',(0.,1.));
#4462 = ( GEOMETRIC_REPRESENTATION_CONTEXT(2) 
PARAMETRIC_REPRESENTATION_CONTEXT() REPRESENTATION_CONTEXT('2D SPACE',''
  ) );
#4463 = ORIENTED_EDGE('',*,*,#4464,.F.);
#4464 = EDGE_CURVE('',#4465,#4443,#4467,.T.);
#4465 = VERTEX_POINT('',#4466);
#4466 = CARTESIAN_POINT('',(7.2,-34.8,1.8));
#4467 = SURFACE_CURVE('',#4468,(#4472,#4479),.PCURVE_S1.);
#4468 = LINE('',#4469,#4470);
#4469 = CARTESIAN_POINT('',(7.2,-34.8,1.8));
#4470 = VECTOR('',#4471,1.);
#4471 = DIRECTION('',(1.,0.,0.));
#4472 = PCURVE('',#3014,#4473);
#4473 = DEFINITIONAL_REPRESENTATION('',(#4474),#4478);
#4474 = LINE('',#4475,#4476);
#4475 = CARTESIAN_POINT('',(0.,1.));
#4476 = VECTOR('',#4477,1.);
#4477 = DIRECTION('',(1.,0.));
#4478 = ( GEOMETRIC_REPRESENTATION_CONTEXT(2) 
PARAMETRIC_REPRESENTATION_CONTEXT() REPRESENTATION_CONTEXT('2D SPACE',''
  ) );
#4479 = PCURVE('',#4480,#4485);
#4480 = PLANE('',#4481);
#4481 = AXIS2_PLACEMENT_3D('',#4482,#4483,#4484);
#4482 = CARTESIAN_POINT('',(38.5,-17.5,1.8));
#4483 = DIRECTION('',(0.,0.,1.));
#4484 = DIRECTION('',(1.,0.,-0.));
#4485 = DEFINITIONAL_REPRESENTATION('',(#4486),#4490);
#4486 = LINE('',#4487,#4488);
#4487 = CARTESIAN_POINT('',(-31.3,-17.3));
#4488 = VECTOR('',#4489,1.);
#4489 = DIRECTION('',(1.,0.));
#4490 = ( GEOMETRIC_REPRESENTATION_CONTEXT(2) 
PARAMETRIC_REPRESENTATION_CONTEXT() REPRESENTATION_CONTEXT('2D SPACE',''
  ) );
#4491 = ORIENTED_EDGE('',*,*,#4492,.F.);
#4492 = EDGE_CURVE('',#2978,#4465,#4493,.T.);
#4493 = SURFACE_CURVE('',#4494,(#4497,#4504),.PCURVE_S1.);
#4494 = B_SPLINE_CURVE_WITH_KNOTS('',1,(#4495,#4496),.UNSPECIFIED.,.F.,
  .F.,(2,2),(0.,1.),.PIECEWISE_BEZIER_KNOTS.);
#4495 = CARTESIAN_POINT('',(7.8,-34.2,1.2));
#4496 = CARTESIAN_POINT('',(7.2,-34.8,1.8));
#4497 = PCURVE('',#3014,#4498);
#4498 = DEFINITIONAL_REPRESENTATION('',(#4499),#4503);
#4499 = LINE('',#4500,#4501);
#4500 = CARTESIAN_POINT('',(0.,0.));
#4501 = VECTOR('',#4502,1.);
#4502 = DIRECTION('',(0.,1.));
#4503 = ( GEOMETRIC_REPRESENTATION_CONTEXT(2) 
PARAMETRIC_REPRESENTATION_CONTEXT() REPRESENTATION_CONTEXT('2D SPACE',''
  ) );
#4504 = PCURVE('',#3151,#4505);
#4505 = DEFINITIONAL_REPRESENTATION('',(#4506),#4510);
#4506 = LINE('',#4507,#4508);
#4507 = CARTESIAN_POINT('',(32.6,0.));
#4508 = VECTOR('',#4509,1.);
#4509 = DIRECTION('',(0.,1.));
#4510 = ( GEOMETRIC_REPRESENTATION_CONTEXT(2) 
PARAMETRIC_REPRESENTATION_CONTEXT() REPRESENTATION_CONTEXT('2D SPACE',''
  ) );
#4511 = ADVANCED_FACE('',(#4512),#3067,.F.);
#4512 = FACE_BOUND('',#4513,.F.);
#4513 = EDGE_LOOP('',(#4514,#4515,#4537,#4558));
#4514 = ORIENTED_EDGE('',*,*,#3053,.T.);
#4515 = ORIENTED_EDGE('',*,*,#4516,.T.);
#4516 = EDGE_CURVE('',#3031,#4517,#4519,.T.);
#4517 = VERTEX_POINT('',#4518);
#4518 = CARTESIAN_POINT('',(66.8,-2.2,1.8));
#4519 = SURFACE_CURVE('',#4520,(#4523,#4530),.PCURVE_S1.);
#4520 = B_SPLINE_CURVE_WITH_KNOTS('',1,(#4521,#4522),.UNSPECIFIED.,.F.,
  .F.,(2,2),(0.,1.),.PIECEWISE_BEZIER_KNOTS.);
#4521 = CARTESIAN_POINT('',(66.2,-2.8,1.2));
#4522 = CARTESIAN_POINT('',(66.8,-2.2,1.8));
#4523 = PCURVE('',#3067,#4524);
#4524 = DEFINITIONAL_REPRESENTATION('',(#4525),#4529);
#4525 = LINE('',#4526,#4527);
#4526 = CARTESIAN_POINT('',(32.6,0.));
#4527 = VECTOR('',#4528,1.);
#4528 = DIRECTION('',(0.,1.));
#4529 = ( GEOMETRIC_REPRESENTATION_CONTEXT(2) 
PARAMETRIC_REPRESENTATION_CONTEXT() REPRESENTATION_CONTEXT('2D SPACE',''
  ) );
#4530 = PCURVE('',#3120,#4531);
#4531 = DEFINITIONAL_REPRESENTATION('',(#4532),#4536);
#4532 = LINE('',#4533,#4534);
#4533 = CARTESIAN_POINT('',(0.,0.));
#4534 = VECTOR('',#4535,1.);
#4535 = DIRECTION('',(0.,1.));
#4536 = ( GEOMETRIC_REPRESENTATION_CONTEXT(2) 
PARAMETRIC_REPRESENTATION_CONTEXT() REPRESENTATION_CONTEXT('2D SPACE',''
  ) );
#4537 = ORIENTED_EDGE('',*,*,#4538,.F.);
#4538 = EDGE_CURVE('',#4443,#4517,#4539,.T.);
#4539 = SURFACE_CURVE('',#4540,(#4544,#4551),.PCURVE_S1.);
#4540 = LINE('',#4541,#4542);
#4541 = CARTESIAN_POINT('',(66.8,-34.8,1.8));
#4542 = VECTOR('',#4543,1.);
#4543 = DIRECTION('',(0.,1.,0.));
#4544 = PCURVE('',#3067,#4545);
#4545 = DEFINITIONAL_REPRESENTATION('',(#4546),#4550);
#4546 = LINE('',#4547,#4548);
#4547 = CARTESIAN_POINT('',(0.,1.));
#4548 = VECTOR('',#4549,1.);
#4549 = DIRECTION('',(1.,0.));
#4550 = ( GEOMETRIC_REPRESENTATION_CONTEXT(2) 
PARAMETRIC_REPRESENTATION_CONTEXT() REPRESENTATION_CONTEXT('2D SPACE',''
  ) );
#4551 = PCURVE('',#4480,#4552);
#4552 = DEFINITIONAL_REPRESENTATION('',(#4553),#4557);
#4553 = LINE('',#4554,#4555);
#4554 = CARTESIAN_POINT('',(28.3,-17.3));
#4555 = VECTOR('',#4556,1.);
#4556 = DIRECTION('',(0.,1.));
#4557 = ( GEOMETRIC_REPRESENTATION_CONTEXT(2) 
PARAMETRIC_REPRESENTATION_CONTEXT() REPRESENTATION_CONTEXT('2D SPACE',''
  ) );
#4558 = ORIENTED_EDGE('',*,*,#4442,.F.);
#4559 = ADVANCED_FACE('',(#4560),#3120,.F.);
#4560 = FACE_BOUND('',#4561,.F.);
#4561 = EDGE_LOOP('',(#4562,#4563,#4585,#4606));
#4562 = ORIENTED_EDGE('',*,*,#3106,.T.);
#4563 = ORIENTED_EDGE('',*,*,#4564,.T.);
#4564 = EDGE_CURVE('',#3084,#4565,#4567,.T.);
#4565 = VERTEX_POINT('',#4566);
#4566 = CARTESIAN_POINT('',(7.2,-2.2,1.8));
#4567 = SURFACE_CURVE('',#4568,(#4571,#4578),.PCURVE_S1.);
#4568 = B_SPLINE_CURVE_WITH_KNOTS('',1,(#4569,#4570),.UNSPECIFIED.,.F.,
  .F.,(2,2),(0.,1.),.PIECEWISE_BEZIER_KNOTS.);
#4569 = CARTESIAN_POINT('',(7.8,-2.8,1.2));
#4570 = CARTESIAN_POINT('',(7.2,-2.2,1.8));
#4571 = PCURVE('',#3120,#4572);
#4572 = DEFINITIONAL_REPRESENTATION('',(#4573),#4577);
#4573 = LINE('',#4574,#4575);
#4574 = CARTESIAN_POINT('',(59.6,0.));
#4575 = VECTOR('',#4576,1.);
#4576 = DIRECTION('',(0.,1.));
#4577 = ( GEOMETRIC_REPRESENTATION_CONTEXT(2) 
PARAMETRIC_REPRESENTATION_CONTEXT() REPRESENTATION_CONTEXT('2D SPACE',''
  ) );
#4578 = PCURVE('',#3151,#4579);
#4579 = DEFINITIONAL_REPRESENTATION('',(#4580),#4584);
#4580 = LINE('',#4581,#4582);
#4581 = CARTESIAN_POINT('',(0.,0.));
#4582 = VECTOR('',#4583,1.);
#4583 = DIRECTION('',(0.,1.));
#4584 = ( GEOMETRIC_REPRESENTATION_CONTEXT(2) 
PARAMETRIC_REPRESENTATION_CONTEXT() REPRESENTATION_CONTEXT('2D SPACE',''
  ) );
#4585 = ORIENTED_EDGE('',*,*,#4586,.F.);
#4586 = EDGE_CURVE('',#4517,#4565,#4587,.T.);
#4587 = SURFACE_CURVE('',#4588,(#4592,#4599),.PCURVE_S1.);
#4588 = LINE('',#4589,#4590);
#4589 = CARTESIAN_POINT('',(66.8,-2.2,1.8));
#4590 = VECTOR('',#4591,1.);
#4591 = DIRECTION('',(-1.,0.,0.));
#4592 = PCURVE('',#3120,#4593);
#4593 = DEFINITIONAL_REPRESENTATION('',(#4594),#4598);
#4594 = LINE('',#4595,#4596);
#4595 = CARTESIAN_POINT('',(0.,1.));
#4596 = VECTOR('',#4597,1.);
#4597 = DIRECTION('',(1.,0.));
#4598 = ( GEOMETRIC_REPRESENTATION_CONTEXT(2) 
PARAMETRIC_REPRESENTATION_CONTEXT() REPRESENTATION_CONTEXT('2D SPACE',''
  ) );
#4599 = PCURVE('',#4480,#4600);
#4600 = DEFINITIONAL_REPRESENTATION('',(#4601),#4605);
#4601 = LINE('',#4602,#4603);
#4602 = CARTESIAN_POINT('',(28.3,15.3));
#4603 = VECTOR('',#4604,1.);
#4604 = DIRECTION('',(-1.,0.));
#4605 = ( GEOMETRIC_REPRESENTATION_CONTEXT(2) 
PARAMETRIC_REPRESENTATION_CONTEXT() REPRESENTATION_CONTEXT('2D SPACE',''
  ) );
#4606 = ORIENTED_EDGE('',*,*,#4516,.F.);
#4607 = ADVANCED_FACE('',(#4608),#3151,.F.);
#4608 = FACE_BOUND('',#4609,.F.);
#4609 = EDGE_LOOP('',(#4610,#4611,#4612,#4633));
#4610 = ORIENTED_EDGE('',*,*,#3137,.T.);
#4611 = ORIENTED_EDGE('',*,*,#4492,.T.);
#4612 = ORIENTED_EDGE('',*,*,#4613,.F.);
#4613 = EDGE_CURVE('',#4565,#4465,#4614,.T.);
#4614 = SURFACE_CURVE('',#4615,(#4619,#4626),.PCURVE_S1.);
#4615 = LINE('',#4616,#4617);
#4616 = CARTESIAN_POINT('',(7.2,-2.2,1.8));
#4617 = VECTOR('',#4618,1.);
#4618 = DIRECTION('',(0.,-1.,0.));
#4619 = PCURVE('',#3151,#4620);
#4620 = DEFINITIONAL_REPRESENTATION('',(#4621),#4625);
#4621 = LINE('',#4622,#4623);
#4622 = CARTESIAN_POINT('',(0.,1.));
#4623 = VECTOR('',#4624,1.);
#4624 = DIRECTION('',(1.,0.));
#4625 = ( GEOMETRIC_REPRESENTATION_CONTEXT(2) 
PARAMETRIC_REPRESENTATION_CONTEXT() REPRESENTATION_CONTEXT('2D SPACE',''
  ) );
#4626 = PCURVE('',#4480,#4627);
#4627 = DEFINITIONAL_REPRESENTATION('',(#4628),#4632);
#4628 = LINE('',#4629,#4630);
#4629 = CARTESIAN_POINT('',(-31.3,15.3));
#4630 = VECTOR('',#4631,1.);
#4631 = DIRECTION('',(0.,-1.));
#4632 = ( GEOMETRIC_REPRESENTATION_CONTEXT(2) 
PARAMETRIC_REPRESENTATION_CONTEXT() REPRESENTATION_CONTEXT('2D SPACE',''
  ) );
#4633 = ORIENTED_EDGE('',*,*,#4564,.F.);
#4634 = ADVANCED_FACE('',(#4635),#3611,.T.);
#4635 = FACE_BOUND('',#4636,.T.);
#4636 = EDGE_LOOP('',(#4637,#4659,#4660,#4682));
#4637 = ORIENTED_EDGE('',*,*,#4638,.F.);
#4638 = EDGE_CURVE('',#3574,#4639,#4641,.T.);
#4639 = VERTEX_POINT('',#4640);
#4640 = CARTESIAN_POINT('',(-2.,-32.2,1.8));
#4641 = SURFACE_CURVE('',#4642,(#4647,#4653),.PCURVE_S1.);
#4642 = CIRCLE('',#4643,1.2);
#4643 = AXIS2_PLACEMENT_3D('',#4644,#4645,#4646);
#4644 = CARTESIAN_POINT('',(-2.,-32.2,0.6));
#4645 = DIRECTION('',(-0.,1.,0.));
#4646 = DIRECTION('',(-1.,-0.,0.));
#4647 = PCURVE('',#3611,#4648);
#4648 = DEFINITIONAL_REPRESENTATION('',(#4649),#4652);
#4649 = B_SPLINE_CURVE_WITH_KNOTS('',1,(#4650,#4651),.UNSPECIFIED.,.F.,
  .F.,(2,2),(0.,1.570796326795),.PIECEWISE_BEZIER_KNOTS.);
#4650 = CARTESIAN_POINT('',(0.,0.));
#4651 = CARTESIAN_POINT('',(0.,1.570796326795));
#4652 = ( GEOMETRIC_REPRESENTATION_CONTEXT(2) 
PARAMETRIC_REPRESENTATION_CONTEXT() REPRESENTATION_CONTEXT('2D SPACE',''
  ) );
#4653 = PCURVE('',#3664,#4654);
#4654 = DEFINITIONAL_REPRESENTATION('',(#4655),#4658);
#4655 = B_SPLINE_CURVE_WITH_KNOTS('',1,(#4656,#4657),.UNSPECIFIED.,.F.,
  .F.,(2,2),(0.,1.570796326795),.PIECEWISE_BEZIER_KNOTS.);
#4656 = CARTESIAN_POINT('',(0.,29.4));
#4657 = CARTESIAN_POINT('',(-1.570796326795,29.4));
#4658 = ( GEOMETRIC_REPRESENTATION_CONTEXT(2) 
PARAMETRIC_REPRESENTATION_CONTEXT() REPRESENTATION_CONTEXT('2D SPACE',''
  ) );
#4659 = ORIENTED_EDGE('',*,*,#3596,.T.);
#4660 = ORIENTED_EDGE('',*,*,#4661,.T.);
#4661 = EDGE_CURVE('',#3550,#4662,#4664,.T.);
#4662 = VERTEX_POINT('',#4663);
#4663 = CARTESIAN_POINT('',(3.8,-38.,1.8));
#4664 = SURFACE_CURVE('',#4665,(#4670,#4676),.PCURVE_S1.);
#4665 = CIRCLE('',#4666,1.2);
#4666 = AXIS2_PLACEMENT_3D('',#4667,#4668,#4669);
#4667 = CARTESIAN_POINT('',(3.8,-38.,0.6));
#4668 = DIRECTION('',(-1.,-0.,0.));
#4669 = DIRECTION('',(0.,-1.,0.));
#4670 = PCURVE('',#3611,#4671);
#4671 = DEFINITIONAL_REPRESENTATION('',(#4672),#4675);
#4672 = B_SPLINE_CURVE_WITH_KNOTS('',1,(#4673,#4674),.UNSPECIFIED.,.F.,
  .F.,(2,2),(0.,1.570796326795),.PIECEWISE_BEZIER_KNOTS.);
#4673 = CARTESIAN_POINT('',(1.570796326795,0.));
#4674 = CARTESIAN_POINT('',(1.570796326795,1.570796326795));
#4675 = ( GEOMETRIC_REPRESENTATION_CONTEXT(2) 
PARAMETRIC_REPRESENTATION_CONTEXT() REPRESENTATION_CONTEXT('2D SPACE',''
  ) );
#4676 = PCURVE('',#4199,#4677);
#4677 = DEFINITIONAL_REPRESENTATION('',(#4678),#4681);
#4678 = B_SPLINE_CURVE_WITH_KNOTS('',1,(#4679,#4680),.UNSPECIFIED.,.F.,
  .F.,(2,2),(0.,1.570796326795),.PIECEWISE_BEZIER_KNOTS.);
#4679 = CARTESIAN_POINT('',(0.,-8.881784197001E-16));
#4680 = CARTESIAN_POINT('',(-1.570796326795,-8.881784197001E-16));
#4681 = ( GEOMETRIC_REPRESENTATION_CONTEXT(2) 
PARAMETRIC_REPRESENTATION_CONTEXT() REPRESENTATION_CONTEXT('2D SPACE',''
  ) );
#4682 = ORIENTED_EDGE('',*,*,#4683,.F.);
#4683 = EDGE_CURVE('',#4639,#4662,#4684,.T.);
#4684 = SURFACE_CURVE('',#4685,(#4690,#4697),.PCURVE_S1.);
#4685 = CIRCLE('',#4686,5.8);
#4686 = AXIS2_PLACEMENT_3D('',#4687,#4688,#4689);
#4687 = CARTESIAN_POINT('',(3.8,-32.2,1.8));
#4688 = DIRECTION('',(0.,0.,1.));
#4689 = DIRECTION('',(-1.,0.,0.));
#4690 = PCURVE('',#3611,#4691);
#4691 = DEFINITIONAL_REPRESENTATION('',(#4692),#4696);
#4692 = LINE('',#4693,#4694);
#4693 = CARTESIAN_POINT('',(0.,1.570796326795));
#4694 = VECTOR('',#4695,1.);
#4695 = DIRECTION('',(1.,0.));
#4696 = ( GEOMETRIC_REPRESENTATION_CONTEXT(2) 
PARAMETRIC_REPRESENTATION_CONTEXT() REPRESENTATION_CONTEXT('2D SPACE',''
  ) );
#4697 = PCURVE('',#4698,#4703);
#4698 = PLANE('',#4699);
#4699 = AXIS2_PLACEMENT_3D('',#4700,#4701,#4702);
#4700 = CARTESIAN_POINT('',(38.5,-17.5,1.8));
#4701 = DIRECTION('',(0.,0.,1.));
#4702 = DIRECTION('',(1.,0.,-0.));
#4703 = DEFINITIONAL_REPRESENTATION('',(#4704),#4708);
#4704 = CIRCLE('',#4705,5.8);
#4705 = AXIS2_PLACEMENT_2D('',#4706,#4707);
#4706 = CARTESIAN_POINT('',(-34.7,-14.7));
#4707 = DIRECTION('',(-1.,0.));
#4708 = ( GEOMETRIC_REPRESENTATION_CONTEXT(2) 
PARAMETRIC_REPRESENTATION_CONTEXT() REPRESENTATION_CONTEXT('2D SPACE',''
  ) );
#4709 = ADVANCED_FACE('',(#4710),#3664,.T.);
#4710 = FACE_BOUND('',#4711,.F.);
#4711 = EDGE_LOOP('',(#4712,#4734,#4755,#4756));
#4712 = ORIENTED_EDGE('',*,*,#4713,.T.);
#4713 = EDGE_CURVE('',#3628,#4714,#4716,.T.);
#4714 = VERTEX_POINT('',#4715);
#4715 = CARTESIAN_POINT('',(-2.,-2.8,1.8));
#4716 = SURFACE_CURVE('',#4717,(#4722,#4728),.PCURVE_S1.);
#4717 = CIRCLE('',#4718,1.2);
#4718 = AXIS2_PLACEMENT_3D('',#4719,#4720,#4721);
#4719 = CARTESIAN_POINT('',(-2.,-2.8,0.6));
#4720 = DIRECTION('',(-6.565029142836E-17,1.,0.));
#4721 = DIRECTION('',(-1.,-6.565029142836E-17,0.));
#4722 = PCURVE('',#3664,#4723);
#4723 = DEFINITIONAL_REPRESENTATION('',(#4724),#4727);
#4724 = B_SPLINE_CURVE_WITH_KNOTS('',1,(#4725,#4726),.UNSPECIFIED.,.F.,
  .F.,(2,2),(0.,1.570796326795),.PIECEWISE_BEZIER_KNOTS.);
#4725 = CARTESIAN_POINT('',(0.,0.));
#4726 = CARTESIAN_POINT('',(-1.570796326795,0.));
#4727 = ( GEOMETRIC_REPRESENTATION_CONTEXT(2) 
PARAMETRIC_REPRESENTATION_CONTEXT() REPRESENTATION_CONTEXT('2D SPACE',''
  ) );
#4728 = PCURVE('',#3720,#4729);
#4729 = DEFINITIONAL_REPRESENTATION('',(#4730),#4733);
#4730 = B_SPLINE_CURVE_WITH_KNOTS('',1,(#4731,#4732),.UNSPECIFIED.,.F.,
  .F.,(2,2),(0.,1.570796326795),.PIECEWISE_BEZIER_KNOTS.);
#4731 = CARTESIAN_POINT('',(1.570796326795,0.));
#4732 = CARTESIAN_POINT('',(1.570796326795,1.570796326795));
#4733 = ( GEOMETRIC_REPRESENTATION_CONTEXT(2) 
PARAMETRIC_REPRESENTATION_CONTEXT() REPRESENTATION_CONTEXT('2D SPACE',''
  ) );
#4734 = ORIENTED_EDGE('',*,*,#4735,.T.);
#4735 = EDGE_CURVE('',#4714,#4639,#4736,.T.);
#4736 = SURFACE_CURVE('',#4737,(#4741,#4748),.PCURVE_S1.);
#4737 = LINE('',#4738,#4739);
#4738 = CARTESIAN_POINT('',(-2.,-2.8,1.8));
#4739 = VECTOR('',#4740,1.);
#4740 = DIRECTION('',(0.,-1.,0.));
#4741 = PCURVE('',#3664,#4742);
#4742 = DEFINITIONAL_REPRESENTATION('',(#4743),#4747);
#4743 = LINE('',#4744,#4745);
#4744 = CARTESIAN_POINT('',(-1.570796326795,0.));
#4745 = VECTOR('',#4746,1.);
#4746 = DIRECTION('',(-0.,1.));
#4747 = ( GEOMETRIC_REPRESENTATION_CONTEXT(2) 
PARAMETRIC_REPRESENTATION_CONTEXT() REPRESENTATION_CONTEXT('2D SPACE',''
  ) );
#4748 = PCURVE('',#4698,#4749);
#4749 = DEFINITIONAL_REPRESENTATION('',(#4750),#4754);
#4750 = LINE('',#4751,#4752);
#4751 = CARTESIAN_POINT('',(-40.5,14.7));
#4752 = VECTOR('',#4753,1.);
#4753 = DIRECTION('',(0.,-1.));
#4754 = ( GEOMETRIC_REPRESENTATION_CONTEXT(2) 
PARAMETRIC_REPRESENTATION_CONTEXT() REPRESENTATION_CONTEXT('2D SPACE',''
  ) );
#4755 = ORIENTED_EDGE('',*,*,#4638,.F.);
#4756 = ORIENTED_EDGE('',*,*,#3650,.F.);
#4757 = ADVANCED_FACE('',(#4758),#3720,.T.);
#4758 = FACE_BOUND('',#4759,.T.);
#4759 = EDGE_LOOP('',(#4760,#4782,#4783,#4784));
#4760 = ORIENTED_EDGE('',*,*,#4761,.F.);
#4761 = EDGE_CURVE('',#3681,#4762,#4764,.T.);
#4762 = VERTEX_POINT('',#4763);
#4763 = CARTESIAN_POINT('',(3.8,3.,1.8));
#4764 = SURFACE_CURVE('',#4765,(#4770,#4776),.PCURVE_S1.);
#4765 = CIRCLE('',#4766,1.2);
#4766 = AXIS2_PLACEMENT_3D('',#4767,#4768,#4769);
#4767 = CARTESIAN_POINT('',(3.8,3.,0.6));
#4768 = DIRECTION('',(1.,0.,-0.));
#4769 = DIRECTION('',(0.,1.,0.));
#4770 = PCURVE('',#3720,#4771);
#4771 = DEFINITIONAL_REPRESENTATION('',(#4772),#4775);
#4772 = B_SPLINE_CURVE_WITH_KNOTS('',1,(#4773,#4774),.UNSPECIFIED.,.F.,
  .F.,(2,2),(0.,1.570796326795),.PIECEWISE_BEZIER_KNOTS.);
#4773 = CARTESIAN_POINT('',(0.,0.));
#4774 = CARTESIAN_POINT('',(0.,1.570796326795));
#4775 = ( GEOMETRIC_REPRESENTATION_CONTEXT(2) 
PARAMETRIC_REPRESENTATION_CONTEXT() REPRESENTATION_CONTEXT('2D SPACE',''
  ) );
#4776 = PCURVE('',#3775,#4777);
#4777 = DEFINITIONAL_REPRESENTATION('',(#4778),#4781);
#4778 = B_SPLINE_CURVE_WITH_KNOTS('',1,(#4779,#4780),.UNSPECIFIED.,.F.,
  .F.,(2,2),(0.,1.570796326795),.PIECEWISE_BEZIER_KNOTS.);
#4779 = CARTESIAN_POINT('',(0.,69.4));
#4780 = CARTESIAN_POINT('',(-1.570796326795,69.4));
#4781 = ( GEOMETRIC_REPRESENTATION_CONTEXT(2) 
PARAMETRIC_REPRESENTATION_CONTEXT() REPRESENTATION_CONTEXT('2D SPACE',''
  ) );
#4782 = ORIENTED_EDGE('',*,*,#3705,.T.);
#4783 = ORIENTED_EDGE('',*,*,#4713,.T.);
#4784 = ORIENTED_EDGE('',*,*,#4785,.F.);
#4785 = EDGE_CURVE('',#4762,#4714,#4786,.T.);
#4786 = SURFACE_CURVE('',#4787,(#4792,#4799),.PCURVE_S1.);
#4787 = CIRCLE('',#4788,5.8);
#4788 = AXIS2_PLACEMENT_3D('',#4789,#4790,#4791);
#4789 = CARTESIAN_POINT('',(3.8,-2.8,1.8));
#4790 = DIRECTION('',(0.,0.,1.));
#4791 = DIRECTION('',(-1.268826313857E-16,1.,0.));
#4792 = PCURVE('',#3720,#4793);
#4793 = DEFINITIONAL_REPRESENTATION('',(#4794),#4798);
#4794 = LINE('',#4795,#4796);
#4795 = CARTESIAN_POINT('',(0.,1.570796326795));
#4796 = VECTOR('',#4797,1.);
#4797 = DIRECTION('',(1.,0.));
#4798 = ( GEOMETRIC_REPRESENTATION_CONTEXT(2) 
PARAMETRIC_REPRESENTATION_CONTEXT() REPRESENTATION_CONTEXT('2D SPACE',''
  ) );
#4799 = PCURVE('',#4698,#4800);
#4800 = DEFINITIONAL_REPRESENTATION('',(#4801),#4805);
#4801 = CIRCLE('',#4802,5.8);
#4802 = AXIS2_PLACEMENT_2D('',#4803,#4804);
#4803 = CARTESIAN_POINT('',(-34.7,14.7));
#4804 = DIRECTION('',(0.,1.));
#4805 = ( GEOMETRIC_REPRESENTATION_CONTEXT(2) 
PARAMETRIC_REPRESENTATION_CONTEXT() REPRESENTATION_CONTEXT('2D SPACE',''
  ) );
#4806 = ADVANCED_FACE('',(#4807),#3775,.T.);
#4807 = FACE_BOUND('',#4808,.F.);
#4808 = EDGE_LOOP('',(#4809,#4810,#4832,#4853,#4854,#4855,#4883,#4922,
    #4948,#4949,#4977,#5016));
#4809 = ORIENTED_EDGE('',*,*,#3759,.F.);
#4810 = ORIENTED_EDGE('',*,*,#4811,.T.);
#4811 = EDGE_CURVE('',#3737,#4812,#4814,.T.);
#4812 = VERTEX_POINT('',#4813);
#4813 = CARTESIAN_POINT('',(73.2,3.,1.8));
#4814 = SURFACE_CURVE('',#4815,(#4820,#4826),.PCURVE_S1.);
#4815 = CIRCLE('',#4816,1.2);
#4816 = AXIS2_PLACEMENT_3D('',#4817,#4818,#4819);
#4817 = CARTESIAN_POINT('',(73.2,3.,0.6));
#4818 = DIRECTION('',(1.,-2.198356291895E-16,0.));
#4819 = DIRECTION('',(2.198356291895E-16,1.,0.));
#4820 = PCURVE('',#3775,#4821);
#4821 = DEFINITIONAL_REPRESENTATION('',(#4822),#4825);
#4822 = B_SPLINE_CURVE_WITH_KNOTS('',1,(#4823,#4824),.UNSPECIFIED.,.F.,
  .F.,(2,2),(0.,1.570796326795),.PIECEWISE_BEZIER_KNOTS.);
#4823 = CARTESIAN_POINT('',(0.,0.));
#4824 = CARTESIAN_POINT('',(-1.570796326795,0.));
#4825 = ( GEOMETRIC_REPRESENTATION_CONTEXT(2) 
PARAMETRIC_REPRESENTATION_CONTEXT() REPRESENTATION_CONTEXT('2D SPACE',''
  ) );
#4826 = PCURVE('',#4051,#4827);
#4827 = DEFINITIONAL_REPRESENTATION('',(#4828),#4831);
#4828 = B_SPLINE_CURVE_WITH_KNOTS('',1,(#4829,#4830),.UNSPECIFIED.,.F.,
  .F.,(2,2),(0.,1.570796326795),.PIECEWISE_BEZIER_KNOTS.);
#4829 = CARTESIAN_POINT('',(1.570796326795,0.));
#4830 = CARTESIAN_POINT('',(1.570796326795,1.570796326795));
#4831 = ( GEOMETRIC_REPRESENTATION_CONTEXT(2) 
PARAMETRIC_REPRESENTATION_CONTEXT() REPRESENTATION_CONTEXT('2D SPACE',''
  ) );
#4832 = ORIENTED_EDGE('',*,*,#4833,.T.);
#4833 = EDGE_CURVE('',#4812,#4762,#4834,.T.);
#4834 = SURFACE_CURVE('',#4835,(#4839,#4846),.PCURVE_S1.);
#4835 = LINE('',#4836,#4837);
#4836 = CARTESIAN_POINT('',(73.2,3.,1.8));
#4837 = VECTOR('',#4838,1.);
#4838 = DIRECTION('',(-1.,0.,0.));
#4839 = PCURVE('',#3775,#4840);
#4840 = DEFINITIONAL_REPRESENTATION('',(#4841),#4845);
#4841 = LINE('',#4842,#4843);
#4842 = CARTESIAN_POINT('',(-1.570796326795,0.));
#4843 = VECTOR('',#4844,1.);
#4844 = DIRECTION('',(-0.,1.));
#4845 = ( GEOMETRIC_REPRESENTATION_CONTEXT(2) 
PARAMETRIC_REPRESENTATION_CONTEXT() REPRESENTATION_CONTEXT('2D SPACE',''
  ) );
#4846 = PCURVE('',#4698,#4847);
#4847 = DEFINITIONAL_REPRESENTATION('',(#4848),#4852);
#4848 = LINE('',#4849,#4850);
#4849 = CARTESIAN_POINT('',(34.7,20.5));
#4850 = VECTOR('',#4851,1.);
#4851 = DIRECTION('',(-1.,0.));
#4852 = ( GEOMETRIC_REPRESENTATION_CONTEXT(2) 
PARAMETRIC_REPRESENTATION_CONTEXT() REPRESENTATION_CONTEXT('2D SPACE',''
  ) );
#4853 = ORIENTED_EDGE('',*,*,#4761,.F.);
#4854 = ORIENTED_EDGE('',*,*,#3986,.F.);
#4855 = ORIENTED_EDGE('',*,*,#4856,.F.);
#4856 = EDGE_CURVE('',#4857,#3961,#4859,.T.);
#4857 = VERTEX_POINT('',#4858);
#4858 = CARTESIAN_POINT('',(23.3,4.199096786087,0.646549947311));
#4859 = SURFACE_CURVE('',#4860,(#4865,#4872),.PCURVE_S1.);
#4860 = CIRCLE('',#4861,1.2);
#4861 = AXIS2_PLACEMENT_3D('',#4862,#4863,#4864);
#4862 = CARTESIAN_POINT('',(23.3,3.,0.6));
#4863 = DIRECTION('',(-1.,0.,0.));
#4864 = DIRECTION('',(0.,1.,-0.));
#4865 = PCURVE('',#3775,#4866);
#4866 = DEFINITIONAL_REPRESENTATION('',(#4867),#4871);
#4867 = LINE('',#4868,#4869);
#4868 = CARTESIAN_POINT('',(-6.28318530718,49.9));
#4869 = VECTOR('',#4870,1.);
#4870 = DIRECTION('',(1.,-0.));
#4871 = ( GEOMETRIC_REPRESENTATION_CONTEXT(2) 
PARAMETRIC_REPRESENTATION_CONTEXT() REPRESENTATION_CONTEXT('2D SPACE',''
  ) );
#4872 = PCURVE('',#3975,#4873);
#4873 = DEFINITIONAL_REPRESENTATION('',(#4874),#4882);
#4874 = ( BOUNDED_CURVE() B_SPLINE_CURVE(2,(#4875,#4876,#4877,#4878,
#4879,#4880,#4881),.UNSPECIFIED.,.T.,.F.) B_SPLINE_CURVE_WITH_KNOTS((1,2
    ,2,2,2,1),(-2.094395102393,0.,2.094395102393,4.188790204786,
6.28318530718,8.377580409573),.UNSPECIFIED.) CURVE() 
GEOMETRIC_REPRESENTATION_ITEM() RATIONAL_B_SPLINE_CURVE((1.,0.5,1.,0.5,
1.,0.5,1.)) REPRESENTATION_ITEM('') );
#4875 = CARTESIAN_POINT('',(6.87584500606,-0.545428516571));
#4876 = CARTESIAN_POINT('',(4.797384036978,-0.545428516571));
#4877 = CARTESIAN_POINT('',(5.836614521519,1.254571483429));
#4878 = CARTESIAN_POINT('',(6.87584500606,3.054571483429));
#4879 = CARTESIAN_POINT('',(7.915075490602,1.254571483429));
#4880 = CARTESIAN_POINT('',(8.954305975143,-0.545428516571));
#4881 = CARTESIAN_POINT('',(6.87584500606,-0.545428516571));
#4882 = ( GEOMETRIC_REPRESENTATION_CONTEXT(2) 
PARAMETRIC_REPRESENTATION_CONTEXT() REPRESENTATION_CONTEXT('2D SPACE',''
  ) );
#4883 = ORIENTED_EDGE('',*,*,#4884,.F.);
#4884 = EDGE_CURVE('',#4885,#4857,#4887,.T.);
#4885 = VERTEX_POINT('',#4886);
#4886 = CARTESIAN_POINT('',(27.5,4.199096786087,0.646549947311));
#4887 = SURFACE_CURVE('',#4888,(#4894,#4903),.PCURVE_S1.);
#4888 = B_SPLINE_CURVE_WITH_KNOTS('',4,(#4889,#4890,#4891,#4892,#4893),
  .UNSPECIFIED.,.F.,.F.,(5,5),(0.,1.),.PIECEWISE_BEZIER_KNOTS.);
#4889 = CARTESIAN_POINT('',(27.5000006,4.199096786087,0.646549947311));
#4890 = CARTESIAN_POINT('',(26.4500003,4.199096786087,0.646549947311));
#4891 = CARTESIAN_POINT('',(25.4,4.199096786087,0.646549947311));
#4892 = CARTESIAN_POINT('',(24.3499997,4.199096786087,0.646549947311));
#4893 = CARTESIAN_POINT('',(23.2999994,4.199096786087,0.646549947311));
#4894 = PCURVE('',#3775,#4895);
#4895 = DEFINITIONAL_REPRESENTATION('',(#4896),#4902);
#4896 = B_SPLINE_CURVE_WITH_KNOTS('',4,(#4897,#4898,#4899,#4900,#4901),
  .UNSPECIFIED.,.F.,.F.,(5,5),(0.,1.),.PIECEWISE_BEZIER_KNOTS.);
#4897 = CARTESIAN_POINT('',(-3.880135822771E-02,45.6999994));
#4898 = CARTESIAN_POINT('',(-3.880135822771E-02,46.7499997));
#4899 = CARTESIAN_POINT('',(-3.880135822771E-02,47.8));
#4900 = CARTESIAN_POINT('',(-3.880135822771E-02,48.8500003));
#4901 = CARTESIAN_POINT('',(-3.880135822771E-02,49.9000006));
#4902 = ( GEOMETRIC_REPRESENTATION_CONTEXT(2) 
PARAMETRIC_REPRESENTATION_CONTEXT() REPRESENTATION_CONTEXT('2D SPACE',''
  ) );
#4903 = PCURVE('',#4904,#4914);
#4904 = SURFACE_OF_LINEAR_EXTRUSION('',#4905,#4912);
#4905 = B_SPLINE_CURVE_WITH_KNOTS('',3,(#4906,#4907,#4908,#4909,#4910,
    #4911),.UNSPECIFIED.,.F.,.F.,(4,1,1,4),(0.,6.00749531835,
    11.5976652621,15.720770887717),.UNSPECIFIED.);
#4906 = CARTESIAN_POINT('',(23.3,-2.,1.));
#4907 = CARTESIAN_POINT('',(23.3,-5.301492070164E-02,1.315581414253));
#4908 = CARTESIAN_POINT('',(23.3,3.96927925552,1.119032273669));
#4909 = CARTESIAN_POINT('',(23.3,8.845546188991,-1.228585092598));
#4910 = CARTESIAN_POINT('',(23.3,10.950859195051,-3.742833970514));
#4911 = CARTESIAN_POINT('',(23.3,11.6,-5.));
#4912 = VECTOR('',#4913,1.);
#4913 = DIRECTION('',(-1.,-1.110223024625E-16,-0.));
#4914 = DEFINITIONAL_REPRESENTATION('',(#4915),#4921);
#4915 = B_SPLINE_CURVE_WITH_KNOTS('',4,(#4916,#4917,#4918,#4919,#4920),
  .UNSPECIFIED.,.F.,.F.,(5,5),(0.,1.),.PIECEWISE_BEZIER_KNOTS.);
#4916 = CARTESIAN_POINT('',(6.210334242642,-4.2000006));
#4917 = CARTESIAN_POINT('',(6.210334242642,-3.1500003));
#4918 = CARTESIAN_POINT('',(6.210334242642,-2.1));
#4919 = CARTESIAN_POINT('',(6.210334242642,-1.0499997));
#4920 = CARTESIAN_POINT('',(6.210334242642,5.999999999062E-07));
#4921 = ( GEOMETRIC_REPRESENTATION_CONTEXT(2) 
PARAMETRIC_REPRESENTATION_CONTEXT() REPRESENTATION_CONTEXT('2D SPACE',''
  ) );
#4922 = ORIENTED_EDGE('',*,*,#4923,.T.);
#4923 = EDGE_CURVE('',#4885,#3876,#4924,.T.);
#4924 = SURFACE_CURVE('',#4925,(#4930,#4937),.PCURVE_S1.);
#4925 = CIRCLE('',#4926,1.2);
#4926 = AXIS2_PLACEMENT_3D('',#4927,#4928,#4929);
#4927 = CARTESIAN_POINT('',(27.5,3.,0.6));
#4928 = DIRECTION('',(-1.,0.,0.));
#4929 = DIRECTION('',(0.,1.,-0.));
#4930 = PCURVE('',#3775,#4931);
#4931 = DEFINITIONAL_REPRESENTATION('',(#4932),#4936);
#4932 = LINE('',#4933,#4934);
#4933 = CARTESIAN_POINT('',(-6.28318530718,45.7));
#4934 = VECTOR('',#4935,1.);
#4935 = DIRECTION('',(1.,-0.));
#4936 = ( GEOMETRIC_REPRESENTATION_CONTEXT(2) 
PARAMETRIC_REPRESENTATION_CONTEXT() REPRESENTATION_CONTEXT('2D SPACE',''
  ) );
#4937 = PCURVE('',#3913,#4938);
#4938 = DEFINITIONAL_REPRESENTATION('',(#4939),#4947);
#4939 = ( BOUNDED_CURVE() B_SPLINE_CURVE(2,(#4940,#4941,#4942,#4943,
#4944,#4945,#4946),.UNSPECIFIED.,.T.,.F.) B_SPLINE_CURVE_WITH_KNOTS((1,2
    ,2,2,2,1),(-2.094395102393,0.,2.094395102393,4.188790204786,
6.28318530718,8.377580409573),.UNSPECIFIED.) CURVE() 
GEOMETRIC_REPRESENTATION_ITEM() RATIONAL_B_SPLINE_CURVE((1.,0.5,1.,0.5,
1.,0.5,1.)) REPRESENTATION_ITEM('') );
#4940 = CARTESIAN_POINT('',(6.87584500606,-0.545428516571));
#4941 = CARTESIAN_POINT('',(4.797384036978,-0.545428516571));
#4942 = CARTESIAN_POINT('',(5.836614521519,1.254571483429));
#4943 = CARTESIAN_POINT('',(6.87584500606,3.054571483429));
#4944 = CARTESIAN_POINT('',(7.915075490602,1.254571483429));
#4945 = CARTESIAN_POINT('',(8.954305975143,-0.545428516571));
#4946 = CARTESIAN_POINT('',(6.87584500606,-0.545428516571));
#4947 = ( GEOMETRIC_REPRESENTATION_CONTEXT(2) 
PARAMETRIC_REPRESENTATION_CONTEXT() REPRESENTATION_CONTEXT('2D SPACE',''
  ) );
#4948 = ORIENTED_EDGE('',*,*,#3875,.F.);
#4949 = ORIENTED_EDGE('',*,*,#4950,.F.);
#4950 = EDGE_CURVE('',#4951,#3850,#4953,.T.);
#4951 = VERTEX_POINT('',#4952);
#4952 = CARTESIAN_POINT('',(49.5,4.199096786087,0.646549947311));
#4953 = SURFACE_CURVE('',#4954,(#4959,#4966),.PCURVE_S1.);
#4954 = CIRCLE('',#4955,1.2);
#4955 = AXIS2_PLACEMENT_3D('',#4956,#4957,#4958);
#4956 = CARTESIAN_POINT('',(49.5,3.,0.6));
#4957 = DIRECTION('',(-1.,0.,0.));
#4958 = DIRECTION('',(0.,1.,-0.));
#4959 = PCURVE('',#3775,#4960);
#4960 = DEFINITIONAL_REPRESENTATION('',(#4961),#4965);
#4961 = LINE('',#4962,#4963);
#4962 = CARTESIAN_POINT('',(-6.28318530718,23.7));
#4963 = VECTOR('',#4964,1.);
#4964 = DIRECTION('',(1.,-0.));
#4965 = ( GEOMETRIC_REPRESENTATION_CONTEXT(2) 
PARAMETRIC_REPRESENTATION_CONTEXT() REPRESENTATION_CONTEXT('2D SPACE',''
  ) );
#4966 = PCURVE('',#3864,#4967);
#4967 = DEFINITIONAL_REPRESENTATION('',(#4968),#4976);
#4968 = ( BOUNDED_CURVE() B_SPLINE_CURVE(2,(#4969,#4970,#4971,#4972,
#4973,#4974,#4975),.UNSPECIFIED.,.T.,.F.) B_SPLINE_CURVE_WITH_KNOTS((1,2
    ,2,2,2,1),(-2.094395102393,0.,2.094395102393,4.188790204786,
6.28318530718,8.377580409573),.UNSPECIFIED.) CURVE() 
GEOMETRIC_REPRESENTATION_ITEM() RATIONAL_B_SPLINE_CURVE((1.,0.5,1.,0.5,
1.,0.5,1.)) REPRESENTATION_ITEM('') );
#4969 = CARTESIAN_POINT('',(6.87584500606,-0.545428516571));
#4970 = CARTESIAN_POINT('',(4.797384036978,-0.545428516571));
#4971 = CARTESIAN_POINT('',(5.836614521519,1.254571483429));
#4972 = CARTESIAN_POINT('',(6.87584500606,3.054571483429));
#4973 = CARTESIAN_POINT('',(7.915075490602,1.254571483429));
#4974 = CARTESIAN_POINT('',(8.954305975143,-0.545428516571));
#4975 = CARTESIAN_POINT('',(6.87584500606,-0.545428516571));
#4976 = ( GEOMETRIC_REPRESENTATION_CONTEXT(2) 
PARAMETRIC_REPRESENTATION_CONTEXT() REPRESENTATION_CONTEXT('2D SPACE',''
  ) );
#4977 = ORIENTED_EDGE('',*,*,#4978,.F.);
#4978 = EDGE_CURVE('',#4979,#4951,#4981,.T.);
#4979 = VERTEX_POINT('',#4980);
#4980 = CARTESIAN_POINT('',(53.7,4.199096786087,0.646549947311));
#4981 = SURFACE_CURVE('',#4982,(#4988,#4997),.PCURVE_S1.);
#4982 = B_SPLINE_CURVE_WITH_KNOTS('',4,(#4983,#4984,#4985,#4986,#4987),
  .UNSPECIFIED.,.F.,.F.,(5,5),(0.,1.),.PIECEWISE_BEZIER_KNOTS.);
#4983 = CARTESIAN_POINT('',(53.7000006,4.199096786087,0.646549947311));
#4984 = CARTESIAN_POINT('',(52.6500003,4.199096786087,0.646549947311));
#4985 = CARTESIAN_POINT('',(51.6,4.199096786087,0.646549947311));
#4986 = CARTESIAN_POINT('',(50.5499997,4.199096786087,0.646549947311));
#4987 = CARTESIAN_POINT('',(49.4999994,4.199096786087,0.646549947311));
#4988 = PCURVE('',#3775,#4989);
#4989 = DEFINITIONAL_REPRESENTATION('',(#4990),#4996);
#4990 = B_SPLINE_CURVE_WITH_KNOTS('',4,(#4991,#4992,#4993,#4994,#4995),
  .UNSPECIFIED.,.F.,.F.,(5,5),(0.,1.),.PIECEWISE_BEZIER_KNOTS.);
#4991 = CARTESIAN_POINT('',(-3.880135822771E-02,19.4999994));
#4992 = CARTESIAN_POINT('',(-3.880135822771E-02,20.5499997));
#4993 = CARTESIAN_POINT('',(-3.880135822771E-02,21.6));
#4994 = CARTESIAN_POINT('',(-3.880135822771E-02,22.6500003));
#4995 = CARTESIAN_POINT('',(-3.880135822771E-02,23.7000006));
#4996 = ( GEOMETRIC_REPRESENTATION_CONTEXT(2) 
PARAMETRIC_REPRESENTATION_CONTEXT() REPRESENTATION_CONTEXT('2D SPACE',''
  ) );
#4997 = PCURVE('',#4998,#5008);
#4998 = SURFACE_OF_LINEAR_EXTRUSION('',#4999,#5006);
#4999 = B_SPLINE_CURVE_WITH_KNOTS('',3,(#5000,#5001,#5002,#5003,#5004,
    #5005),.UNSPECIFIED.,.F.,.F.,(4,1,1,4),(0.,6.00749531835,
    11.5976652621,15.720770887717),.UNSPECIFIED.);
#5000 = CARTESIAN_POINT('',(49.5,-2.,1.));
#5001 = CARTESIAN_POINT('',(49.5,-5.301492070164E-02,1.315581414253));
#5002 = CARTESIAN_POINT('',(49.5,3.96927925552,1.119032273669));
#5003 = CARTESIAN_POINT('',(49.5,8.845546188991,-1.228585092598));
#5004 = CARTESIAN_POINT('',(49.5,10.950859195051,-3.742833970514));
#5005 = CARTESIAN_POINT('',(49.5,11.6,-5.));
#5006 = VECTOR('',#5007,1.);
#5007 = DIRECTION('',(-1.,-1.110223024625E-16,-0.));
#5008 = DEFINITIONAL_REPRESENTATION('',(#5009),#5015);
#5009 = B_SPLINE_CURVE_WITH_KNOTS('',4,(#5010,#5011,#5012,#5013,#5014),
  .UNSPECIFIED.,.F.,.F.,(5,5),(0.,1.),.PIECEWISE_BEZIER_KNOTS.);
#5010 = CARTESIAN_POINT('',(6.210334242642,-4.2000006));
#5011 = CARTESIAN_POINT('',(6.210334242642,-3.1500003));
#5012 = CARTESIAN_POINT('',(6.210334242642,-2.1));
#5013 = CARTESIAN_POINT('',(6.210334242642,-1.0499997));
#5014 = CARTESIAN_POINT('',(6.210334242642,5.999999999062E-07));
#5015 = ( GEOMETRIC_REPRESENTATION_CONTEXT(2) 
PARAMETRIC_REPRESENTATION_CONTEXT() REPRESENTATION_CONTEXT('2D SPACE',''
  ) );
#5016 = ORIENTED_EDGE('',*,*,#5017,.T.);
#5017 = EDGE_CURVE('',#4979,#3760,#5018,.T.);
#5018 = SURFACE_CURVE('',#5019,(#5024,#5031),.PCURVE_S1.);
#5019 = CIRCLE('',#5020,1.2);
#5020 = AXIS2_PLACEMENT_3D('',#5021,#5022,#5023);
#5021 = CARTESIAN_POINT('',(53.7,3.,0.6));
#5022 = DIRECTION('',(-1.,0.,0.));
#5023 = DIRECTION('',(0.,1.,-0.));
#5024 = PCURVE('',#3775,#5025);
#5025 = DEFINITIONAL_REPRESENTATION('',(#5026),#5030);
#5026 = LINE('',#5027,#5028);
#5027 = CARTESIAN_POINT('',(-6.28318530718,19.5));
#5028 = VECTOR('',#5029,1.);
#5029 = DIRECTION('',(1.,-0.));
#5030 = ( GEOMETRIC_REPRESENTATION_CONTEXT(2) 
PARAMETRIC_REPRESENTATION_CONTEXT() REPRESENTATION_CONTEXT('2D SPACE',''
  ) );
#5031 = PCURVE('',#3802,#5032);
#5032 = DEFINITIONAL_REPRESENTATION('',(#5033),#5041);
#5033 = ( BOUNDED_CURVE() B_SPLINE_CURVE(2,(#5034,#5035,#5036,#5037,
#5038,#5039,#5040),.UNSPECIFIED.,.T.,.F.) B_SPLINE_CURVE_WITH_KNOTS((1,2
    ,2,2,2,1),(-2.094395102393,0.,2.094395102393,4.188790204786,
6.28318530718,8.377580409573),.UNSPECIFIED.) CURVE() 
GEOMETRIC_REPRESENTATION_ITEM() RATIONAL_B_SPLINE_CURVE((1.,0.5,1.,0.5,
1.,0.5,1.)) REPRESENTATION_ITEM('') );
#5034 = CARTESIAN_POINT('',(6.87584500606,-0.545428516571));
#5035 = CARTESIAN_POINT('',(4.797384036978,-0.545428516571));
#5036 = CARTESIAN_POINT('',(5.836614521519,1.254571483429));
#5037 = CARTESIAN_POINT('',(6.87584500606,3.054571483429));
#5038 = CARTESIAN_POINT('',(7.915075490602,1.254571483429));
#5039 = CARTESIAN_POINT('',(8.954305975143,-0.545428516571));
#5040 = CARTESIAN_POINT('',(6.87584500606,-0.545428516571));
#5041 = ( GEOMETRIC_REPRESENTATION_CONTEXT(2) 
PARAMETRIC_REPRESENTATION_CONTEXT() REPRESENTATION_CONTEXT('2D SPACE',''
  ) );
#5042 = ADVANCED_FACE('',(#5043,#5130),#3975,.F.);
#5043 = FACE_BOUND('',#5044,.T.);
#5044 = EDGE_LOOP('',(#5045,#5046,#5075,#5108,#5129));
#5045 = ORIENTED_EDGE('',*,*,#4856,.F.);
#5046 = ORIENTED_EDGE('',*,*,#5047,.T.);
#5047 = EDGE_CURVE('',#4857,#5048,#5050,.T.);
#5048 = VERTEX_POINT('',#5049);
#5049 = CARTESIAN_POINT('',(23.3,11.6,-5.));
#5050 = SURFACE_CURVE('',#5051,(#5058,#5068),.PCURVE_S1.);
#5051 = B_SPLINE_CURVE_WITH_KNOTS('',3,(#5052,#5053,#5054,#5055,#5056,
    #5057),.UNSPECIFIED.,.F.,.F.,(4,1,1,4),(0.,6.00749531835,
    11.5976652621,15.720770887717),.UNSPECIFIED.);
#5052 = CARTESIAN_POINT('',(23.3,-2.,1.));
#5053 = CARTESIAN_POINT('',(23.3,-5.301492070164E-02,1.315581414253));
#5054 = CARTESIAN_POINT('',(23.3,3.96927925552,1.119032273669));
#5055 = CARTESIAN_POINT('',(23.3,8.845546188991,-1.228585092598));
#5056 = CARTESIAN_POINT('',(23.3,10.950859195051,-3.742833970514));
#5057 = CARTESIAN_POINT('',(23.3,11.6,-5.));
#5058 = PCURVE('',#3975,#5059);
#5059 = DEFINITIONAL_REPRESENTATION('',(#5060),#5067);
#5060 = B_SPLINE_CURVE_WITH_KNOTS('',3,(#5061,#5062,#5063,#5064,#5065,
    #5066),.UNSPECIFIED.,.F.,.F.,(4,1,1,4),(0.,6.00749531835,
    11.5976652621,15.720770887717),.UNSPECIFIED.);
#5061 = CARTESIAN_POINT('',(7.27584500606,5.654571483429));
#5062 = CARTESIAN_POINT('',(7.591426420313,3.707586404131));
#5063 = CARTESIAN_POINT('',(7.39487727973,-0.31470777209));
#5064 = CARTESIAN_POINT('',(5.047259913463,-5.190974705562));
#5065 = CARTESIAN_POINT('',(2.533011035547,-7.296287711622));
#5066 = CARTESIAN_POINT('',(1.27584500606,-7.945428516571));
#5067 = ( GEOMETRIC_REPRESENTATION_CONTEXT(2) 
PARAMETRIC_REPRESENTATION_CONTEXT() REPRESENTATION_CONTEXT('2D SPACE',''
  ) );
#5068 = PCURVE('',#4904,#5069);
#5069 = DEFINITIONAL_REPRESENTATION('',(#5070),#5074);
#5070 = LINE('',#5071,#5072);
#5071 = CARTESIAN_POINT('',(0.,0.));
#5072 = VECTOR('',#5073,1.);
#5073 = DIRECTION('',(1.,0.));
#5074 = ( GEOMETRIC_REPRESENTATION_CONTEXT(2) 
PARAMETRIC_REPRESENTATION_CONTEXT() REPRESENTATION_CONTEXT('2D SPACE',''
  ) );
#5075 = ORIENTED_EDGE('',*,*,#5076,.T.);
#5076 = EDGE_CURVE('',#5048,#5077,#5079,.T.);
#5077 = VERTEX_POINT('',#5078);
#5078 = CARTESIAN_POINT('',(23.3,10.2,-10.2));
#5079 = SURFACE_CURVE('',#5080,(#5085,#5096),.PCURVE_S1.);
#5080 = CIRCLE('',#5081,3.915849768225);
#5081 = AXIS2_PLACEMENT_3D('',#5082,#5083,#5084);
#5082 = CARTESIAN_POINT('',(23.3,8.154545454545,-6.860839160839));
#5083 = DIRECTION('',(-1.,-1.110223024625E-16,0.));
#5084 = DIRECTION('',(-9.768564151012E-17,0.879874037409,0.475206984685)
  );
#5085 = PCURVE('',#3975,#5086);
#5086 = DEFINITIONAL_REPRESENTATION('',(#5087),#5095);
#5087 = ( BOUNDED_CURVE() B_SPLINE_CURVE(2,(#5088,#5089,#5090,#5091,
#5092,#5093,#5094),.UNSPECIFIED.,.T.,.F.) B_SPLINE_CURVE_WITH_KNOTS((1,2
    ,2,2,2,1),(-2.094395102393,0.,2.094395102393,4.188790204786,
6.28318530718,8.377580409573),.UNSPECIFIED.) CURVE() 
GEOMETRIC_REPRESENTATION_ITEM() RATIONAL_B_SPLINE_CURVE((1.,0.5,1.,0.5,
1.,0.5,1.)) REPRESENTATION_ITEM('') );
#5088 = CARTESIAN_POINT('',(1.27584500606,-7.945428516571));
#5089 = CARTESIAN_POINT('',(-4.691857321836,-11.16849648785));
#5090 = CARTESIAN_POINT('',(-4.499264899147,-4.388780684032));
#5091 = CARTESIAN_POINT('',(-4.306672476457,2.390935119793));
#5092 = CARTESIAN_POINT('',(1.46843742875,-1.165712712745));
#5093 = CARTESIAN_POINT('',(7.243547333957,-4.722360545283));
#5094 = CARTESIAN_POINT('',(1.27584500606,-7.945428516571));
#5095 = ( GEOMETRIC_REPRESENTATION_CONTEXT(2) 
PARAMETRIC_REPRESENTATION_CONTEXT() REPRESENTATION_CONTEXT('2D SPACE',''
  ) );
#5096 = PCURVE('',#5097,#5102);
#5097 = CYLINDRICAL_SURFACE('',#5098,3.915849768225);
#5098 = AXIS2_PLACEMENT_3D('',#5099,#5100,#5101);
#5099 = CARTESIAN_POINT('',(23.3,8.154545454545,-6.860839160839));
#5100 = DIRECTION('',(-1.,-1.110223024625E-16,-0.));
#5101 = DIRECTION('',(-9.768564151012E-17,0.879874037409,0.475206984685)
  );
#5102 = DEFINITIONAL_REPRESENTATION('',(#5103),#5107);
#5103 = LINE('',#5104,#5105);
#5104 = CARTESIAN_POINT('',(0.,0.));
#5105 = VECTOR('',#5106,1.);
#5106 = DIRECTION('',(1.,0.));
#5107 = ( GEOMETRIC_REPRESENTATION_CONTEXT(2) 
PARAMETRIC_REPRESENTATION_CONTEXT() REPRESENTATION_CONTEXT('2D SPACE',''
  ) );
#5108 = ORIENTED_EDGE('',*,*,#5109,.T.);
#5109 = EDGE_CURVE('',#5077,#3925,#5110,.T.);
#5110 = SURFACE_CURVE('',#5111,(#5115,#5122),.PCURVE_S1.);
#5111 = B_SPLINE_CURVE_WITH_KNOTS('',2,(#5112,#5113,#5114),
  .UNSPECIFIED.,.F.,.F.,(3,3),(0.,12.899612397278),
  .PIECEWISE_BEZIER_KNOTS.);
#5112 = CARTESIAN_POINT('',(23.3,10.2,-10.2));
#5113 = CARTESIAN_POINT('',(23.3,4.9,-14.3));
#5114 = CARTESIAN_POINT('',(23.3,-2.,-13.6));
#5115 = PCURVE('',#3975,#5116);
#5116 = DEFINITIONAL_REPRESENTATION('',(#5117),#5121);
#5117 = B_SPLINE_CURVE_WITH_KNOTS('',2,(#5118,#5119,#5120),
  .UNSPECIFIED.,.F.,.F.,(3,3),(0.,12.899612397278),
  .PIECEWISE_BEZIER_KNOTS.);
#5118 = CARTESIAN_POINT('',(-3.92415499394,-6.545428516571));
#5119 = CARTESIAN_POINT('',(-8.02415499394,-1.245428516571));
#5120 = CARTESIAN_POINT('',(-7.32415499394,5.654571483429));
#5121 = ( GEOMETRIC_REPRESENTATION_CONTEXT(2) 
PARAMETRIC_REPRESENTATION_CONTEXT() REPRESENTATION_CONTEXT('2D SPACE',''
  ) );
#5122 = PCURVE('',#3944,#5123);
#5123 = DEFINITIONAL_REPRESENTATION('',(#5124),#5128);
#5124 = LINE('',#5125,#5126);
#5125 = CARTESIAN_POINT('',(0.,0.));
#5126 = VECTOR('',#5127,1.);
#5127 = DIRECTION('',(1.,0.));
#5128 = ( GEOMETRIC_REPRESENTATION_CONTEXT(2) 
PARAMETRIC_REPRESENTATION_CONTEXT() REPRESENTATION_CONTEXT('2D SPACE',''
  ) );
#5129 = ORIENTED_EDGE('',*,*,#3960,.F.);
#5130 = FACE_BOUND('',#5131,.T.);
#5131 = EDGE_LOOP('',(#5132));
#5132 = ORIENTED_EDGE('',*,*,#5133,.T.);
#5133 = EDGE_CURVE('',#5134,#5134,#5136,.T.);
#5134 = VERTEX_POINT('',#5135);
#5135 = CARTESIAN_POINT('',(23.3,7.3,-6.2));
#5136 = SURFACE_CURVE('',#5137,(#5142,#5149),.PCURVE_S1.);
#5137 = CIRCLE('',#5138,0.9);
#5138 = AXIS2_PLACEMENT_3D('',#5139,#5140,#5141);
#5139 = CARTESIAN_POINT('',(23.3,8.2,-6.2));
#5140 = DIRECTION('',(1.,1.110223024625E-16,-0.));
#5141 = DIRECTION('',(1.110223024625E-16,-1.,-0.));
#5142 = PCURVE('',#3975,#5143);
#5143 = DEFINITIONAL_REPRESENTATION('',(#5144),#5148);
#5144 = CIRCLE('',#5145,0.9);
#5145 = AXIS2_PLACEMENT_2D('',#5146,#5147);
#5146 = CARTESIAN_POINT('',(7.58450060604E-02,-4.545428516571));
#5147 = DIRECTION('',(-0.,1.));
#5148 = ( GEOMETRIC_REPRESENTATION_CONTEXT(2) 
PARAMETRIC_REPRESENTATION_CONTEXT() REPRESENTATION_CONTEXT('2D SPACE',''
  ) );
#5149 = PCURVE('',#5150,#5155);
#5150 = CYLINDRICAL_SURFACE('',#5151,0.9);
#5151 = AXIS2_PLACEMENT_3D('',#5152,#5153,#5154);
#5152 = CARTESIAN_POINT('',(21.2,8.2,-6.2));
#5153 = DIRECTION('',(-1.,-1.110223024625E-16,-0.));
#5154 = DIRECTION('',(1.110223024625E-16,-1.,-0.));
#5155 = DEFINITIONAL_REPRESENTATION('',(#5156),#5160);
#5156 = LINE('',#5157,#5158);
#5157 = CARTESIAN_POINT('',(6.28318530718,-2.1));
#5158 = VECTOR('',#5159,1.);
#5159 = DIRECTION('',(-1.,0.));
#5160 = ( GEOMETRIC_REPRESENTATION_CONTEXT(2) 
PARAMETRIC_REPRESENTATION_CONTEXT() REPRESENTATION_CONTEXT('2D SPACE',''
  ) );
#5161 = ADVANCED_FACE('',(#5162),#3944,.T.);
#5162 = FACE_BOUND('',#5163,.T.);
#5163 = EDGE_LOOP('',(#5164,#5165,#5188,#5209));
#5164 = ORIENTED_EDGE('',*,*,#5109,.F.);
#5165 = ORIENTED_EDGE('',*,*,#5166,.T.);
#5166 = EDGE_CURVE('',#5077,#5167,#5169,.T.);
#5167 = VERTEX_POINT('',#5168);
#5168 = CARTESIAN_POINT('',(27.5,10.2,-10.2));
#5169 = SURFACE_CURVE('',#5170,(#5174,#5181),.PCURVE_S1.);
#5170 = LINE('',#5171,#5172);
#5171 = CARTESIAN_POINT('',(23.3,10.2,-10.2));
#5172 = VECTOR('',#5173,1.);
#5173 = DIRECTION('',(1.,1.110223024625E-16,-0.));
#5174 = PCURVE('',#3944,#5175);
#5175 = DEFINITIONAL_REPRESENTATION('',(#5176),#5180);
#5176 = LINE('',#5177,#5178);
#5177 = CARTESIAN_POINT('',(0.,0.));
#5178 = VECTOR('',#5179,1.);
#5179 = DIRECTION('',(0.,-1.));
#5180 = ( GEOMETRIC_REPRESENTATION_CONTEXT(2) 
PARAMETRIC_REPRESENTATION_CONTEXT() REPRESENTATION_CONTEXT('2D SPACE',''
  ) );
#5181 = PCURVE('',#5097,#5182);
#5182 = DEFINITIONAL_REPRESENTATION('',(#5183),#5187);
#5183 = LINE('',#5184,#5185);
#5184 = CARTESIAN_POINT('',(1.516387984,0.));
#5185 = VECTOR('',#5186,1.);
#5186 = DIRECTION('',(0.,-1.));
#5187 = ( GEOMETRIC_REPRESENTATION_CONTEXT(2) 
PARAMETRIC_REPRESENTATION_CONTEXT() REPRESENTATION_CONTEXT('2D SPACE',''
  ) );
#5188 = ORIENTED_EDGE('',*,*,#5189,.T.);
#5189 = EDGE_CURVE('',#5167,#3899,#5190,.T.);
#5190 = SURFACE_CURVE('',#5191,(#5195,#5202),.PCURVE_S1.);
#5191 = B_SPLINE_CURVE_WITH_KNOTS('',2,(#5192,#5193,#5194),
  .UNSPECIFIED.,.F.,.F.,(3,3),(0.,12.899612397278),
  .PIECEWISE_BEZIER_KNOTS.);
#5192 = CARTESIAN_POINT('',(27.5,10.2,-10.2));
#5193 = CARTESIAN_POINT('',(27.5,4.9,-14.3));
#5194 = CARTESIAN_POINT('',(27.5,-2.,-13.6));
#5195 = PCURVE('',#3944,#5196);
#5196 = DEFINITIONAL_REPRESENTATION('',(#5197),#5201);
#5197 = LINE('',#5198,#5199);
#5198 = CARTESIAN_POINT('',(0.,-4.2));
#5199 = VECTOR('',#5200,1.);
#5200 = DIRECTION('',(1.,0.));
#5201 = ( GEOMETRIC_REPRESENTATION_CONTEXT(2) 
PARAMETRIC_REPRESENTATION_CONTEXT() REPRESENTATION_CONTEXT('2D SPACE',''
  ) );
#5202 = PCURVE('',#3913,#5203);
#5203 = DEFINITIONAL_REPRESENTATION('',(#5204),#5208);
#5204 = B_SPLINE_CURVE_WITH_KNOTS('',2,(#5205,#5206,#5207),
  .UNSPECIFIED.,.F.,.F.,(3,3),(0.,12.899612397278),
  .PIECEWISE_BEZIER_KNOTS.);
#5205 = CARTESIAN_POINT('',(-3.92415499394,-6.545428516571));
#5206 = CARTESIAN_POINT('',(-8.02415499394,-1.245428516571));
#5207 = CARTESIAN_POINT('',(-7.32415499394,5.654571483429));
#5208 = ( GEOMETRIC_REPRESENTATION_CONTEXT(2) 
PARAMETRIC_REPRESENTATION_CONTEXT() REPRESENTATION_CONTEXT('2D SPACE',''
  ) );
#5209 = ORIENTED_EDGE('',*,*,#3924,.T.);
#5210 = ADVANCED_FACE('',(#5211,#5271),#3913,.T.);
#5211 = FACE_BOUND('',#5212,.F.);
#5212 = EDGE_LOOP('',(#5213,#5214,#5243,#5269,#5270));
#5213 = ORIENTED_EDGE('',*,*,#4923,.F.);
#5214 = ORIENTED_EDGE('',*,*,#5215,.T.);
#5215 = EDGE_CURVE('',#4885,#5216,#5218,.T.);
#5216 = VERTEX_POINT('',#5217);
#5217 = CARTESIAN_POINT('',(27.5,11.6,-5.));
#5218 = SURFACE_CURVE('',#5219,(#5226,#5236),.PCURVE_S1.);
#5219 = B_SPLINE_CURVE_WITH_KNOTS('',3,(#5220,#5221,#5222,#5223,#5224,
    #5225),.UNSPECIFIED.,.F.,.F.,(4,1,1,4),(0.,6.00749531835,
    11.5976652621,15.720770887717),.UNSPECIFIED.);
#5220 = CARTESIAN_POINT('',(27.5,-2.,1.));
#5221 = CARTESIAN_POINT('',(27.5,-5.301492070164E-02,1.315581414253));
#5222 = CARTESIAN_POINT('',(27.5,3.96927925552,1.119032273669));
#5223 = CARTESIAN_POINT('',(27.5,8.845546188991,-1.228585092598));
#5224 = CARTESIAN_POINT('',(27.5,10.950859195051,-3.742833970514));
#5225 = CARTESIAN_POINT('',(27.5,11.6,-5.));
#5226 = PCURVE('',#3913,#5227);
#5227 = DEFINITIONAL_REPRESENTATION('',(#5228),#5235);
#5228 = B_SPLINE_CURVE_WITH_KNOTS('',3,(#5229,#5230,#5231,#5232,#5233,
    #5234),.UNSPECIFIED.,.F.,.F.,(4,1,1,4),(0.,6.00749531835,
    11.5976652621,15.720770887717),.UNSPECIFIED.);
#5229 = CARTESIAN_POINT('',(7.27584500606,5.654571483429));
#5230 = CARTESIAN_POINT('',(7.591426420313,3.707586404131));
#5231 = CARTESIAN_POINT('',(7.39487727973,-0.31470777209));
#5232 = CARTESIAN_POINT('',(5.047259913463,-5.190974705562));
#5233 = CARTESIAN_POINT('',(2.533011035547,-7.296287711622));
#5234 = CARTESIAN_POINT('',(1.27584500606,-7.945428516571));
#5235 = ( GEOMETRIC_REPRESENTATION_CONTEXT(2) 
PARAMETRIC_REPRESENTATION_CONTEXT() REPRESENTATION_CONTEXT('2D SPACE',''
  ) );
#5236 = PCURVE('',#4904,#5237);
#5237 = DEFINITIONAL_REPRESENTATION('',(#5238),#5242);
#5238 = LINE('',#5239,#5240);
#5239 = CARTESIAN_POINT('',(0.,-4.2));
#5240 = VECTOR('',#5241,1.);
#5241 = DIRECTION('',(1.,0.));
#5242 = ( GEOMETRIC_REPRESENTATION_CONTEXT(2) 
PARAMETRIC_REPRESENTATION_CONTEXT() REPRESENTATION_CONTEXT('2D SPACE',''
  ) );
#5243 = ORIENTED_EDGE('',*,*,#5244,.T.);
#5244 = EDGE_CURVE('',#5216,#5167,#5245,.T.);
#5245 = SURFACE_CURVE('',#5246,(#5251,#5262),.PCURVE_S1.);
#5246 = CIRCLE('',#5247,3.915849768225);
#5247 = AXIS2_PLACEMENT_3D('',#5248,#5249,#5250);
#5248 = CARTESIAN_POINT('',(27.5,8.154545454545,-6.860839160839));
#5249 = DIRECTION('',(-1.,-1.110223024625E-16,0.));
#5250 = DIRECTION('',(-9.768564151012E-17,0.879874037409,0.475206984685)
  );
#5251 = PCURVE('',#3913,#5252);
#5252 = DEFINITIONAL_REPRESENTATION('',(#5253),#5261);
#5253 = ( BOUNDED_CURVE() B_SPLINE_CURVE(2,(#5254,#5255,#5256,#5257,
#5258,#5259,#5260),.UNSPECIFIED.,.T.,.F.) B_SPLINE_CURVE_WITH_KNOTS((1,2
    ,2,2,2,1),(-2.094395102393,0.,2.094395102393,4.188790204786,
6.28318530718,8.377580409573),.UNSPECIFIED.) CURVE() 
GEOMETRIC_REPRESENTATION_ITEM() RATIONAL_B_SPLINE_CURVE((1.,0.5,1.,0.5,
1.,0.5,1.)) REPRESENTATION_ITEM('') );
#5254 = CARTESIAN_POINT('',(1.27584500606,-7.945428516571));
#5255 = CARTESIAN_POINT('',(-4.691857321836,-11.16849648785));
#5256 = CARTESIAN_POINT('',(-4.499264899147,-4.388780684032));
#5257 = CARTESIAN_POINT('',(-4.306672476457,2.390935119793));
#5258 = CARTESIAN_POINT('',(1.46843742875,-1.165712712745));
#5259 = CARTESIAN_POINT('',(7.243547333957,-4.722360545283));
#5260 = CARTESIAN_POINT('',(1.27584500606,-7.945428516571));
#5261 = ( GEOMETRIC_REPRESENTATION_CONTEXT(2) 
PARAMETRIC_REPRESENTATION_CONTEXT() REPRESENTATION_CONTEXT('2D SPACE',''
  ) );
#5262 = PCURVE('',#5097,#5263);
#5263 = DEFINITIONAL_REPRESENTATION('',(#5264),#5268);
#5264 = LINE('',#5265,#5266);
#5265 = CARTESIAN_POINT('',(0.,-4.2));
#5266 = VECTOR('',#5267,1.);
#5267 = DIRECTION('',(1.,0.));
#5268 = ( GEOMETRIC_REPRESENTATION_CONTEXT(2) 
PARAMETRIC_REPRESENTATION_CONTEXT() REPRESENTATION_CONTEXT('2D SPACE',''
  ) );
#5269 = ORIENTED_EDGE('',*,*,#5189,.T.);
#5270 = ORIENTED_EDGE('',*,*,#3898,.F.);
#5271 = FACE_BOUND('',#5272,.F.);
#5272 = EDGE_LOOP('',(#5273));
#5273 = ORIENTED_EDGE('',*,*,#5274,.T.);
#5274 = EDGE_CURVE('',#5275,#5275,#5277,.T.);
#5275 = VERTEX_POINT('',#5276);
#5276 = CARTESIAN_POINT('',(27.5,7.3,-6.2));
#5277 = SURFACE_CURVE('',#5278,(#5283,#5290),.PCURVE_S1.);
#5278 = CIRCLE('',#5279,0.9);
#5279 = AXIS2_PLACEMENT_3D('',#5280,#5281,#5282);
#5280 = CARTESIAN_POINT('',(27.5,8.2,-6.2));
#5281 = DIRECTION('',(1.,1.110223024625E-16,-0.));
#5282 = DIRECTION('',(1.110223024625E-16,-1.,-0.));
#5283 = PCURVE('',#3913,#5284);
#5284 = DEFINITIONAL_REPRESENTATION('',(#5285),#5289);
#5285 = CIRCLE('',#5286,0.9);
#5286 = AXIS2_PLACEMENT_2D('',#5287,#5288);
#5287 = CARTESIAN_POINT('',(7.58450060604E-02,-4.545428516571));
#5288 = DIRECTION('',(-0.,1.));
#5289 = ( GEOMETRIC_REPRESENTATION_CONTEXT(2) 
PARAMETRIC_REPRESENTATION_CONTEXT() REPRESENTATION_CONTEXT('2D SPACE',''
  ) );
#5290 = PCURVE('',#5150,#5291);
#5291 = DEFINITIONAL_REPRESENTATION('',(#5292),#5296);
#5292 = LINE('',#5293,#5294);
#5293 = CARTESIAN_POINT('',(6.28318530718,-6.3));
#5294 = VECTOR('',#5295,1.);
#5295 = DIRECTION('',(-1.,0.));
#5296 = ( GEOMETRIC_REPRESENTATION_CONTEXT(2) 
PARAMETRIC_REPRESENTATION_CONTEXT() REPRESENTATION_CONTEXT('2D SPACE',''
  ) );
#5297 = ADVANCED_FACE('',(#5298,#5385),#3864,.F.);
#5298 = FACE_BOUND('',#5299,.T.);
#5299 = EDGE_LOOP('',(#5300,#5301,#5330,#5363,#5384));
#5300 = ORIENTED_EDGE('',*,*,#4950,.F.);
#5301 = ORIENTED_EDGE('',*,*,#5302,.T.);
#5302 = EDGE_CURVE('',#4951,#5303,#5305,.T.);
#5303 = VERTEX_POINT('',#5304);
#5304 = CARTESIAN_POINT('',(49.5,11.6,-5.));
#5305 = SURFACE_CURVE('',#5306,(#5313,#5323),.PCURVE_S1.);
#5306 = B_SPLINE_CURVE_WITH_KNOTS('',3,(#5307,#5308,#5309,#5310,#5311,
    #5312),.UNSPECIFIED.,.F.,.F.,(4,1,1,4),(0.,6.00749531835,
    11.5976652621,15.720770887717),.UNSPECIFIED.);
#5307 = CARTESIAN_POINT('',(49.5,-2.,1.));
#5308 = CARTESIAN_POINT('',(49.5,-5.301492070164E-02,1.315581414253));
#5309 = CARTESIAN_POINT('',(49.5,3.96927925552,1.119032273669));
#5310 = CARTESIAN_POINT('',(49.5,8.845546188991,-1.228585092598));
#5311 = CARTESIAN_POINT('',(49.5,10.950859195051,-3.742833970514));
#5312 = CARTESIAN_POINT('',(49.5,11.6,-5.));
#5313 = PCURVE('',#3864,#5314);
#5314 = DEFINITIONAL_REPRESENTATION('',(#5315),#5322);
#5315 = B_SPLINE_CURVE_WITH_KNOTS('',3,(#5316,#5317,#5318,#5319,#5320,
    #5321),.UNSPECIFIED.,.F.,.F.,(4,1,1,4),(0.,6.00749531835,
    11.5976652621,15.720770887717),.UNSPECIFIED.);
#5316 = CARTESIAN_POINT('',(7.27584500606,5.654571483429));
#5317 = CARTESIAN_POINT('',(7.591426420313,3.707586404131));
#5318 = CARTESIAN_POINT('',(7.39487727973,-0.31470777209));
#5319 = CARTESIAN_POINT('',(5.047259913463,-5.190974705562));
#5320 = CARTESIAN_POINT('',(2.533011035547,-7.296287711622));
#5321 = CARTESIAN_POINT('',(1.27584500606,-7.945428516571));
#5322 = ( GEOMETRIC_REPRESENTATION_CONTEXT(2) 
PARAMETRIC_REPRESENTATION_CONTEXT() REPRESENTATION_CONTEXT('2D SPACE',''
  ) );
#5323 = PCURVE('',#4998,#5324);
#5324 = DEFINITIONAL_REPRESENTATION('',(#5325),#5329);
#5325 = LINE('',#5326,#5327);
#5326 = CARTESIAN_POINT('',(0.,0.));
#5327 = VECTOR('',#5328,1.);
#5328 = DIRECTION('',(1.,0.));
#5329 = ( GEOMETRIC_REPRESENTATION_CONTEXT(2) 
PARAMETRIC_REPRESENTATION_CONTEXT() REPRESENTATION_CONTEXT('2D SPACE',''
  ) );
#5330 = ORIENTED_EDGE('',*,*,#5331,.T.);
#5331 = EDGE_CURVE('',#5303,#5332,#5334,.T.);
#5332 = VERTEX_POINT('',#5333);
#5333 = CARTESIAN_POINT('',(49.5,10.2,-10.2));
#5334 = SURFACE_CURVE('',#5335,(#5340,#5351),.PCURVE_S1.);
#5335 = CIRCLE('',#5336,3.915849768225);
#5336 = AXIS2_PLACEMENT_3D('',#5337,#5338,#5339);
#5337 = CARTESIAN_POINT('',(49.5,8.154545454545,-6.860839160839));
#5338 = DIRECTION('',(-1.,-1.110223024625E-16,0.));
#5339 = DIRECTION('',(-9.768564151012E-17,0.879874037409,0.475206984685)
  );
#5340 = PCURVE('',#3864,#5341);
#5341 = DEFINITIONAL_REPRESENTATION('',(#5342),#5350);
#5342 = ( BOUNDED_CURVE() B_SPLINE_CURVE(2,(#5343,#5344,#5345,#5346,
#5347,#5348,#5349),.UNSPECIFIED.,.T.,.F.) B_SPLINE_CURVE_WITH_KNOTS((1,2
    ,2,2,2,1),(-2.094395102393,0.,2.094395102393,4.188790204786,
6.28318530718,8.377580409573),.UNSPECIFIED.) CURVE() 
GEOMETRIC_REPRESENTATION_ITEM() RATIONAL_B_SPLINE_CURVE((1.,0.5,1.,0.5,
1.,0.5,1.)) REPRESENTATION_ITEM('') );
#5343 = CARTESIAN_POINT('',(1.27584500606,-7.945428516571));
#5344 = CARTESIAN_POINT('',(-4.691857321836,-11.16849648785));
#5345 = CARTESIAN_POINT('',(-4.499264899147,-4.388780684032));
#5346 = CARTESIAN_POINT('',(-4.306672476457,2.390935119793));
#5347 = CARTESIAN_POINT('',(1.46843742875,-1.165712712745));
#5348 = CARTESIAN_POINT('',(7.243547333957,-4.722360545283));
#5349 = CARTESIAN_POINT('',(1.27584500606,-7.945428516571));
#5350 = ( GEOMETRIC_REPRESENTATION_CONTEXT(2) 
PARAMETRIC_REPRESENTATION_CONTEXT() REPRESENTATION_CONTEXT('2D SPACE',''
  ) );
#5351 = PCURVE('',#5352,#5357);
#5352 = CYLINDRICAL_SURFACE('',#5353,3.915849768225);
#5353 = AXIS2_PLACEMENT_3D('',#5354,#5355,#5356);
#5354 = CARTESIAN_POINT('',(49.5,8.154545454545,-6.860839160839));
#5355 = DIRECTION('',(-1.,-1.110223024625E-16,-0.));
#5356 = DIRECTION('',(-9.768564151012E-17,0.879874037409,0.475206984685)
  );
#5357 = DEFINITIONAL_REPRESENTATION('',(#5358),#5362);
#5358 = LINE('',#5359,#5360);
#5359 = CARTESIAN_POINT('',(0.,0.));
#5360 = VECTOR('',#5361,1.);
#5361 = DIRECTION('',(1.,0.));
#5362 = ( GEOMETRIC_REPRESENTATION_CONTEXT(2) 
PARAMETRIC_REPRESENTATION_CONTEXT() REPRESENTATION_CONTEXT('2D SPACE',''
  ) );
#5363 = ORIENTED_EDGE('',*,*,#5364,.T.);
#5364 = EDGE_CURVE('',#5332,#3814,#5365,.T.);
#5365 = SURFACE_CURVE('',#5366,(#5370,#5377),.PCURVE_S1.);
#5366 = B_SPLINE_CURVE_WITH_KNOTS('',2,(#5367,#5368,#5369),
  .UNSPECIFIED.,.F.,.F.,(3,3),(0.,12.899612397278),
  .PIECEWISE_BEZIER_KNOTS.);
#5367 = CARTESIAN_POINT('',(49.5,10.2,-10.2));
#5368 = CARTESIAN_POINT('',(49.5,4.9,-14.3));
#5369 = CARTESIAN_POINT('',(49.5,-2.,-13.6));
#5370 = PCURVE('',#3864,#5371);
#5371 = DEFINITIONAL_REPRESENTATION('',(#5372),#5376);
#5372 = B_SPLINE_CURVE_WITH_KNOTS('',2,(#5373,#5374,#5375),
  .UNSPECIFIED.,.F.,.F.,(3,3),(0.,12.899612397278),
  .PIECEWISE_BEZIER_KNOTS.);
#5373 = CARTESIAN_POINT('',(-3.92415499394,-6.545428516571));
#5374 = CARTESIAN_POINT('',(-8.02415499394,-1.245428516571));
#5375 = CARTESIAN_POINT('',(-7.32415499394,5.654571483429));
#5376 = ( GEOMETRIC_REPRESENTATION_CONTEXT(2) 
PARAMETRIC_REPRESENTATION_CONTEXT() REPRESENTATION_CONTEXT('2D SPACE',''
  ) );
#5377 = PCURVE('',#3833,#5378);
#5378 = DEFINITIONAL_REPRESENTATION('',(#5379),#5383);
#5379 = LINE('',#5380,#5381);
#5380 = CARTESIAN_POINT('',(0.,0.));
#5381 = VECTOR('',#5382,1.);
#5382 = DIRECTION('',(1.,0.));
#5383 = ( GEOMETRIC_REPRESENTATION_CONTEXT(2) 
PARAMETRIC_REPRESENTATION_CONTEXT() REPRESENTATION_CONTEXT('2D SPACE',''
  ) );
#5384 = ORIENTED_EDGE('',*,*,#3849,.F.);
#5385 = FACE_BOUND('',#5386,.T.);
#5386 = EDGE_LOOP('',(#5387));
#5387 = ORIENTED_EDGE('',*,*,#5388,.T.);
#5388 = EDGE_CURVE('',#5389,#5389,#5391,.T.);
#5389 = VERTEX_POINT('',#5390);
#5390 = CARTESIAN_POINT('',(49.5,7.3,-6.2));
#5391 = SURFACE_CURVE('',#5392,(#5397,#5404),.PCURVE_S1.);
#5392 = CIRCLE('',#5393,0.9);
#5393 = AXIS2_PLACEMENT_3D('',#5394,#5395,#5396);
#5394 = CARTESIAN_POINT('',(49.5,8.2,-6.2));
#5395 = DIRECTION('',(1.,1.110223024625E-16,-0.));
#5396 = DIRECTION('',(1.110223024625E-16,-1.,-0.));
#5397 = PCURVE('',#3864,#5398);
#5398 = DEFINITIONAL_REPRESENTATION('',(#5399),#5403);
#5399 = CIRCLE('',#5400,0.9);
#5400 = AXIS2_PLACEMENT_2D('',#5401,#5402);
#5401 = CARTESIAN_POINT('',(7.58450060604E-02,-4.545428516571));
#5402 = DIRECTION('',(-0.,1.));
#5403 = ( GEOMETRIC_REPRESENTATION_CONTEXT(2) 
PARAMETRIC_REPRESENTATION_CONTEXT() REPRESENTATION_CONTEXT('2D SPACE',''
  ) );
#5404 = PCURVE('',#5405,#5410);
#5405 = CYLINDRICAL_SURFACE('',#5406,0.9);
#5406 = AXIS2_PLACEMENT_3D('',#5407,#5408,#5409);
#5407 = CARTESIAN_POINT('',(47.4,8.2,-6.2));
#5408 = DIRECTION('',(-1.,-1.110223024625E-16,-0.));
#5409 = DIRECTION('',(1.110223024625E-16,-1.,-0.));
#5410 = DEFINITIONAL_REPRESENTATION('',(#5411),#5415);
#5411 = LINE('',#5412,#5413);
#5412 = CARTESIAN_POINT('',(6.28318530718,-2.1));
#5413 = VECTOR('',#5414,1.);
#5414 = DIRECTION('',(-1.,0.));
#5415 = ( GEOMETRIC_REPRESENTATION_CONTEXT(2) 
PARAMETRIC_REPRESENTATION_CONTEXT() REPRESENTATION_CONTEXT('2D SPACE',''
  ) );
#5416 = ADVANCED_FACE('',(#5417),#3833,.T.);
#5417 = FACE_BOUND('',#5418,.T.);
#5418 = EDGE_LOOP('',(#5419,#5420,#5443,#5464));
#5419 = ORIENTED_EDGE('',*,*,#5364,.F.);
#5420 = ORIENTED_EDGE('',*,*,#5421,.T.);
#5421 = EDGE_CURVE('',#5332,#5422,#5424,.T.);
#5422 = VERTEX_POINT('',#5423);
#5423 = CARTESIAN_POINT('',(53.7,10.2,-10.2));
#5424 = SURFACE_CURVE('',#5425,(#5429,#5436),.PCURVE_S1.);
#5425 = LINE('',#5426,#5427);
#5426 = CARTESIAN_POINT('',(49.5,10.2,-10.2));
#5427 = VECTOR('',#5428,1.);
#5428 = DIRECTION('',(1.,1.110223024625E-16,-0.));
#5429 = PCURVE('',#3833,#5430);
#5430 = DEFINITIONAL_REPRESENTATION('',(#5431),#5435);
#5431 = LINE('',#5432,#5433);
#5432 = CARTESIAN_POINT('',(0.,0.));
#5433 = VECTOR('',#5434,1.);
#5434 = DIRECTION('',(0.,-1.));
#5435 = ( GEOMETRIC_REPRESENTATION_CONTEXT(2) 
PARAMETRIC_REPRESENTATION_CONTEXT() REPRESENTATION_CONTEXT('2D SPACE',''
  ) );
#5436 = PCURVE('',#5352,#5437);
#5437 = DEFINITIONAL_REPRESENTATION('',(#5438),#5442);
#5438 = LINE('',#5439,#5440);
#5439 = CARTESIAN_POINT('',(1.516387984,0.));
#5440 = VECTOR('',#5441,1.);
#5441 = DIRECTION('',(0.,-1.));
#5442 = ( GEOMETRIC_REPRESENTATION_CONTEXT(2) 
PARAMETRIC_REPRESENTATION_CONTEXT() REPRESENTATION_CONTEXT('2D SPACE',''
  ) );
#5443 = ORIENTED_EDGE('',*,*,#5444,.T.);
#5444 = EDGE_CURVE('',#5422,#3788,#5445,.T.);
#5445 = SURFACE_CURVE('',#5446,(#5450,#5457),.PCURVE_S1.);
#5446 = B_SPLINE_CURVE_WITH_KNOTS('',2,(#5447,#5448,#5449),
  .UNSPECIFIED.,.F.,.F.,(3,3),(0.,12.899612397278),
  .PIECEWISE_BEZIER_KNOTS.);
#5447 = CARTESIAN_POINT('',(53.7,10.2,-10.2));
#5448 = CARTESIAN_POINT('',(53.7,4.9,-14.3));
#5449 = CARTESIAN_POINT('',(53.7,-2.,-13.6));
#5450 = PCURVE('',#3833,#5451);
#5451 = DEFINITIONAL_REPRESENTATION('',(#5452),#5456);
#5452 = LINE('',#5453,#5454);
#5453 = CARTESIAN_POINT('',(0.,-4.2));
#5454 = VECTOR('',#5455,1.);
#5455 = DIRECTION('',(1.,0.));
#5456 = ( GEOMETRIC_REPRESENTATION_CONTEXT(2) 
PARAMETRIC_REPRESENTATION_CONTEXT() REPRESENTATION_CONTEXT('2D SPACE',''
  ) );
#5457 = PCURVE('',#3802,#5458);
#5458 = DEFINITIONAL_REPRESENTATION('',(#5459),#5463);
#5459 = B_SPLINE_CURVE_WITH_KNOTS('',2,(#5460,#5461,#5462),
  .UNSPECIFIED.,.F.,.F.,(3,3),(0.,12.899612397278),
  .PIECEWISE_BEZIER_KNOTS.);
#5460 = CARTESIAN_POINT('',(-3.92415499394,-6.545428516571));
#5461 = CARTESIAN_POINT('',(-8.02415499394,-1.245428516571));
#5462 = CARTESIAN_POINT('',(-7.32415499394,5.654571483429));
#5463 = ( GEOMETRIC_REPRESENTATION_CONTEXT(2) 
PARAMETRIC_REPRESENTATION_CONTEXT() REPRESENTATION_CONTEXT('2D SPACE',''
  ) );
#5464 = ORIENTED_EDGE('',*,*,#3813,.T.);
#5465 = ADVANCED_FACE('',(#5466,#5526),#3802,.T.);
#5466 = FACE_BOUND('',#5467,.F.);
#5467 = EDGE_LOOP('',(#5468,#5469,#5498,#5524,#5525));
#5468 = ORIENTED_EDGE('',*,*,#5017,.F.);
#5469 = ORIENTED_EDGE('',*,*,#5470,.T.);
#5470 = EDGE_CURVE('',#4979,#5471,#5473,.T.);
#5471 = VERTEX_POINT('',#5472);
#5472 = CARTESIAN_POINT('',(53.7,11.6,-5.));
#5473 = SURFACE_CURVE('',#5474,(#5481,#5491),.PCURVE_S1.);
#5474 = B_SPLINE_CURVE_WITH_KNOTS('',3,(#5475,#5476,#5477,#5478,#5479,
    #5480),.UNSPECIFIED.,.F.,.F.,(4,1,1,4),(0.,6.00749531835,
    11.5976652621,15.720770887717),.UNSPECIFIED.);
#5475 = CARTESIAN_POINT('',(53.7,-2.,1.));
#5476 = CARTESIAN_POINT('',(53.7,-5.301492070164E-02,1.315581414253));
#5477 = CARTESIAN_POINT('',(53.7,3.96927925552,1.119032273669));
#5478 = CARTESIAN_POINT('',(53.7,8.845546188991,-1.228585092598));
#5479 = CARTESIAN_POINT('',(53.7,10.950859195051,-3.742833970514));
#5480 = CARTESIAN_POINT('',(53.7,11.6,-5.));
#5481 = PCURVE('',#3802,#5482);
#5482 = DEFINITIONAL_REPRESENTATION('',(#5483),#5490);
#5483 = B_SPLINE_CURVE_WITH_KNOTS('',3,(#5484,#5485,#5486,#5487,#5488,
    #5489),.UNSPECIFIED.,.F.,.F.,(4,1,1,4),(0.,6.00749531835,
    11.5976652621,15.720770887717),.UNSPECIFIED.);
#5484 = CARTESIAN_POINT('',(7.27584500606,5.654571483429));
#5485 = CARTESIAN_POINT('',(7.591426420313,3.707586404131));
#5486 = CARTESIAN_POINT('',(7.39487727973,-0.31470777209));
#5487 = CARTESIAN_POINT('',(5.047259913463,-5.190974705562));
#5488 = CARTESIAN_POINT('',(2.533011035547,-7.296287711622));
#5489 = CARTESIAN_POINT('',(1.27584500606,-7.945428516571));
#5490 = ( GEOMETRIC_REPRESENTATION_CONTEXT(2) 
PARAMETRIC_REPRESENTATION_CONTEXT() REPRESENTATION_CONTEXT('2D SPACE',''
  ) );
#5491 = PCURVE('',#4998,#5492);
#5492 = DEFINITIONAL_REPRESENTATION('',(#5493),#5497);
#5493 = LINE('',#5494,#5495);
#5494 = CARTESIAN_POINT('',(0.,-4.2));
#5495 = VECTOR('',#5496,1.);
#5496 = DIRECTION('',(1.,0.));
#5497 = ( GEOMETRIC_REPRESENTATION_CONTEXT(2) 
PARAMETRIC_REPRESENTATION_CONTEXT() REPRESENTATION_CONTEXT('2D SPACE',''
  ) );
#5498 = ORIENTED_EDGE('',*,*,#5499,.T.);
#5499 = EDGE_CURVE('',#5471,#5422,#5500,.T.);
#5500 = SURFACE_CURVE('',#5501,(#5506,#5517),.PCURVE_S1.);
#5501 = CIRCLE('',#5502,3.915849768225);
#5502 = AXIS2_PLACEMENT_3D('',#5503,#5504,#5505);
#5503 = CARTESIAN_POINT('',(53.7,8.154545454545,-6.860839160839));
#5504 = DIRECTION('',(-1.,-1.110223024625E-16,0.));
#5505 = DIRECTION('',(-9.768564151012E-17,0.879874037409,0.475206984685)
  );
#5506 = PCURVE('',#3802,#5507);
#5507 = DEFINITIONAL_REPRESENTATION('',(#5508),#5516);
#5508 = ( BOUNDED_CURVE() B_SPLINE_CURVE(2,(#5509,#5510,#5511,#5512,
#5513,#5514,#5515),.UNSPECIFIED.,.T.,.F.) B_SPLINE_CURVE_WITH_KNOTS((1,2
    ,2,2,2,1),(-2.094395102393,0.,2.094395102393,4.188790204786,
6.28318530718,8.377580409573),.UNSPECIFIED.) CURVE() 
GEOMETRIC_REPRESENTATION_ITEM() RATIONAL_B_SPLINE_CURVE((1.,0.5,1.,0.5,
1.,0.5,1.)) REPRESENTATION_ITEM('') );
#5509 = CARTESIAN_POINT('',(1.27584500606,-7.945428516571));
#5510 = CARTESIAN_POINT('',(-4.691857321836,-11.16849648785));
#5511 = CARTESIAN_POINT('',(-4.499264899147,-4.388780684032));
#5512 = CARTESIAN_POINT('',(-4.306672476457,2.390935119793));
#5513 = CARTESIAN_POINT('',(1.46843742875,-1.165712712745));
#5514 = CARTESIAN_POINT('',(7.243547333957,-4.722360545283));
#5515 = CARTESIAN_POINT('',(1.27584500606,-7.945428516571));
#5516 = ( GEOMETRIC_REPRESENTATION_CONTEXT(2) 
PARAMETRIC_REPRESENTATION_CONTEXT() REPRESENTATION_CONTEXT('2D SPACE',''
  ) );
#5517 = PCURVE('',#5352,#5518);
#5518 = DEFINITIONAL_REPRESENTATION('',(#5519),#5523);
#5519 = LINE('',#5520,#5521);
#5520 = CARTESIAN_POINT('',(0.,-4.2));
#5521 = VECTOR('',#5522,1.);
#5522 = DIRECTION('',(1.,0.));
#5523 = ( GEOMETRIC_REPRESENTATION_CONTEXT(2) 
PARAMETRIC_REPRESENTATION_CONTEXT() REPRESENTATION_CONTEXT('2D SPACE',''
  ) );
#5524 = ORIENTED_EDGE('',*,*,#5444,.T.);
#5525 = ORIENTED_EDGE('',*,*,#3787,.F.);
#5526 = FACE_BOUND('',#5527,.F.);
#5527 = EDGE_LOOP('',(#5528));
#5528 = ORIENTED_EDGE('',*,*,#5529,.T.);
#5529 = EDGE_CURVE('',#5530,#5530,#5532,.T.);
#5530 = VERTEX_POINT('',#5531);
#5531 = CARTESIAN_POINT('',(53.7,7.3,-6.2));
#5532 = SURFACE_CURVE('',#5533,(#5538,#5545),.PCURVE_S1.);
#5533 = CIRCLE('',#5534,0.9);
#5534 = AXIS2_PLACEMENT_3D('',#5535,#5536,#5537);
#5535 = CARTESIAN_POINT('',(53.7,8.2,-6.2));
#5536 = DIRECTION('',(1.,1.110223024625E-16,-0.));
#5537 = DIRECTION('',(1.110223024625E-16,-1.,-0.));
#5538 = PCURVE('',#3802,#5539);
#5539 = DEFINITIONAL_REPRESENTATION('',(#5540),#5544);
#5540 = CIRCLE('',#5541,0.9);
#5541 = AXIS2_PLACEMENT_2D('',#5542,#5543);
#5542 = CARTESIAN_POINT('',(7.58450060604E-02,-4.545428516571));
#5543 = DIRECTION('',(-0.,1.));
#5544 = ( GEOMETRIC_REPRESENTATION_CONTEXT(2) 
PARAMETRIC_REPRESENTATION_CONTEXT() REPRESENTATION_CONTEXT('2D SPACE',''
  ) );
#5545 = PCURVE('',#5405,#5546);
#5546 = DEFINITIONAL_REPRESENTATION('',(#5547),#5551);
#5547 = LINE('',#5548,#5549);
#5548 = CARTESIAN_POINT('',(6.28318530718,-6.3));
#5549 = VECTOR('',#5550,1.);
#5550 = DIRECTION('',(-1.,0.));
#5551 = ( GEOMETRIC_REPRESENTATION_CONTEXT(2) 
PARAMETRIC_REPRESENTATION_CONTEXT() REPRESENTATION_CONTEXT('2D SPACE',''
  ) );
#5552 = ADVANCED_FACE('',(#5553),#4051,.T.);
#5553 = FACE_BOUND('',#5554,.T.);
#5554 = EDGE_LOOP('',(#5555,#5577,#5578,#5579));
#5555 = ORIENTED_EDGE('',*,*,#5556,.F.);
#5556 = EDGE_CURVE('',#4012,#5557,#5559,.T.);
#5557 = VERTEX_POINT('',#5558);
#5558 = CARTESIAN_POINT('',(79.,-2.8,1.8));
#5559 = SURFACE_CURVE('',#5560,(#5565,#5571),.PCURVE_S1.);
#5560 = CIRCLE('',#5561,1.2);
#5561 = AXIS2_PLACEMENT_3D('',#5562,#5563,#5564);
#5562 = CARTESIAN_POINT('',(79.,-2.8,0.6));
#5563 = DIRECTION('',(0.,-1.,-0.));
#5564 = DIRECTION('',(1.,0.,-0.));
#5565 = PCURVE('',#4051,#5566);
#5566 = DEFINITIONAL_REPRESENTATION('',(#5567),#5570);
#5567 = B_SPLINE_CURVE_WITH_KNOTS('',1,(#5568,#5569),.UNSPECIFIED.,.F.,
  .F.,(2,2),(0.,1.570796326795),.PIECEWISE_BEZIER_KNOTS.);
#5568 = CARTESIAN_POINT('',(-1.903239470786E-16,0.));
#5569 = CARTESIAN_POINT('',(-1.903239470786E-16,1.570796326795));
#5570 = ( GEOMETRIC_REPRESENTATION_CONTEXT(2) 
PARAMETRIC_REPRESENTATION_CONTEXT() REPRESENTATION_CONTEXT('2D SPACE',''
  ) );
#5571 = PCURVE('',#4104,#5572);
#5572 = DEFINITIONAL_REPRESENTATION('',(#5573),#5576);
#5573 = B_SPLINE_CURVE_WITH_KNOTS('',1,(#5574,#5575),.UNSPECIFIED.,.F.,
  .F.,(2,2),(0.,1.570796326795),.PIECEWISE_BEZIER_KNOTS.);
#5574 = CARTESIAN_POINT('',(0.,29.4));
#5575 = CARTESIAN_POINT('',(-1.570796326795,29.4));
#5576 = ( GEOMETRIC_REPRESENTATION_CONTEXT(2) 
PARAMETRIC_REPRESENTATION_CONTEXT() REPRESENTATION_CONTEXT('2D SPACE',''
  ) );
#5577 = ORIENTED_EDGE('',*,*,#4036,.T.);
#5578 = ORIENTED_EDGE('',*,*,#4811,.T.);
#5579 = ORIENTED_EDGE('',*,*,#5580,.F.);
#5580 = EDGE_CURVE('',#5557,#4812,#5581,.T.);
#5581 = SURFACE_CURVE('',#5582,(#5587,#5594),.PCURVE_S1.);
#5582 = CIRCLE('',#5583,5.8);
#5583 = AXIS2_PLACEMENT_3D('',#5584,#5585,#5586);
#5584 = CARTESIAN_POINT('',(73.2,-2.8,1.8));
#5585 = DIRECTION('',(0.,0.,1.));
#5586 = DIRECTION('',(1.,6.344131569287E-17,-0.));
#5587 = PCURVE('',#4051,#5588);
#5588 = DEFINITIONAL_REPRESENTATION('',(#5589),#5593);
#5589 = LINE('',#5590,#5591);
#5590 = CARTESIAN_POINT('',(0.,1.570796326795));
#5591 = VECTOR('',#5592,1.);
#5592 = DIRECTION('',(1.,0.));
#5593 = ( GEOMETRIC_REPRESENTATION_CONTEXT(2) 
PARAMETRIC_REPRESENTATION_CONTEXT() REPRESENTATION_CONTEXT('2D SPACE',''
  ) );
#5594 = PCURVE('',#4698,#5595);
#5595 = DEFINITIONAL_REPRESENTATION('',(#5596),#5600);
#5596 = CIRCLE('',#5597,5.8);
#5597 = AXIS2_PLACEMENT_2D('',#5598,#5599);
#5598 = CARTESIAN_POINT('',(34.7,14.7));
#5599 = DIRECTION('',(1.,0.));
#5600 = ( GEOMETRIC_REPRESENTATION_CONTEXT(2) 
PARAMETRIC_REPRESENTATION_CONTEXT() REPRESENTATION_CONTEXT('2D SPACE',''
  ) );
#5601 = ADVANCED_FACE('',(#5602),#4104,.T.);
#5602 = FACE_BOUND('',#5603,.F.);
#5603 = EDGE_LOOP('',(#5604,#5626,#5647,#5648));
#5604 = ORIENTED_EDGE('',*,*,#5605,.T.);
#5605 = EDGE_CURVE('',#4068,#5606,#5608,.T.);
#5606 = VERTEX_POINT('',#5607);
#5607 = CARTESIAN_POINT('',(79.,-32.2,1.8));
#5608 = SURFACE_CURVE('',#5609,(#5614,#5620),.PCURVE_S1.);
#5609 = CIRCLE('',#5610,1.2);
#5610 = AXIS2_PLACEMENT_3D('',#5611,#5612,#5613);
#5611 = CARTESIAN_POINT('',(79.,-32.2,0.6));
#5612 = DIRECTION('',(-6.123233995737E-17,-1.,0.));
#5613 = DIRECTION('',(1.,-6.123233995737E-17,0.));
#5614 = PCURVE('',#4104,#5615);
#5615 = DEFINITIONAL_REPRESENTATION('',(#5616),#5619);
#5616 = B_SPLINE_CURVE_WITH_KNOTS('',1,(#5617,#5618),.UNSPECIFIED.,.F.,
  .F.,(2,2),(0.,1.570796326795),.PIECEWISE_BEZIER_KNOTS.);
#5617 = CARTESIAN_POINT('',(0.,0.));
#5618 = CARTESIAN_POINT('',(-1.570796326795,0.));
#5619 = ( GEOMETRIC_REPRESENTATION_CONTEXT(2) 
PARAMETRIC_REPRESENTATION_CONTEXT() REPRESENTATION_CONTEXT('2D SPACE',''
  ) );
#5620 = PCURVE('',#4166,#5621);
#5621 = DEFINITIONAL_REPRESENTATION('',(#5622),#5625);
#5622 = B_SPLINE_CURVE_WITH_KNOTS('',1,(#5623,#5624),.UNSPECIFIED.,.F.,
  .F.,(2,2),(0.,1.570796326795),.PIECEWISE_BEZIER_KNOTS.);
#5623 = CARTESIAN_POINT('',(1.570796326795,0.));
#5624 = CARTESIAN_POINT('',(1.570796326795,1.570796326795));
#5625 = ( GEOMETRIC_REPRESENTATION_CONTEXT(2) 
PARAMETRIC_REPRESENTATION_CONTEXT() REPRESENTATION_CONTEXT('2D SPACE',''
  ) );
#5626 = ORIENTED_EDGE('',*,*,#5627,.T.);
#5627 = EDGE_CURVE('',#5606,#5557,#5628,.T.);
#5628 = SURFACE_CURVE('',#5629,(#5633,#5640),.PCURVE_S1.);
#5629 = LINE('',#5630,#5631);
#5630 = CARTESIAN_POINT('',(79.,-32.2,1.8));
#5631 = VECTOR('',#5632,1.);
#5632 = DIRECTION('',(0.,1.,0.));
#5633 = PCURVE('',#4104,#5634);
#5634 = DEFINITIONAL_REPRESENTATION('',(#5635),#5639);
#5635 = LINE('',#5636,#5637);
#5636 = CARTESIAN_POINT('',(-1.570796326795,0.));
#5637 = VECTOR('',#5638,1.);
#5638 = DIRECTION('',(-0.,1.));
#5639 = ( GEOMETRIC_REPRESENTATION_CONTEXT(2) 
PARAMETRIC_REPRESENTATION_CONTEXT() REPRESENTATION_CONTEXT('2D SPACE',''
  ) );
#5640 = PCURVE('',#4698,#5641);
#5641 = DEFINITIONAL_REPRESENTATION('',(#5642),#5646);
#5642 = LINE('',#5643,#5644);
#5643 = CARTESIAN_POINT('',(40.5,-14.7));
#5644 = VECTOR('',#5645,1.);
#5645 = DIRECTION('',(0.,1.));
#5646 = ( GEOMETRIC_REPRESENTATION_CONTEXT(2) 
PARAMETRIC_REPRESENTATION_CONTEXT() REPRESENTATION_CONTEXT('2D SPACE',''
  ) );
#5647 = ORIENTED_EDGE('',*,*,#5556,.F.);
#5648 = ORIENTED_EDGE('',*,*,#4090,.F.);
#5649 = ADVANCED_FACE('',(#5650),#4166,.T.);
#5650 = FACE_BOUND('',#5651,.T.);
#5651 = EDGE_LOOP('',(#5652,#5674,#5675,#5676));
#5652 = ORIENTED_EDGE('',*,*,#5653,.F.);
#5653 = EDGE_CURVE('',#4127,#5654,#5656,.T.);
#5654 = VERTEX_POINT('',#5655);
#5655 = CARTESIAN_POINT('',(73.2,-38.,1.8));
#5656 = SURFACE_CURVE('',#5657,(#5662,#5668),.PCURVE_S1.);
#5657 = CIRCLE('',#5658,1.2);
#5658 = AXIS2_PLACEMENT_3D('',#5659,#5660,#5661);
#5659 = CARTESIAN_POINT('',(73.2,-38.,0.6));
#5660 = DIRECTION('',(-1.,-0.,0.));
#5661 = DIRECTION('',(0.,-1.,0.));
#5662 = PCURVE('',#4166,#5663);
#5663 = DEFINITIONAL_REPRESENTATION('',(#5664),#5667);
#5664 = B_SPLINE_CURVE_WITH_KNOTS('',1,(#5665,#5666),.UNSPECIFIED.,.F.,
  .F.,(2,2),(0.,1.570796326795),.PIECEWISE_BEZIER_KNOTS.);
#5665 = CARTESIAN_POINT('',(0.,0.));
#5666 = CARTESIAN_POINT('',(0.,1.570796326795));
#5667 = ( GEOMETRIC_REPRESENTATION_CONTEXT(2) 
PARAMETRIC_REPRESENTATION_CONTEXT() REPRESENTATION_CONTEXT('2D SPACE',''
  ) );
#5668 = PCURVE('',#4199,#5669);
#5669 = DEFINITIONAL_REPRESENTATION('',(#5670),#5673);
#5670 = B_SPLINE_CURVE_WITH_KNOTS('',1,(#5671,#5672),.UNSPECIFIED.,.F.,
  .F.,(2,2),(0.,1.570796326795),.PIECEWISE_BEZIER_KNOTS.);
#5671 = CARTESIAN_POINT('',(0.,69.4));
#5672 = CARTESIAN_POINT('',(-1.570796326795,69.4));
#5673 = ( GEOMETRIC_REPRESENTATION_CONTEXT(2) 
PARAMETRIC_REPRESENTATION_CONTEXT() REPRESENTATION_CONTEXT('2D SPACE',''
  ) );
#5674 = ORIENTED_EDGE('',*,*,#4151,.T.);
#5675 = ORIENTED_EDGE('',*,*,#5605,.T.);
#5676 = ORIENTED_EDGE('',*,*,#5677,.F.);
#5677 = EDGE_CURVE('',#5654,#5606,#5678,.T.);
#5678 = SURFACE_CURVE('',#5679,(#5684,#5691),.PCURVE_S1.);
#5679 = CIRCLE('',#5680,5.8);
#5680 = AXIS2_PLACEMENT_3D('',#5681,#5682,#5683);
#5681 = CARTESIAN_POINT('',(73.2,-32.2,1.8));
#5682 = DIRECTION('',(0.,0.,1.));
#5683 = DIRECTION('',(0.,-1.,0.));
#5684 = PCURVE('',#4166,#5685);
#5685 = DEFINITIONAL_REPRESENTATION('',(#5686),#5690);
#5686 = LINE('',#5687,#5688);
#5687 = CARTESIAN_POINT('',(0.,1.570796326795));
#5688 = VECTOR('',#5689,1.);
#5689 = DIRECTION('',(1.,0.));
#5690 = ( GEOMETRIC_REPRESENTATION_CONTEXT(2) 
PARAMETRIC_REPRESENTATION_CONTEXT() REPRESENTATION_CONTEXT('2D SPACE',''
  ) );
#5691 = PCURVE('',#4698,#5692);
#5692 = DEFINITIONAL_REPRESENTATION('',(#5693),#5697);
#5693 = CIRCLE('',#5694,5.8);
#5694 = AXIS2_PLACEMENT_2D('',#5695,#5696);
#5695 = CARTESIAN_POINT('',(34.7,-14.7));
#5696 = DIRECTION('',(0.,-1.));
#5697 = ( GEOMETRIC_REPRESENTATION_CONTEXT(2) 
PARAMETRIC_REPRESENTATION_CONTEXT() REPRESENTATION_CONTEXT('2D SPACE',''
  ) );
#5698 = ADVANCED_FACE('',(#5699),#4199,.T.);
#5699 = FACE_BOUND('',#5700,.F.);
#5700 = EDGE_LOOP('',(#5701,#5702,#5703,#5724,#5725,#5726,#5750,#5789,
    #5811,#5812,#5836,#5875));
#5701 = ORIENTED_EDGE('',*,*,#4183,.F.);
#5702 = ORIENTED_EDGE('',*,*,#4661,.T.);
#5703 = ORIENTED_EDGE('',*,*,#5704,.T.);
#5704 = EDGE_CURVE('',#4662,#5654,#5705,.T.);
#5705 = SURFACE_CURVE('',#5706,(#5710,#5717),.PCURVE_S1.);
#5706 = LINE('',#5707,#5708);
#5707 = CARTESIAN_POINT('',(3.8,-38.,1.8));
#5708 = VECTOR('',#5709,1.);
#5709 = DIRECTION('',(1.,0.,0.));
#5710 = PCURVE('',#4199,#5711);
#5711 = DEFINITIONAL_REPRESENTATION('',(#5712),#5716);
#5712 = LINE('',#5713,#5714);
#5713 = CARTESIAN_POINT('',(-1.570796326795,0.));
#5714 = VECTOR('',#5715,1.);
#5715 = DIRECTION('',(-0.,1.));
#5716 = ( GEOMETRIC_REPRESENTATION_CONTEXT(2) 
PARAMETRIC_REPRESENTATION_CONTEXT() REPRESENTATION_CONTEXT('2D SPACE',''
  ) );
#5717 = PCURVE('',#4698,#5718);
#5718 = DEFINITIONAL_REPRESENTATION('',(#5719),#5723);
#5719 = LINE('',#5720,#5721);
#5720 = CARTESIAN_POINT('',(-34.7,-20.5));
#5721 = VECTOR('',#5722,1.);
#5722 = DIRECTION('',(1.,0.));
#5723 = ( GEOMETRIC_REPRESENTATION_CONTEXT(2) 
PARAMETRIC_REPRESENTATION_CONTEXT() REPRESENTATION_CONTEXT('2D SPACE',''
  ) );
#5724 = ORIENTED_EDGE('',*,*,#5653,.F.);
#5725 = ORIENTED_EDGE('',*,*,#4410,.F.);
#5726 = ORIENTED_EDGE('',*,*,#5727,.F.);
#5727 = EDGE_CURVE('',#5728,#4385,#5730,.T.);
#5728 = VERTEX_POINT('',#5729);
#5729 = CARTESIAN_POINT('',(53.7,-39.19909678608,0.646549947311));
#5730 = SURFACE_CURVE('',#5731,(#5736,#5743),.PCURVE_S1.);
#5731 = CIRCLE('',#5732,1.2);
#5732 = AXIS2_PLACEMENT_3D('',#5733,#5734,#5735);
#5733 = CARTESIAN_POINT('',(53.7,-38.,0.6));
#5734 = DIRECTION('',(1.,0.,0.));
#5735 = DIRECTION('',(0.,-1.,-0.));
#5736 = PCURVE('',#4199,#5737);
#5737 = DEFINITIONAL_REPRESENTATION('',(#5738),#5742);
#5738 = LINE('',#5739,#5740);
#5739 = CARTESIAN_POINT('',(-6.28318530718,49.9));
#5740 = VECTOR('',#5741,1.);
#5741 = DIRECTION('',(1.,-0.));
#5742 = ( GEOMETRIC_REPRESENTATION_CONTEXT(2) 
PARAMETRIC_REPRESENTATION_CONTEXT() REPRESENTATION_CONTEXT('2D SPACE',''
  ) );
#5743 = PCURVE('',#4399,#5744);
#5744 = DEFINITIONAL_REPRESENTATION('',(#5745),#5749);
#5745 = CIRCLE('',#5746,1.2);
#5746 = AXIS2_PLACEMENT_2D('',#5747,#5748);
#5747 = CARTESIAN_POINT('',(-6.87584500606,0.654571483429));
#5748 = DIRECTION('',(0.,-1.));
#5749 = ( GEOMETRIC_REPRESENTATION_CONTEXT(2) 
PARAMETRIC_REPRESENTATION_CONTEXT() REPRESENTATION_CONTEXT('2D SPACE',''
  ) );
#5750 = ORIENTED_EDGE('',*,*,#5751,.T.);
#5751 = EDGE_CURVE('',#5728,#5752,#5754,.T.);
#5752 = VERTEX_POINT('',#5753);
#5753 = CARTESIAN_POINT('',(49.5,-39.19909678608,0.646549947311));
#5754 = SURFACE_CURVE('',#5755,(#5761,#5770),.PCURVE_S1.);
#5755 = B_SPLINE_CURVE_WITH_KNOTS('',4,(#5756,#5757,#5758,#5759,#5760),
  .UNSPECIFIED.,.F.,.F.,(5,5),(0.,1.),.PIECEWISE_BEZIER_KNOTS.);
#5756 = CARTESIAN_POINT('',(53.7000006,-39.19909678608,0.646549947311));
#5757 = CARTESIAN_POINT('',(52.6500003,-39.19909678608,0.646549947311));
#5758 = CARTESIAN_POINT('',(51.6,-39.19909678608,0.646549947311));
#5759 = CARTESIAN_POINT('',(50.5499997,-39.19909678608,0.646549947311));
#5760 = CARTESIAN_POINT('',(49.4999994,-39.19909678608,0.646549947311));
#5761 = PCURVE('',#4199,#5762);
#5762 = DEFINITIONAL_REPRESENTATION('',(#5763),#5769);
#5763 = B_SPLINE_CURVE_WITH_KNOTS('',4,(#5764,#5765,#5766,#5767,#5768),
  .UNSPECIFIED.,.F.,.F.,(5,5),(0.,1.),.PIECEWISE_BEZIER_KNOTS.);
#5764 = CARTESIAN_POINT('',(-3.880135822771E-02,49.9000006));
#5765 = CARTESIAN_POINT('',(-3.880135822771E-02,48.8500003));
#5766 = CARTESIAN_POINT('',(-3.880135822771E-02,47.8));
#5767 = CARTESIAN_POINT('',(-3.880135822771E-02,46.7499997));
#5768 = CARTESIAN_POINT('',(-3.880135822771E-02,45.6999994));
#5769 = ( GEOMETRIC_REPRESENTATION_CONTEXT(2) 
PARAMETRIC_REPRESENTATION_CONTEXT() REPRESENTATION_CONTEXT('2D SPACE',''
  ) );
#5770 = PCURVE('',#5771,#5781);
#5771 = SURFACE_OF_LINEAR_EXTRUSION('',#5772,#5779);
#5772 = B_SPLINE_CURVE_WITH_KNOTS('',3,(#5773,#5774,#5775,#5776,#5777,
    #5778),.UNSPECIFIED.,.F.,.F.,(4,1,1,4),(0.,6.00749531835,
    11.5976652621,15.720770887717),.UNSPECIFIED.);
#5773 = CARTESIAN_POINT('',(49.5,-33.,1.));
#5774 = CARTESIAN_POINT('',(49.5,-34.94698507929,1.315581414253));
#5775 = CARTESIAN_POINT('',(49.5,-38.96927925552,1.119032273669));
#5776 = CARTESIAN_POINT('',(49.5,-43.84554618899,-1.228585092598));
#5777 = CARTESIAN_POINT('',(49.5,-45.95085919505,-3.742833970514));
#5778 = CARTESIAN_POINT('',(49.5,-46.6,-5.));
#5779 = VECTOR('',#5780,1.);
#5780 = DIRECTION('',(-1.,1.110223024625E-16,0.));
#5781 = DEFINITIONAL_REPRESENTATION('',(#5782),#5788);
#5782 = B_SPLINE_CURVE_WITH_KNOTS('',4,(#5783,#5784,#5785,#5786,#5787),
  .UNSPECIFIED.,.F.,.F.,(5,5),(0.,1.),.PIECEWISE_BEZIER_KNOTS.);
#5783 = CARTESIAN_POINT('',(6.210334242642,-4.2000006));
#5784 = CARTESIAN_POINT('',(6.210334242642,-3.1500003));
#5785 = CARTESIAN_POINT('',(6.210334242642,-2.1));
#5786 = CARTESIAN_POINT('',(6.210334242642,-1.0499997));
#5787 = CARTESIAN_POINT('',(6.210334242642,5.999999999062E-07));
#5788 = ( GEOMETRIC_REPRESENTATION_CONTEXT(2) 
PARAMETRIC_REPRESENTATION_CONTEXT() REPRESENTATION_CONTEXT('2D SPACE',''
  ) );
#5789 = ORIENTED_EDGE('',*,*,#5790,.T.);
#5790 = EDGE_CURVE('',#5752,#4300,#5791,.T.);
#5791 = SURFACE_CURVE('',#5792,(#5797,#5804),.PCURVE_S1.);
#5792 = CIRCLE('',#5793,1.2);
#5793 = AXIS2_PLACEMENT_3D('',#5794,#5795,#5796);
#5794 = CARTESIAN_POINT('',(49.5,-38.,0.6));
#5795 = DIRECTION('',(1.,0.,0.));
#5796 = DIRECTION('',(0.,-1.,-0.));
#5797 = PCURVE('',#4199,#5798);
#5798 = DEFINITIONAL_REPRESENTATION('',(#5799),#5803);
#5799 = LINE('',#5800,#5801);
#5800 = CARTESIAN_POINT('',(-6.28318530718,45.7));
#5801 = VECTOR('',#5802,1.);
#5802 = DIRECTION('',(1.,-0.));
#5803 = ( GEOMETRIC_REPRESENTATION_CONTEXT(2) 
PARAMETRIC_REPRESENTATION_CONTEXT() REPRESENTATION_CONTEXT('2D SPACE',''
  ) );
#5804 = PCURVE('',#4337,#5805);
#5805 = DEFINITIONAL_REPRESENTATION('',(#5806),#5810);
#5806 = CIRCLE('',#5807,1.2);
#5807 = AXIS2_PLACEMENT_2D('',#5808,#5809);
#5808 = CARTESIAN_POINT('',(-6.87584500606,0.654571483429));
#5809 = DIRECTION('',(0.,-1.));
#5810 = ( GEOMETRIC_REPRESENTATION_CONTEXT(2) 
PARAMETRIC_REPRESENTATION_CONTEXT() REPRESENTATION_CONTEXT('2D SPACE',''
  ) );
#5811 = ORIENTED_EDGE('',*,*,#4299,.F.);
#5812 = ORIENTED_EDGE('',*,*,#5813,.F.);
#5813 = EDGE_CURVE('',#5814,#4274,#5816,.T.);
#5814 = VERTEX_POINT('',#5815);
#5815 = CARTESIAN_POINT('',(27.5,-39.19909678608,0.646549947311));
#5816 = SURFACE_CURVE('',#5817,(#5822,#5829),.PCURVE_S1.);
#5817 = CIRCLE('',#5818,1.2);
#5818 = AXIS2_PLACEMENT_3D('',#5819,#5820,#5821);
#5819 = CARTESIAN_POINT('',(27.5,-38.,0.6));
#5820 = DIRECTION('',(1.,0.,0.));
#5821 = DIRECTION('',(0.,-1.,-0.));
#5822 = PCURVE('',#4199,#5823);
#5823 = DEFINITIONAL_REPRESENTATION('',(#5824),#5828);
#5824 = LINE('',#5825,#5826);
#5825 = CARTESIAN_POINT('',(-6.28318530718,23.7));
#5826 = VECTOR('',#5827,1.);
#5827 = DIRECTION('',(1.,-0.));
#5828 = ( GEOMETRIC_REPRESENTATION_CONTEXT(2) 
PARAMETRIC_REPRESENTATION_CONTEXT() REPRESENTATION_CONTEXT('2D SPACE',''
  ) );
#5829 = PCURVE('',#4288,#5830);
#5830 = DEFINITIONAL_REPRESENTATION('',(#5831),#5835);
#5831 = CIRCLE('',#5832,1.2);
#5832 = AXIS2_PLACEMENT_2D('',#5833,#5834);
#5833 = CARTESIAN_POINT('',(-6.87584500606,0.654571483429));
#5834 = DIRECTION('',(0.,-1.));
#5835 = ( GEOMETRIC_REPRESENTATION_CONTEXT(2) 
PARAMETRIC_REPRESENTATION_CONTEXT() REPRESENTATION_CONTEXT('2D SPACE',''
  ) );
#5836 = ORIENTED_EDGE('',*,*,#5837,.T.);
#5837 = EDGE_CURVE('',#5814,#5838,#5840,.T.);
#5838 = VERTEX_POINT('',#5839);
#5839 = CARTESIAN_POINT('',(23.3,-39.19909678608,0.646549947311));
#5840 = SURFACE_CURVE('',#5841,(#5847,#5856),.PCURVE_S1.);
#5841 = B_SPLINE_CURVE_WITH_KNOTS('',4,(#5842,#5843,#5844,#5845,#5846),
  .UNSPECIFIED.,.F.,.F.,(5,5),(0.,1.),.PIECEWISE_BEZIER_KNOTS.);
#5842 = CARTESIAN_POINT('',(27.5000006,-39.19909678608,0.646549947311));
#5843 = CARTESIAN_POINT('',(26.4500003,-39.19909678608,0.646549947311));
#5844 = CARTESIAN_POINT('',(25.4,-39.19909678608,0.646549947311));
#5845 = CARTESIAN_POINT('',(24.3499997,-39.19909678608,0.646549947311));
#5846 = CARTESIAN_POINT('',(23.2999994,-39.19909678608,0.646549947311));
#5847 = PCURVE('',#4199,#5848);
#5848 = DEFINITIONAL_REPRESENTATION('',(#5849),#5855);
#5849 = B_SPLINE_CURVE_WITH_KNOTS('',4,(#5850,#5851,#5852,#5853,#5854),
  .UNSPECIFIED.,.F.,.F.,(5,5),(0.,1.),.PIECEWISE_BEZIER_KNOTS.);
#5850 = CARTESIAN_POINT('',(-3.880135822771E-02,23.7000006));
#5851 = CARTESIAN_POINT('',(-3.880135822771E-02,22.6500003));
#5852 = CARTESIAN_POINT('',(-3.880135822771E-02,21.6));
#5853 = CARTESIAN_POINT('',(-3.880135822771E-02,20.5499997));
#5854 = CARTESIAN_POINT('',(-3.880135822771E-02,19.4999994));
#5855 = ( GEOMETRIC_REPRESENTATION_CONTEXT(2) 
PARAMETRIC_REPRESENTATION_CONTEXT() REPRESENTATION_CONTEXT('2D SPACE',''
  ) );
#5856 = PCURVE('',#5857,#5867);
#5857 = SURFACE_OF_LINEAR_EXTRUSION('',#5858,#5865);
#5858 = B_SPLINE_CURVE_WITH_KNOTS('',3,(#5859,#5860,#5861,#5862,#5863,
    #5864),.UNSPECIFIED.,.F.,.F.,(4,1,1,4),(0.,6.00749531835,
    11.5976652621,15.720770887717),.UNSPECIFIED.);
#5859 = CARTESIAN_POINT('',(23.3,-33.,1.));
#5860 = CARTESIAN_POINT('',(23.3,-34.94698507929,1.315581414253));
#5861 = CARTESIAN_POINT('',(23.3,-38.96927925552,1.119032273669));
#5862 = CARTESIAN_POINT('',(23.3,-43.84554618899,-1.228585092598));
#5863 = CARTESIAN_POINT('',(23.3,-45.95085919505,-3.742833970514));
#5864 = CARTESIAN_POINT('',(23.3,-46.6,-5.));
#5865 = VECTOR('',#5866,1.);
#5866 = DIRECTION('',(-1.,1.110223024625E-16,0.));
#5867 = DEFINITIONAL_REPRESENTATION('',(#5868),#5874);
#5868 = B_SPLINE_CURVE_WITH_KNOTS('',4,(#5869,#5870,#5871,#5872,#5873),
  .UNSPECIFIED.,.F.,.F.,(5,5),(0.,1.),.PIECEWISE_BEZIER_KNOTS.);
#5869 = CARTESIAN_POINT('',(6.210334242642,-4.2000006));
#5870 = CARTESIAN_POINT('',(6.210334242642,-3.1500003));
#5871 = CARTESIAN_POINT('',(6.210334242642,-2.1));
#5872 = CARTESIAN_POINT('',(6.210334242642,-1.0499997));
#5873 = CARTESIAN_POINT('',(6.210334242642,5.999999999062E-07));
#5874 = ( GEOMETRIC_REPRESENTATION_CONTEXT(2) 
PARAMETRIC_REPRESENTATION_CONTEXT() REPRESENTATION_CONTEXT('2D SPACE',''
  ) );
#5875 = ORIENTED_EDGE('',*,*,#5876,.T.);
#5876 = EDGE_CURVE('',#5838,#4184,#5877,.T.);
#5877 = SURFACE_CURVE('',#5878,(#5883,#5890),.PCURVE_S1.);
#5878 = CIRCLE('',#5879,1.2);
#5879 = AXIS2_PLACEMENT_3D('',#5880,#5881,#5882);
#5880 = CARTESIAN_POINT('',(23.3,-38.,0.6));
#5881 = DIRECTION('',(1.,0.,0.));
#5882 = DIRECTION('',(0.,-1.,-0.));
#5883 = PCURVE('',#4199,#5884);
#5884 = DEFINITIONAL_REPRESENTATION('',(#5885),#5889);
#5885 = LINE('',#5886,#5887);
#5886 = CARTESIAN_POINT('',(-6.28318530718,19.5));
#5887 = VECTOR('',#5888,1.);
#5888 = DIRECTION('',(1.,-0.));
#5889 = ( GEOMETRIC_REPRESENTATION_CONTEXT(2) 
PARAMETRIC_REPRESENTATION_CONTEXT() REPRESENTATION_CONTEXT('2D SPACE',''
  ) );
#5890 = PCURVE('',#4226,#5891);
#5891 = DEFINITIONAL_REPRESENTATION('',(#5892),#5896);
#5892 = CIRCLE('',#5893,1.2);
#5893 = AXIS2_PLACEMENT_2D('',#5894,#5895);
#5894 = CARTESIAN_POINT('',(-6.87584500606,0.654571483429));
#5895 = DIRECTION('',(0.,-1.));
#5896 = ( GEOMETRIC_REPRESENTATION_CONTEXT(2) 
PARAMETRIC_REPRESENTATION_CONTEXT() REPRESENTATION_CONTEXT('2D SPACE',''
  ) );
#5897 = ADVANCED_FACE('',(#5898,#5981),#4226,.F.);
#5898 = FACE_BOUND('',#5899,.F.);
#5899 = EDGE_LOOP('',(#5900,#5901,#5930,#5959,#5980));
#5900 = ORIENTED_EDGE('',*,*,#5876,.F.);
#5901 = ORIENTED_EDGE('',*,*,#5902,.T.);
#5902 = EDGE_CURVE('',#5838,#5903,#5905,.T.);
#5903 = VERTEX_POINT('',#5904);
#5904 = CARTESIAN_POINT('',(23.3,-46.6,-5.));
#5905 = SURFACE_CURVE('',#5906,(#5913,#5923),.PCURVE_S1.);
#5906 = B_SPLINE_CURVE_WITH_KNOTS('',3,(#5907,#5908,#5909,#5910,#5911,
    #5912),.UNSPECIFIED.,.F.,.F.,(4,1,1,4),(0.,6.00749531835,
    11.5976652621,15.720770887717),.UNSPECIFIED.);
#5907 = CARTESIAN_POINT('',(23.3,-33.,1.));
#5908 = CARTESIAN_POINT('',(23.3,-34.94698507929,1.315581414253));
#5909 = CARTESIAN_POINT('',(23.3,-38.96927925552,1.119032273669));
#5910 = CARTESIAN_POINT('',(23.3,-43.84554618899,-1.228585092598));
#5911 = CARTESIAN_POINT('',(23.3,-45.95085919505,-3.742833970514));
#5912 = CARTESIAN_POINT('',(23.3,-46.6,-5.));
#5913 = PCURVE('',#4226,#5914);
#5914 = DEFINITIONAL_REPRESENTATION('',(#5915),#5922);
#5915 = B_SPLINE_CURVE_WITH_KNOTS('',3,(#5916,#5917,#5918,#5919,#5920,
    #5921),.UNSPECIFIED.,.F.,.F.,(4,1,1,4),(0.,6.00749531835,
    11.5976652621,15.720770887717),.UNSPECIFIED.);
#5916 = CARTESIAN_POINT('',(-7.27584500606,5.654571483429));
#5917 = CARTESIAN_POINT('',(-7.591426420313,3.707586404131));
#5918 = CARTESIAN_POINT('',(-7.39487727973,-0.31470777209));
#5919 = CARTESIAN_POINT('',(-5.047259913463,-5.190974705562));
#5920 = CARTESIAN_POINT('',(-2.533011035547,-7.296287711622));
#5921 = CARTESIAN_POINT('',(-1.27584500606,-7.945428516571));
#5922 = ( GEOMETRIC_REPRESENTATION_CONTEXT(2) 
PARAMETRIC_REPRESENTATION_CONTEXT() REPRESENTATION_CONTEXT('2D SPACE',''
  ) );
#5923 = PCURVE('',#5857,#5924);
#5924 = DEFINITIONAL_REPRESENTATION('',(#5925),#5929);
#5925 = LINE('',#5926,#5927);
#5926 = CARTESIAN_POINT('',(0.,0.));
#5927 = VECTOR('',#5928,1.);
#5928 = DIRECTION('',(1.,0.));
#5929 = ( GEOMETRIC_REPRESENTATION_CONTEXT(2) 
PARAMETRIC_REPRESENTATION_CONTEXT() REPRESENTATION_CONTEXT('2D SPACE',''
  ) );
#5930 = ORIENTED_EDGE('',*,*,#5931,.T.);
#5931 = EDGE_CURVE('',#5903,#5932,#5934,.T.);
#5932 = VERTEX_POINT('',#5933);
#5933 = CARTESIAN_POINT('',(23.3,-45.2,-10.2));
#5934 = SURFACE_CURVE('',#5935,(#5940,#5947),.PCURVE_S1.);
#5935 = CIRCLE('',#5936,3.915849768225);
#5936 = AXIS2_PLACEMENT_3D('',#5937,#5938,#5939);
#5937 = CARTESIAN_POINT('',(23.3,-43.15454545454,-6.860839160839));
#5938 = DIRECTION('',(1.,-1.110223024625E-16,0.));
#5939 = DIRECTION('',(-9.768564151012E-17,-0.879874037409,0.475206984685
    ));
#5940 = PCURVE('',#4226,#5941);
#5941 = DEFINITIONAL_REPRESENTATION('',(#5942),#5946);
#5942 = CIRCLE('',#5943,3.915849768225);
#5943 = AXIS2_PLACEMENT_2D('',#5944,#5945);
#5944 = CARTESIAN_POINT('',(0.584994154779,-4.499973971116));
#5945 = DIRECTION('',(-0.475206984685,-0.879874037409));
#5946 = ( GEOMETRIC_REPRESENTATION_CONTEXT(2) 
PARAMETRIC_REPRESENTATION_CONTEXT() REPRESENTATION_CONTEXT('2D SPACE',''
  ) );
#5947 = PCURVE('',#5948,#5953);
#5948 = CYLINDRICAL_SURFACE('',#5949,3.915849768225);
#5949 = AXIS2_PLACEMENT_3D('',#5950,#5951,#5952);
#5950 = CARTESIAN_POINT('',(23.3,-43.15454545454,-6.860839160839));
#5951 = DIRECTION('',(-1.,1.110223024625E-16,0.));
#5952 = DIRECTION('',(-9.768564151012E-17,-0.879874037409,0.475206984685
    ));
#5953 = DEFINITIONAL_REPRESENTATION('',(#5954),#5958);
#5954 = LINE('',#5955,#5956);
#5955 = CARTESIAN_POINT('',(-0.,0.));
#5956 = VECTOR('',#5957,1.);
#5957 = DIRECTION('',(-1.,0.));
#5958 = ( GEOMETRIC_REPRESENTATION_CONTEXT(2) 
PARAMETRIC_REPRESENTATION_CONTEXT() REPRESENTATION_CONTEXT('2D SPACE',''
  ) );
#5959 = ORIENTED_EDGE('',*,*,#5960,.T.);
#5960 = EDGE_CURVE('',#5932,#4212,#5961,.T.);
#5961 = SURFACE_CURVE('',#5962,(#5966,#5973),.PCURVE_S1.);
#5962 = B_SPLINE_CURVE_WITH_KNOTS('',2,(#5963,#5964,#5965),
  .UNSPECIFIED.,.F.,.F.,(3,3),(0.,12.899612397278),
  .PIECEWISE_BEZIER_KNOTS.);
#5963 = CARTESIAN_POINT('',(23.3,-45.2,-10.2));
#5964 = CARTESIAN_POINT('',(23.3,-39.9,-14.3));
#5965 = CARTESIAN_POINT('',(23.3,-33.,-13.6));
#5966 = PCURVE('',#4226,#5967);
#5967 = DEFINITIONAL_REPRESENTATION('',(#5968),#5972);
#5968 = B_SPLINE_CURVE_WITH_KNOTS('',2,(#5969,#5970,#5971),
  .UNSPECIFIED.,.F.,.F.,(3,3),(0.,12.899612397278),
  .PIECEWISE_BEZIER_KNOTS.);
#5969 = CARTESIAN_POINT('',(3.92415499394,-6.545428516571));
#5970 = CARTESIAN_POINT('',(8.02415499394,-1.245428516571));
#5971 = CARTESIAN_POINT('',(7.32415499394,5.654571483429));
#5972 = ( GEOMETRIC_REPRESENTATION_CONTEXT(2) 
PARAMETRIC_REPRESENTATION_CONTEXT() REPRESENTATION_CONTEXT('2D SPACE',''
  ) );
#5973 = PCURVE('',#4257,#5974);
#5974 = DEFINITIONAL_REPRESENTATION('',(#5975),#5979);
#5975 = LINE('',#5976,#5977);
#5976 = CARTESIAN_POINT('',(0.,0.));
#5977 = VECTOR('',#5978,1.);
#5978 = DIRECTION('',(1.,0.));
#5979 = ( GEOMETRIC_REPRESENTATION_CONTEXT(2) 
PARAMETRIC_REPRESENTATION_CONTEXT() REPRESENTATION_CONTEXT('2D SPACE',''
  ) );
#5980 = ORIENTED_EDGE('',*,*,#4211,.F.);
#5981 = FACE_BOUND('',#5982,.F.);
#5982 = EDGE_LOOP('',(#5983));
#5983 = ORIENTED_EDGE('',*,*,#5984,.T.);
#5984 = EDGE_CURVE('',#5985,#5985,#5987,.T.);
#5985 = VERTEX_POINT('',#5986);
#5986 = CARTESIAN_POINT('',(23.3,-42.3,-6.2));
#5987 = SURFACE_CURVE('',#5988,(#5993,#6004),.PCURVE_S1.);
#5988 = CIRCLE('',#5989,0.9);
#5989 = AXIS2_PLACEMENT_3D('',#5990,#5991,#5992);
#5990 = CARTESIAN_POINT('',(23.3,-43.2,-6.2));
#5991 = DIRECTION('',(-1.,1.110223024625E-16,0.));
#5992 = DIRECTION('',(1.110223024625E-16,1.,0.));
#5993 = PCURVE('',#4226,#5994);
#5994 = DEFINITIONAL_REPRESENTATION('',(#5995),#6003);
#5995 = ( BOUNDED_CURVE() B_SPLINE_CURVE(2,(#5996,#5997,#5998,#5999,
#6000,#6001,#6002),.UNSPECIFIED.,.T.,.F.) B_SPLINE_CURVE_WITH_KNOTS((1,2
    ,2,2,2,1),(-2.094395102393,0.,2.094395102393,4.188790204786,
6.28318530718,8.377580409573),.UNSPECIFIED.) CURVE() 
GEOMETRIC_REPRESENTATION_ITEM() RATIONAL_B_SPLINE_CURVE((1.,0.5,1.,0.5,
1.,0.5,1.)) REPRESENTATION_ITEM('') );
#5996 = CARTESIAN_POINT('',(-7.58450060604E-02,-3.645428516571));
#5997 = CARTESIAN_POINT('',(1.483000720752,-3.645428516571));
#5998 = CARTESIAN_POINT('',(0.703577857346,-4.995428516571));
#5999 = CARTESIAN_POINT('',(-7.58450060604E-02,-6.345428516571));
#6000 = CARTESIAN_POINT('',(-0.855267869466,-4.995428516571));
#6001 = CARTESIAN_POINT('',(-1.634690732872,-3.645428516571));
#6002 = CARTESIAN_POINT('',(-7.58450060604E-02,-3.645428516571));
#6003 = ( GEOMETRIC_REPRESENTATION_CONTEXT(2) 
PARAMETRIC_REPRESENTATION_CONTEXT() REPRESENTATION_CONTEXT('2D SPACE',''
  ) );
#6004 = PCURVE('',#6005,#6010);
#6005 = CYLINDRICAL_SURFACE('',#6006,0.9);
#6006 = AXIS2_PLACEMENT_3D('',#6007,#6008,#6009);
#6007 = CARTESIAN_POINT('',(21.2,-43.2,-6.2));
#6008 = DIRECTION('',(-1.,1.110223024625E-16,0.));
#6009 = DIRECTION('',(1.110223024625E-16,1.,0.));
#6010 = DEFINITIONAL_REPRESENTATION('',(#6011),#6015);
#6011 = LINE('',#6012,#6013);
#6012 = CARTESIAN_POINT('',(-6.28318530718,-2.1));
#6013 = VECTOR('',#6014,1.);
#6014 = DIRECTION('',(1.,-0.));
#6015 = ( GEOMETRIC_REPRESENTATION_CONTEXT(2) 
PARAMETRIC_REPRESENTATION_CONTEXT() REPRESENTATION_CONTEXT('2D SPACE',''
  ) );
#6016 = ADVANCED_FACE('',(#6017,#6100),#4399,.T.);
#6017 = FACE_BOUND('',#6018,.T.);
#6018 = EDGE_LOOP('',(#6019,#6020,#6049,#6078,#6099));
#6019 = ORIENTED_EDGE('',*,*,#5727,.F.);
#6020 = ORIENTED_EDGE('',*,*,#6021,.T.);
#6021 = EDGE_CURVE('',#5728,#6022,#6024,.T.);
#6022 = VERTEX_POINT('',#6023);
#6023 = CARTESIAN_POINT('',(53.7,-46.6,-5.));
#6024 = SURFACE_CURVE('',#6025,(#6032,#6042),.PCURVE_S1.);
#6025 = B_SPLINE_CURVE_WITH_KNOTS('',3,(#6026,#6027,#6028,#6029,#6030,
    #6031),.UNSPECIFIED.,.F.,.F.,(4,1,1,4),(0.,6.00749531835,
    11.5976652621,15.720770887717),.UNSPECIFIED.);
#6026 = CARTESIAN_POINT('',(53.7,-33.,1.));
#6027 = CARTESIAN_POINT('',(53.7,-34.94698507929,1.315581414253));
#6028 = CARTESIAN_POINT('',(53.7,-38.96927925552,1.119032273669));
#6029 = CARTESIAN_POINT('',(53.7,-43.84554618899,-1.228585092598));
#6030 = CARTESIAN_POINT('',(53.7,-45.95085919505,-3.742833970514));
#6031 = CARTESIAN_POINT('',(53.7,-46.6,-5.));
#6032 = PCURVE('',#4399,#6033);
#6033 = DEFINITIONAL_REPRESENTATION('',(#6034),#6041);
#6034 = B_SPLINE_CURVE_WITH_KNOTS('',3,(#6035,#6036,#6037,#6038,#6039,
    #6040),.UNSPECIFIED.,.F.,.F.,(4,1,1,4),(0.,6.00749531835,
    11.5976652621,15.720770887717),.UNSPECIFIED.);
#6035 = CARTESIAN_POINT('',(-7.27584500606,5.654571483429));
#6036 = CARTESIAN_POINT('',(-7.591426420313,3.707586404131));
#6037 = CARTESIAN_POINT('',(-7.39487727973,-0.31470777209));
#6038 = CARTESIAN_POINT('',(-5.047259913463,-5.190974705562));
#6039 = CARTESIAN_POINT('',(-2.533011035547,-7.296287711622));
#6040 = CARTESIAN_POINT('',(-1.27584500606,-7.945428516571));
#6041 = ( GEOMETRIC_REPRESENTATION_CONTEXT(2) 
PARAMETRIC_REPRESENTATION_CONTEXT() REPRESENTATION_CONTEXT('2D SPACE',''
  ) );
#6042 = PCURVE('',#5771,#6043);
#6043 = DEFINITIONAL_REPRESENTATION('',(#6044),#6048);
#6044 = LINE('',#6045,#6046);
#6045 = CARTESIAN_POINT('',(0.,-4.2));
#6046 = VECTOR('',#6047,1.);
#6047 = DIRECTION('',(1.,0.));
#6048 = ( GEOMETRIC_REPRESENTATION_CONTEXT(2) 
PARAMETRIC_REPRESENTATION_CONTEXT() REPRESENTATION_CONTEXT('2D SPACE',''
  ) );
#6049 = ORIENTED_EDGE('',*,*,#6050,.T.);
#6050 = EDGE_CURVE('',#6022,#6051,#6053,.T.);
#6051 = VERTEX_POINT('',#6052);
#6052 = CARTESIAN_POINT('',(53.7,-45.2,-10.2));
#6053 = SURFACE_CURVE('',#6054,(#6059,#6066),.PCURVE_S1.);
#6054 = CIRCLE('',#6055,3.915849768225);
#6055 = AXIS2_PLACEMENT_3D('',#6056,#6057,#6058);
#6056 = CARTESIAN_POINT('',(53.7,-43.15454545454,-6.860839160839));
#6057 = DIRECTION('',(1.,-1.110223024625E-16,0.));
#6058 = DIRECTION('',(-9.768564151012E-17,-0.879874037409,0.475206984685
    ));
#6059 = PCURVE('',#4399,#6060);
#6060 = DEFINITIONAL_REPRESENTATION('',(#6061),#6065);
#6061 = CIRCLE('',#6062,3.915849768225);
#6062 = AXIS2_PLACEMENT_2D('',#6063,#6064);
#6063 = CARTESIAN_POINT('',(0.584994154779,-4.499973971116));
#6064 = DIRECTION('',(-0.475206984685,-0.879874037409));
#6065 = ( GEOMETRIC_REPRESENTATION_CONTEXT(2) 
PARAMETRIC_REPRESENTATION_CONTEXT() REPRESENTATION_CONTEXT('2D SPACE',''
  ) );
#6066 = PCURVE('',#6067,#6072);
#6067 = CYLINDRICAL_SURFACE('',#6068,3.915849768225);
#6068 = AXIS2_PLACEMENT_3D('',#6069,#6070,#6071);
#6069 = CARTESIAN_POINT('',(49.5,-43.15454545454,-6.860839160839));
#6070 = DIRECTION('',(-1.,1.110223024625E-16,0.));
#6071 = DIRECTION('',(-9.768564151012E-17,-0.879874037409,0.475206984685
    ));
#6072 = DEFINITIONAL_REPRESENTATION('',(#6073),#6077);
#6073 = LINE('',#6074,#6075);
#6074 = CARTESIAN_POINT('',(-0.,-4.2));
#6075 = VECTOR('',#6076,1.);
#6076 = DIRECTION('',(-1.,0.));
#6077 = ( GEOMETRIC_REPRESENTATION_CONTEXT(2) 
PARAMETRIC_REPRESENTATION_CONTEXT() REPRESENTATION_CONTEXT('2D SPACE',''
  ) );
#6078 = ORIENTED_EDGE('',*,*,#6079,.T.);
#6079 = EDGE_CURVE('',#6051,#4349,#6080,.T.);
#6080 = SURFACE_CURVE('',#6081,(#6085,#6092),.PCURVE_S1.);
#6081 = B_SPLINE_CURVE_WITH_KNOTS('',2,(#6082,#6083,#6084),
  .UNSPECIFIED.,.F.,.F.,(3,3),(0.,12.899612397278),
  .PIECEWISE_BEZIER_KNOTS.);
#6082 = CARTESIAN_POINT('',(53.7,-45.2,-10.2));
#6083 = CARTESIAN_POINT('',(53.7,-39.9,-14.3));
#6084 = CARTESIAN_POINT('',(53.7,-33.,-13.6));
#6085 = PCURVE('',#4399,#6086);
#6086 = DEFINITIONAL_REPRESENTATION('',(#6087),#6091);
#6087 = B_SPLINE_CURVE_WITH_KNOTS('',2,(#6088,#6089,#6090),
  .UNSPECIFIED.,.F.,.F.,(3,3),(0.,12.899612397278),
  .PIECEWISE_BEZIER_KNOTS.);
#6088 = CARTESIAN_POINT('',(3.92415499394,-6.545428516571));
#6089 = CARTESIAN_POINT('',(8.02415499394,-1.245428516571));
#6090 = CARTESIAN_POINT('',(7.32415499394,5.654571483429));
#6091 = ( GEOMETRIC_REPRESENTATION_CONTEXT(2) 
PARAMETRIC_REPRESENTATION_CONTEXT() REPRESENTATION_CONTEXT('2D SPACE',''
  ) );
#6092 = PCURVE('',#4368,#6093);
#6093 = DEFINITIONAL_REPRESENTATION('',(#6094),#6098);
#6094 = LINE('',#6095,#6096);
#6095 = CARTESIAN_POINT('',(0.,-4.2));
#6096 = VECTOR('',#6097,1.);
#6097 = DIRECTION('',(1.,0.));
#6098 = ( GEOMETRIC_REPRESENTATION_CONTEXT(2) 
PARAMETRIC_REPRESENTATION_CONTEXT() REPRESENTATION_CONTEXT('2D SPACE',''
  ) );
#6099 = ORIENTED_EDGE('',*,*,#4384,.F.);
#6100 = FACE_BOUND('',#6101,.T.);
#6101 = EDGE_LOOP('',(#6102));
#6102 = ORIENTED_EDGE('',*,*,#6103,.T.);
#6103 = EDGE_CURVE('',#6104,#6104,#6106,.T.);
#6104 = VERTEX_POINT('',#6105);
#6105 = CARTESIAN_POINT('',(53.7,-42.3,-6.2));
#6106 = SURFACE_CURVE('',#6107,(#6112,#6123),.PCURVE_S1.);
#6107 = CIRCLE('',#6108,0.9);
#6108 = AXIS2_PLACEMENT_3D('',#6109,#6110,#6111);
#6109 = CARTESIAN_POINT('',(53.7,-43.2,-6.2));
#6110 = DIRECTION('',(-1.,1.110223024625E-16,0.));
#6111 = DIRECTION('',(1.110223024625E-16,1.,0.));
#6112 = PCURVE('',#4399,#6113);
#6113 = DEFINITIONAL_REPRESENTATION('',(#6114),#6122);
#6114 = ( BOUNDED_CURVE() B_SPLINE_CURVE(2,(#6115,#6116,#6117,#6118,
#6119,#6120,#6121),.UNSPECIFIED.,.T.,.F.) B_SPLINE_CURVE_WITH_KNOTS((1,2
    ,2,2,2,1),(-2.094395102393,0.,2.094395102393,4.188790204786,
6.28318530718,8.377580409573),.UNSPECIFIED.) CURVE() 
GEOMETRIC_REPRESENTATION_ITEM() RATIONAL_B_SPLINE_CURVE((1.,0.5,1.,0.5,
1.,0.5,1.)) REPRESENTATION_ITEM('') );
#6115 = CARTESIAN_POINT('',(-7.58450060604E-02,-3.645428516571));
#6116 = CARTESIAN_POINT('',(1.483000720752,-3.645428516571));
#6117 = CARTESIAN_POINT('',(0.703577857346,-4.995428516571));
#6118 = CARTESIAN_POINT('',(-7.58450060604E-02,-6.345428516571));
#6119 = CARTESIAN_POINT('',(-0.855267869466,-4.995428516571));
#6120 = CARTESIAN_POINT('',(-1.634690732872,-3.645428516571));
#6121 = CARTESIAN_POINT('',(-7.58450060604E-02,-3.645428516571));
#6122 = ( GEOMETRIC_REPRESENTATION_CONTEXT(2) 
PARAMETRIC_REPRESENTATION_CONTEXT() REPRESENTATION_CONTEXT('2D SPACE',''
  ) );
#6123 = PCURVE('',#6124,#6129);
#6124 = CYLINDRICAL_SURFACE('',#6125,0.9);
#6125 = AXIS2_PLACEMENT_3D('',#6126,#6127,#6128);
#6126 = CARTESIAN_POINT('',(47.4,-43.2,-6.2));
#6127 = DIRECTION('',(-1.,1.110223024625E-16,0.));
#6128 = DIRECTION('',(1.110223024625E-16,1.,0.));
#6129 = DEFINITIONAL_REPRESENTATION('',(#6130),#6134);
#6130 = LINE('',#6131,#6132);
#6131 = CARTESIAN_POINT('',(-6.28318530718,-6.3));
#6132 = VECTOR('',#6133,1.);
#6133 = DIRECTION('',(1.,-0.));
#6134 = ( GEOMETRIC_REPRESENTATION_CONTEXT(2) 
PARAMETRIC_REPRESENTATION_CONTEXT() REPRESENTATION_CONTEXT('2D SPACE',''
  ) );
#6135 = ADVANCED_FACE('',(#6136),#4257,.F.);
#6136 = FACE_BOUND('',#6137,.F.);
#6137 = EDGE_LOOP('',(#6138,#6139,#6162,#6183));
#6138 = ORIENTED_EDGE('',*,*,#5960,.F.);
#6139 = ORIENTED_EDGE('',*,*,#6140,.T.);
#6140 = EDGE_CURVE('',#5932,#6141,#6143,.T.);
#6141 = VERTEX_POINT('',#6142);
#6142 = CARTESIAN_POINT('',(27.5,-45.2,-10.2));
#6143 = SURFACE_CURVE('',#6144,(#6148,#6155),.PCURVE_S1.);
#6144 = LINE('',#6145,#6146);
#6145 = CARTESIAN_POINT('',(23.3,-45.2,-10.2));
#6146 = VECTOR('',#6147,1.);
#6147 = DIRECTION('',(1.,-1.110223024625E-16,0.));
#6148 = PCURVE('',#4257,#6149);
#6149 = DEFINITIONAL_REPRESENTATION('',(#6150),#6154);
#6150 = LINE('',#6151,#6152);
#6151 = CARTESIAN_POINT('',(0.,0.));
#6152 = VECTOR('',#6153,1.);
#6153 = DIRECTION('',(0.,-1.));
#6154 = ( GEOMETRIC_REPRESENTATION_CONTEXT(2) 
PARAMETRIC_REPRESENTATION_CONTEXT() REPRESENTATION_CONTEXT('2D SPACE',''
  ) );
#6155 = PCURVE('',#5948,#6156);
#6156 = DEFINITIONAL_REPRESENTATION('',(#6157),#6161);
#6157 = LINE('',#6158,#6159);
#6158 = CARTESIAN_POINT('',(-1.516387984,0.));
#6159 = VECTOR('',#6160,1.);
#6160 = DIRECTION('',(-0.,-1.));
#6161 = ( GEOMETRIC_REPRESENTATION_CONTEXT(2) 
PARAMETRIC_REPRESENTATION_CONTEXT() REPRESENTATION_CONTEXT('2D SPACE',''
  ) );
#6162 = ORIENTED_EDGE('',*,*,#6163,.T.);
#6163 = EDGE_CURVE('',#6141,#4238,#6164,.T.);
#6164 = SURFACE_CURVE('',#6165,(#6169,#6176),.PCURVE_S1.);
#6165 = B_SPLINE_CURVE_WITH_KNOTS('',2,(#6166,#6167,#6168),
  .UNSPECIFIED.,.F.,.F.,(3,3),(0.,12.899612397278),
  .PIECEWISE_BEZIER_KNOTS.);
#6166 = CARTESIAN_POINT('',(27.5,-45.2,-10.2));
#6167 = CARTESIAN_POINT('',(27.5,-39.9,-14.3));
#6168 = CARTESIAN_POINT('',(27.5,-33.,-13.6));
#6169 = PCURVE('',#4257,#6170);
#6170 = DEFINITIONAL_REPRESENTATION('',(#6171),#6175);
#6171 = LINE('',#6172,#6173);
#6172 = CARTESIAN_POINT('',(0.,-4.2));
#6173 = VECTOR('',#6174,1.);
#6174 = DIRECTION('',(1.,0.));
#6175 = ( GEOMETRIC_REPRESENTATION_CONTEXT(2) 
PARAMETRIC_REPRESENTATION_CONTEXT() REPRESENTATION_CONTEXT('2D SPACE',''
  ) );
#6176 = PCURVE('',#4288,#6177);
#6177 = DEFINITIONAL_REPRESENTATION('',(#6178),#6182);
#6178 = B_SPLINE_CURVE_WITH_KNOTS('',2,(#6179,#6180,#6181),
  .UNSPECIFIED.,.F.,.F.,(3,3),(0.,12.899612397278),
  .PIECEWISE_BEZIER_KNOTS.);
#6179 = CARTESIAN_POINT('',(3.92415499394,-6.545428516571));
#6180 = CARTESIAN_POINT('',(8.02415499394,-1.245428516571));
#6181 = CARTESIAN_POINT('',(7.32415499394,5.654571483429));
#6182 = ( GEOMETRIC_REPRESENTATION_CONTEXT(2) 
PARAMETRIC_REPRESENTATION_CONTEXT() REPRESENTATION_CONTEXT('2D SPACE',''
  ) );
#6183 = ORIENTED_EDGE('',*,*,#4237,.T.);
#6184 = ADVANCED_FACE('',(#6185),#4368,.F.);
#6185 = FACE_BOUND('',#6186,.F.);
#6186 = EDGE_LOOP('',(#6187,#6210,#6231,#6232));
#6187 = ORIENTED_EDGE('',*,*,#6188,.F.);
#6188 = EDGE_CURVE('',#6189,#4323,#6191,.T.);
#6189 = VERTEX_POINT('',#6190);
#6190 = CARTESIAN_POINT('',(49.5,-45.2,-10.2));
#6191 = SURFACE_CURVE('',#6192,(#6196,#6203),.PCURVE_S1.);
#6192 = B_SPLINE_CURVE_WITH_KNOTS('',2,(#6193,#6194,#6195),
  .UNSPECIFIED.,.F.,.F.,(3,3),(0.,12.899612397278),
  .PIECEWISE_BEZIER_KNOTS.);
#6193 = CARTESIAN_POINT('',(49.5,-45.2,-10.2));
#6194 = CARTESIAN_POINT('',(49.5,-39.9,-14.3));
#6195 = CARTESIAN_POINT('',(49.5,-33.,-13.6));
#6196 = PCURVE('',#4368,#6197);
#6197 = DEFINITIONAL_REPRESENTATION('',(#6198),#6202);
#6198 = LINE('',#6199,#6200);
#6199 = CARTESIAN_POINT('',(0.,0.));
#6200 = VECTOR('',#6201,1.);
#6201 = DIRECTION('',(1.,0.));
#6202 = ( GEOMETRIC_REPRESENTATION_CONTEXT(2) 
PARAMETRIC_REPRESENTATION_CONTEXT() REPRESENTATION_CONTEXT('2D SPACE',''
  ) );
#6203 = PCURVE('',#4337,#6204);
#6204 = DEFINITIONAL_REPRESENTATION('',(#6205),#6209);
#6205 = B_SPLINE_CURVE_WITH_KNOTS('',2,(#6206,#6207,#6208),
  .UNSPECIFIED.,.F.,.F.,(3,3),(0.,12.899612397278),
  .PIECEWISE_BEZIER_KNOTS.);
#6206 = CARTESIAN_POINT('',(3.92415499394,-6.545428516571));
#6207 = CARTESIAN_POINT('',(8.02415499394,-1.245428516571));
#6208 = CARTESIAN_POINT('',(7.32415499394,5.654571483429));
#6209 = ( GEOMETRIC_REPRESENTATION_CONTEXT(2) 
PARAMETRIC_REPRESENTATION_CONTEXT() REPRESENTATION_CONTEXT('2D SPACE',''
  ) );
#6210 = ORIENTED_EDGE('',*,*,#6211,.T.);
#6211 = EDGE_CURVE('',#6189,#6051,#6212,.T.);
#6212 = SURFACE_CURVE('',#6213,(#6217,#6224),.PCURVE_S1.);
#6213 = LINE('',#6214,#6215);
#6214 = CARTESIAN_POINT('',(49.5,-45.2,-10.2));
#6215 = VECTOR('',#6216,1.);
#6216 = DIRECTION('',(1.,-1.110223024625E-16,0.));
#6217 = PCURVE('',#4368,#6218);
#6218 = DEFINITIONAL_REPRESENTATION('',(#6219),#6223);
#6219 = LINE('',#6220,#6221);
#6220 = CARTESIAN_POINT('',(0.,0.));
#6221 = VECTOR('',#6222,1.);
#6222 = DIRECTION('',(0.,-1.));
#6223 = ( GEOMETRIC_REPRESENTATION_CONTEXT(2) 
PARAMETRIC_REPRESENTATION_CONTEXT() REPRESENTATION_CONTEXT('2D SPACE',''
  ) );
#6224 = PCURVE('',#6067,#6225);
#6225 = DEFINITIONAL_REPRESENTATION('',(#6226),#6230);
#6226 = LINE('',#6227,#6228);
#6227 = CARTESIAN_POINT('',(-1.516387984,0.));
#6228 = VECTOR('',#6229,1.);
#6229 = DIRECTION('',(-0.,-1.));
#6230 = ( GEOMETRIC_REPRESENTATION_CONTEXT(2) 
PARAMETRIC_REPRESENTATION_CONTEXT() REPRESENTATION_CONTEXT('2D SPACE',''
  ) );
#6231 = ORIENTED_EDGE('',*,*,#6079,.T.);
#6232 = ORIENTED_EDGE('',*,*,#4348,.T.);
#6233 = ADVANCED_FACE('',(#6234,#6290),#4288,.T.);
#6234 = FACE_BOUND('',#6235,.T.);
#6235 = EDGE_LOOP('',(#6236,#6237,#6266,#6288,#6289));
#6236 = ORIENTED_EDGE('',*,*,#5813,.F.);
#6237 = ORIENTED_EDGE('',*,*,#6238,.T.);
#6238 = EDGE_CURVE('',#5814,#6239,#6241,.T.);
#6239 = VERTEX_POINT('',#6240);
#6240 = CARTESIAN_POINT('',(27.5,-46.6,-5.));
#6241 = SURFACE_CURVE('',#6242,(#6249,#6259),.PCURVE_S1.);
#6242 = B_SPLINE_CURVE_WITH_KNOTS('',3,(#6243,#6244,#6245,#6246,#6247,
    #6248),.UNSPECIFIED.,.F.,.F.,(4,1,1,4),(0.,6.00749531835,
    11.5976652621,15.720770887717),.UNSPECIFIED.);
#6243 = CARTESIAN_POINT('',(27.5,-33.,1.));
#6244 = CARTESIAN_POINT('',(27.5,-34.94698507929,1.315581414253));
#6245 = CARTESIAN_POINT('',(27.5,-38.96927925552,1.119032273669));
#6246 = CARTESIAN_POINT('',(27.5,-43.84554618899,-1.228585092598));
#6247 = CARTESIAN_POINT('',(27.5,-45.95085919505,-3.742833970514));
#6248 = CARTESIAN_POINT('',(27.5,-46.6,-5.));
#6249 = PCURVE('',#4288,#6250);
#6250 = DEFINITIONAL_REPRESENTATION('',(#6251),#6258);
#6251 = B_SPLINE_CURVE_WITH_KNOTS('',3,(#6252,#6253,#6254,#6255,#6256,
    #6257),.UNSPECIFIED.,.F.,.F.,(4,1,1,4),(0.,6.00749531835,
    11.5976652621,15.720770887717),.UNSPECIFIED.);
#6252 = CARTESIAN_POINT('',(-7.27584500606,5.654571483429));
#6253 = CARTESIAN_POINT('',(-7.591426420313,3.707586404131));
#6254 = CARTESIAN_POINT('',(-7.39487727973,-0.31470777209));
#6255 = CARTESIAN_POINT('',(-5.047259913463,-5.190974705562));
#6256 = CARTESIAN_POINT('',(-2.533011035547,-7.296287711622));
#6257 = CARTESIAN_POINT('',(-1.27584500606,-7.945428516571));
#6258 = ( GEOMETRIC_REPRESENTATION_CONTEXT(2) 
PARAMETRIC_REPRESENTATION_CONTEXT() REPRESENTATION_CONTEXT('2D SPACE',''
  ) );
#6259 = PCURVE('',#5857,#6260);
#6260 = DEFINITIONAL_REPRESENTATION('',(#6261),#6265);
#6261 = LINE('',#6262,#6263);
#6262 = CARTESIAN_POINT('',(0.,-4.2));
#6263 = VECTOR('',#6264,1.);
#6264 = DIRECTION('',(1.,0.));
#6265 = ( GEOMETRIC_REPRESENTATION_CONTEXT(2) 
PARAMETRIC_REPRESENTATION_CONTEXT() REPRESENTATION_CONTEXT('2D SPACE',''
  ) );
#6266 = ORIENTED_EDGE('',*,*,#6267,.T.);
#6267 = EDGE_CURVE('',#6239,#6141,#6268,.T.);
#6268 = SURFACE_CURVE('',#6269,(#6274,#6281),.PCURVE_S1.);
#6269 = CIRCLE('',#6270,3.915849768225);
#6270 = AXIS2_PLACEMENT_3D('',#6271,#6272,#6273);
#6271 = CARTESIAN_POINT('',(27.5,-43.15454545454,-6.860839160839));
#6272 = DIRECTION('',(1.,-1.110223024625E-16,0.));
#6273 = DIRECTION('',(-9.768564151012E-17,-0.879874037409,0.475206984685
    ));
#6274 = PCURVE('',#4288,#6275);
#6275 = DEFINITIONAL_REPRESENTATION('',(#6276),#6280);
#6276 = CIRCLE('',#6277,3.915849768225);
#6277 = AXIS2_PLACEMENT_2D('',#6278,#6279);
#6278 = CARTESIAN_POINT('',(0.584994154779,-4.499973971116));
#6279 = DIRECTION('',(-0.475206984685,-0.879874037409));
#6280 = ( GEOMETRIC_REPRESENTATION_CONTEXT(2) 
PARAMETRIC_REPRESENTATION_CONTEXT() REPRESENTATION_CONTEXT('2D SPACE',''
  ) );
#6281 = PCURVE('',#5948,#6282);
#6282 = DEFINITIONAL_REPRESENTATION('',(#6283),#6287);
#6283 = LINE('',#6284,#6285);
#6284 = CARTESIAN_POINT('',(-0.,-4.2));
#6285 = VECTOR('',#6286,1.);
#6286 = DIRECTION('',(-1.,0.));
#6287 = ( GEOMETRIC_REPRESENTATION_CONTEXT(2) 
PARAMETRIC_REPRESENTATION_CONTEXT() REPRESENTATION_CONTEXT('2D SPACE',''
  ) );
#6288 = ORIENTED_EDGE('',*,*,#6163,.T.);
#6289 = ORIENTED_EDGE('',*,*,#4273,.F.);
#6290 = FACE_BOUND('',#6291,.T.);
#6291 = EDGE_LOOP('',(#6292));
#6292 = ORIENTED_EDGE('',*,*,#6293,.T.);
#6293 = EDGE_CURVE('',#6294,#6294,#6296,.T.);
#6294 = VERTEX_POINT('',#6295);
#6295 = CARTESIAN_POINT('',(27.5,-42.3,-6.2));
#6296 = SURFACE_CURVE('',#6297,(#6302,#6313),.PCURVE_S1.);
#6297 = CIRCLE('',#6298,0.9);
#6298 = AXIS2_PLACEMENT_3D('',#6299,#6300,#6301);
#6299 = CARTESIAN_POINT('',(27.5,-43.2,-6.2));
#6300 = DIRECTION('',(-1.,1.110223024625E-16,0.));
#6301 = DIRECTION('',(1.110223024625E-16,1.,0.));
#6302 = PCURVE('',#4288,#6303);
#6303 = DEFINITIONAL_REPRESENTATION('',(#6304),#6312);
#6304 = ( BOUNDED_CURVE() B_SPLINE_CURVE(2,(#6305,#6306,#6307,#6308,
#6309,#6310,#6311),.UNSPECIFIED.,.T.,.F.) B_SPLINE_CURVE_WITH_KNOTS((1,2
    ,2,2,2,1),(-2.094395102393,0.,2.094395102393,4.188790204786,
6.28318530718,8.377580409573),.UNSPECIFIED.) CURVE() 
GEOMETRIC_REPRESENTATION_ITEM() RATIONAL_B_SPLINE_CURVE((1.,0.5,1.,0.5,
1.,0.5,1.)) REPRESENTATION_ITEM('') );
#6305 = CARTESIAN_POINT('',(-7.58450060604E-02,-3.645428516571));
#6306 = CARTESIAN_POINT('',(1.483000720752,-3.645428516571));
#6307 = CARTESIAN_POINT('',(0.703577857346,-4.995428516571));
#6308 = CARTESIAN_POINT('',(-7.58450060604E-02,-6.345428516571));
#6309 = CARTESIAN_POINT('',(-0.855267869466,-4.995428516571));
#6310 = CARTESIAN_POINT('',(-1.634690732872,-3.645428516571));
#6311 = CARTESIAN_POINT('',(-7.58450060604E-02,-3.645428516571));
#6312 = ( GEOMETRIC_REPRESENTATION_CONTEXT(2) 
PARAMETRIC_REPRESENTATION_CONTEXT() REPRESENTATION_CONTEXT('2D SPACE',''
  ) );
#6313 = PCURVE('',#6005,#6314);
#6314 = DEFINITIONAL_REPRESENTATION('',(#6315),#6319);
#6315 = LINE('',#6316,#6317);
#6316 = CARTESIAN_POINT('',(-6.28318530718,-6.3));
#6317 = VECTOR('',#6318,1.);
#6318 = DIRECTION('',(1.,-0.));
#6319 = ( GEOMETRIC_REPRESENTATION_CONTEXT(2) 
PARAMETRIC_REPRESENTATION_CONTEXT() REPRESENTATION_CONTEXT('2D SPACE',''
  ) );
#6320 = ADVANCED_FACE('',(#6321,#6377),#4337,.F.);
#6321 = FACE_BOUND('',#6322,.F.);
#6322 = EDGE_LOOP('',(#6323,#6324,#6353,#6375,#6376));
#6323 = ORIENTED_EDGE('',*,*,#5790,.F.);
#6324 = ORIENTED_EDGE('',*,*,#6325,.T.);
#6325 = EDGE_CURVE('',#5752,#6326,#6328,.T.);
#6326 = VERTEX_POINT('',#6327);
#6327 = CARTESIAN_POINT('',(49.5,-46.6,-5.));
#6328 = SURFACE_CURVE('',#6329,(#6336,#6346),.PCURVE_S1.);
#6329 = B_SPLINE_CURVE_WITH_KNOTS('',3,(#6330,#6331,#6332,#6333,#6334,
    #6335),.UNSPECIFIED.,.F.,.F.,(4,1,1,4),(0.,6.00749531835,
    11.5976652621,15.720770887717),.UNSPECIFIED.);
#6330 = CARTESIAN_POINT('',(49.5,-33.,1.));
#6331 = CARTESIAN_POINT('',(49.5,-34.94698507929,1.315581414253));
#6332 = CARTESIAN_POINT('',(49.5,-38.96927925552,1.119032273669));
#6333 = CARTESIAN_POINT('',(49.5,-43.84554618899,-1.228585092598));
#6334 = CARTESIAN_POINT('',(49.5,-45.95085919505,-3.742833970514));
#6335 = CARTESIAN_POINT('',(49.5,-46.6,-5.));
#6336 = PCURVE('',#4337,#6337);
#6337 = DEFINITIONAL_REPRESENTATION('',(#6338),#6345);
#6338 = B_SPLINE_CURVE_WITH_KNOTS('',3,(#6339,#6340,#6341,#6342,#6343,
    #6344),.UNSPECIFIED.,.F.,.F.,(4,1,1,4),(0.,6.00749531835,
    11.5976652621,15.720770887717),.UNSPECIFIED.);
#6339 = CARTESIAN_POINT('',(-7.27584500606,5.654571483429));
#6340 = CARTESIAN_POINT('',(-7.591426420313,3.707586404131));
#6341 = CARTESIAN_POINT('',(-7.39487727973,-0.31470777209));
#6342 = CARTESIAN_POINT('',(-5.047259913463,-5.190974705562));
#6343 = CARTESIAN_POINT('',(-2.533011035547,-7.296287711622));
#6344 = CARTESIAN_POINT('',(-1.27584500606,-7.945428516571));
#6345 = ( GEOMETRIC_REPRESENTATION_CONTEXT(2) 
PARAMETRIC_REPRESENTATION_CONTEXT() REPRESENTATION_CONTEXT('2D SPACE',''
  ) );
#6346 = PCURVE('',#5771,#6347);
#6347 = DEFINITIONAL_REPRESENTATION('',(#6348),#6352);
#6348 = LINE('',#6349,#6350);
#6349 = CARTESIAN_POINT('',(0.,0.));
#6350 = VECTOR('',#6351,1.);
#6351 = DIRECTION('',(1.,0.));
#6352 = ( GEOMETRIC_REPRESENTATION_CONTEXT(2) 
PARAMETRIC_REPRESENTATION_CONTEXT() REPRESENTATION_CONTEXT('2D SPACE',''
  ) );
#6353 = ORIENTED_EDGE('',*,*,#6354,.T.);
#6354 = EDGE_CURVE('',#6326,#6189,#6355,.T.);
#6355 = SURFACE_CURVE('',#6356,(#6361,#6368),.PCURVE_S1.);
#6356 = CIRCLE('',#6357,3.915849768225);
#6357 = AXIS2_PLACEMENT_3D('',#6358,#6359,#6360);
#6358 = CARTESIAN_POINT('',(49.5,-43.15454545454,-6.860839160839));
#6359 = DIRECTION('',(1.,-1.110223024625E-16,0.));
#6360 = DIRECTION('',(-9.768564151012E-17,-0.879874037409,0.475206984685
    ));
#6361 = PCURVE('',#4337,#6362);
#6362 = DEFINITIONAL_REPRESENTATION('',(#6363),#6367);
#6363 = CIRCLE('',#6364,3.915849768225);
#6364 = AXIS2_PLACEMENT_2D('',#6365,#6366);
#6365 = CARTESIAN_POINT('',(0.584994154779,-4.499973971116));
#6366 = DIRECTION('',(-0.475206984685,-0.879874037409));
#6367 = ( GEOMETRIC_REPRESENTATION_CONTEXT(2) 
PARAMETRIC_REPRESENTATION_CONTEXT() REPRESENTATION_CONTEXT('2D SPACE',''
  ) );
#6368 = PCURVE('',#6067,#6369);
#6369 = DEFINITIONAL_REPRESENTATION('',(#6370),#6374);
#6370 = LINE('',#6371,#6372);
#6371 = CARTESIAN_POINT('',(-0.,0.));
#6372 = VECTOR('',#6373,1.);
#6373 = DIRECTION('',(-1.,0.));
#6374 = ( GEOMETRIC_REPRESENTATION_CONTEXT(2) 
PARAMETRIC_REPRESENTATION_CONTEXT() REPRESENTATION_CONTEXT('2D SPACE',''
  ) );
#6375 = ORIENTED_EDGE('',*,*,#6188,.T.);
#6376 = ORIENTED_EDGE('',*,*,#4322,.F.);
#6377 = FACE_BOUND('',#6378,.F.);
#6378 = EDGE_LOOP('',(#6379));
#6379 = ORIENTED_EDGE('',*,*,#6380,.T.);
#6380 = EDGE_CURVE('',#6381,#6381,#6383,.T.);
#6381 = VERTEX_POINT('',#6382);
#6382 = CARTESIAN_POINT('',(49.5,-42.3,-6.2));
#6383 = SURFACE_CURVE('',#6384,(#6389,#6400),.PCURVE_S1.);
#6384 = CIRCLE('',#6385,0.9);
#6385 = AXIS2_PLACEMENT_3D('',#6386,#6387,#6388);
#6386 = CARTESIAN_POINT('',(49.5,-43.2,-6.2));
#6387 = DIRECTION('',(-1.,1.110223024625E-16,0.));
#6388 = DIRECTION('',(1.110223024625E-16,1.,0.));
#6389 = PCURVE('',#4337,#6390);
#6390 = DEFINITIONAL_REPRESENTATION('',(#6391),#6399);
#6391 = ( BOUNDED_CURVE() B_SPLINE_CURVE(2,(#6392,#6393,#6394,#6395,
#6396,#6397,#6398),.UNSPECIFIED.,.T.,.F.) B_SPLINE_CURVE_WITH_KNOTS((1,2
    ,2,2,2,1),(-2.094395102393,0.,2.094395102393,4.188790204786,
6.28318530718,8.377580409573),.UNSPECIFIED.) CURVE() 
GEOMETRIC_REPRESENTATION_ITEM() RATIONAL_B_SPLINE_CURVE((1.,0.5,1.,0.5,
1.,0.5,1.)) REPRESENTATION_ITEM('') );
#6392 = CARTESIAN_POINT('',(-7.58450060604E-02,-3.645428516571));
#6393 = CARTESIAN_POINT('',(1.483000720752,-3.645428516571));
#6394 = CARTESIAN_POINT('',(0.703577857346,-4.995428516571));
#6395 = CARTESIAN_POINT('',(-7.58450060604E-02,-6.345428516571));
#6396 = CARTESIAN_POINT('',(-0.855267869466,-4.995428516571));
#6397 = CARTESIAN_POINT('',(-1.634690732872,-3.645428516571));
#6398 = CARTESIAN_POINT('',(-7.58450060604E-02,-3.645428516571));
#6399 = ( GEOMETRIC_REPRESENTATION_CONTEXT(2) 
PARAMETRIC_REPRESENTATION_CONTEXT() REPRESENTATION_CONTEXT('2D SPACE',''
  ) );
#6400 = PCURVE('',#6124,#6401);
#6401 = DEFINITIONAL_REPRESENTATION('',(#6402),#6406);
#6402 = LINE('',#6403,#6404);
#6403 = CARTESIAN_POINT('',(-6.28318530718,-2.1));
#6404 = VECTOR('',#6405,1.);
#6405 = DIRECTION('',(1.,-0.));
#6406 = ( GEOMETRIC_REPRESENTATION_CONTEXT(2) 
PARAMETRIC_REPRESENTATION_CONTEXT() REPRESENTATION_CONTEXT('2D SPACE',''
  ) );
#6407 = ADVANCED_FACE('',(#6408,#6514),#4480,.T.);
#6408 = FACE_BOUND('',#6409,.T.);
#6409 = EDGE_LOOP('',(#6410,#6438,#6464,#6490));
#6410 = ORIENTED_EDGE('',*,*,#6411,.F.);
#6411 = EDGE_CURVE('',#6412,#6414,#6416,.T.);
#6412 = VERTEX_POINT('',#6413);
#6413 = CARTESIAN_POINT('',(68.1,-36.1,1.8));
#6414 = VERTEX_POINT('',#6415);
#6415 = CARTESIAN_POINT('',(5.9,-36.1,1.8));
#6416 = SURFACE_CURVE('',#6417,(#6421,#6427),.PCURVE_S1.);
#6417 = LINE('',#6418,#6419);
#6418 = CARTESIAN_POINT('',(22.2,-36.1,1.8));
#6419 = VECTOR('',#6420,1.);
#6420 = DIRECTION('',(-1.,0.,0.));
#6421 = PCURVE('',#4480,#6422);
#6422 = DEFINITIONAL_REPRESENTATION('',(#6423),#6426);
#6423 = B_SPLINE_CURVE_WITH_KNOTS('',1,(#6424,#6425),.UNSPECIFIED.,.F.,
  .F.,(2,2),(-45.9,16.3),.PIECEWISE_BEZIER_KNOTS.);
#6424 = CARTESIAN_POINT('',(29.6,-18.6));
#6425 = CARTESIAN_POINT('',(-32.6,-18.6));
#6426 = ( GEOMETRIC_REPRESENTATION_CONTEXT(2) 
PARAMETRIC_REPRESENTATION_CONTEXT() REPRESENTATION_CONTEXT('2D SPACE',''
  ) );
#6427 = PCURVE('',#6428,#6433);
#6428 = PLANE('',#6429);
#6429 = AXIS2_PLACEMENT_3D('',#6430,#6431,#6432);
#6430 = CARTESIAN_POINT('',(5.9,-36.1,1.3));
#6431 = DIRECTION('',(0.,1.,0.));
#6432 = DIRECTION('',(0.,0.,1.));
#6433 = DEFINITIONAL_REPRESENTATION('',(#6434),#6437);
#6434 = B_SPLINE_CURVE_WITH_KNOTS('',1,(#6435,#6436),.UNSPECIFIED.,.F.,
  .F.,(2,2),(-45.9,16.3),.PIECEWISE_BEZIER_KNOTS.);
#6435 = CARTESIAN_POINT('',(0.5,62.2));
#6436 = CARTESIAN_POINT('',(0.5,0.));
#6437 = ( GEOMETRIC_REPRESENTATION_CONTEXT(2) 
PARAMETRIC_REPRESENTATION_CONTEXT() REPRESENTATION_CONTEXT('2D SPACE',''
  ) );
#6438 = ORIENTED_EDGE('',*,*,#6439,.T.);
#6439 = EDGE_CURVE('',#6412,#6440,#6442,.T.);
#6440 = VERTEX_POINT('',#6441);
#6441 = CARTESIAN_POINT('',(68.1,-0.9,1.8));
#6442 = SURFACE_CURVE('',#6443,(#6447,#6453),.PCURVE_S1.);
#6443 = LINE('',#6444,#6445);
#6444 = CARTESIAN_POINT('',(68.1,-26.8,1.8));
#6445 = VECTOR('',#6446,1.);
#6446 = DIRECTION('',(0.,1.,0.));
#6447 = PCURVE('',#4480,#6448);
#6448 = DEFINITIONAL_REPRESENTATION('',(#6449),#6452);
#6449 = B_SPLINE_CURVE_WITH_KNOTS('',1,(#6450,#6451),.UNSPECIFIED.,.F.,
  .F.,(2,2),(-9.3,25.9),.PIECEWISE_BEZIER_KNOTS.);
#6450 = CARTESIAN_POINT('',(29.6,-18.6));
#6451 = CARTESIAN_POINT('',(29.6,16.6));
#6452 = ( GEOMETRIC_REPRESENTATION_CONTEXT(2) 
PARAMETRIC_REPRESENTATION_CONTEXT() REPRESENTATION_CONTEXT('2D SPACE',''
  ) );
#6453 = PCURVE('',#6454,#6459);
#6454 = PLANE('',#6455);
#6455 = AXIS2_PLACEMENT_3D('',#6456,#6457,#6458);
#6456 = CARTESIAN_POINT('',(68.1,-36.1,1.3));
#6457 = DIRECTION('',(1.,0.,0.));
#6458 = DIRECTION('',(0.,0.,1.));
#6459 = DEFINITIONAL_REPRESENTATION('',(#6460),#6463);
#6460 = B_SPLINE_CURVE_WITH_KNOTS('',1,(#6461,#6462),.UNSPECIFIED.,.F.,
  .F.,(2,2),(-9.3,25.9),.PIECEWISE_BEZIER_KNOTS.);
#6461 = CARTESIAN_POINT('',(0.5,0.));
#6462 = CARTESIAN_POINT('',(0.5,-35.2));
#6463 = ( GEOMETRIC_REPRESENTATION_CONTEXT(2) 
PARAMETRIC_REPRESENTATION_CONTEXT() REPRESENTATION_CONTEXT('2D SPACE',''
  ) );
#6464 = ORIENTED_EDGE('',*,*,#6465,.T.);
#6465 = EDGE_CURVE('',#6440,#6466,#6468,.T.);
#6466 = VERTEX_POINT('',#6467);
#6467 = CARTESIAN_POINT('',(5.9,-0.9,1.8));
#6468 = SURFACE_CURVE('',#6469,(#6473,#6479),.PCURVE_S1.);
#6469 = LINE('',#6470,#6471);
#6470 = CARTESIAN_POINT('',(22.2,-0.9,1.8));
#6471 = VECTOR('',#6472,1.);
#6472 = DIRECTION('',(-1.,0.,0.));
#6473 = PCURVE('',#4480,#6474);
#6474 = DEFINITIONAL_REPRESENTATION('',(#6475),#6478);
#6475 = B_SPLINE_CURVE_WITH_KNOTS('',1,(#6476,#6477),.UNSPECIFIED.,.F.,
  .F.,(2,2),(-45.9,16.3),.PIECEWISE_BEZIER_KNOTS.);
#6476 = CARTESIAN_POINT('',(29.6,16.6));
#6477 = CARTESIAN_POINT('',(-32.6,16.6));
#6478 = ( GEOMETRIC_REPRESENTATION_CONTEXT(2) 
PARAMETRIC_REPRESENTATION_CONTEXT() REPRESENTATION_CONTEXT('2D SPACE',''
  ) );
#6479 = PCURVE('',#6480,#6485);
#6480 = PLANE('',#6481);
#6481 = AXIS2_PLACEMENT_3D('',#6482,#6483,#6484);
#6482 = CARTESIAN_POINT('',(5.9,-0.9,1.3));
#6483 = DIRECTION('',(0.,1.,0.));
#6484 = DIRECTION('',(0.,0.,1.));
#6485 = DEFINITIONAL_REPRESENTATION('',(#6486),#6489);
#6486 = B_SPLINE_CURVE_WITH_KNOTS('',1,(#6487,#6488),.UNSPECIFIED.,.F.,
  .F.,(2,2),(-45.9,16.3),.PIECEWISE_BEZIER_KNOTS.);
#6487 = CARTESIAN_POINT('',(0.5,62.2));
#6488 = CARTESIAN_POINT('',(0.5,0.));
#6489 = ( GEOMETRIC_REPRESENTATION_CONTEXT(2) 
PARAMETRIC_REPRESENTATION_CONTEXT() REPRESENTATION_CONTEXT('2D SPACE',''
  ) );
#6490 = ORIENTED_EDGE('',*,*,#6491,.F.);
#6491 = EDGE_CURVE('',#6414,#6466,#6492,.T.);
#6492 = SURFACE_CURVE('',#6493,(#6497,#6503),.PCURVE_S1.);
#6493 = LINE('',#6494,#6495);
#6494 = CARTESIAN_POINT('',(5.9,-26.8,1.8));
#6495 = VECTOR('',#6496,1.);
#6496 = DIRECTION('',(0.,1.,0.));
#6497 = PCURVE('',#4480,#6498);
#6498 = DEFINITIONAL_REPRESENTATION('',(#6499),#6502);
#6499 = B_SPLINE_CURVE_WITH_KNOTS('',1,(#6500,#6501),.UNSPECIFIED.,.F.,
  .F.,(2,2),(-9.3,25.9),.PIECEWISE_BEZIER_KNOTS.);
#6500 = CARTESIAN_POINT('',(-32.6,-18.6));
#6501 = CARTESIAN_POINT('',(-32.6,16.6));
#6502 = ( GEOMETRIC_REPRESENTATION_CONTEXT(2) 
PARAMETRIC_REPRESENTATION_CONTEXT() REPRESENTATION_CONTEXT('2D SPACE',''
  ) );
#6503 = PCURVE('',#6504,#6509);
#6504 = PLANE('',#6505);
#6505 = AXIS2_PLACEMENT_3D('',#6506,#6507,#6508);
#6506 = CARTESIAN_POINT('',(5.9,-36.1,1.3));
#6507 = DIRECTION('',(1.,0.,0.));
#6508 = DIRECTION('',(0.,0.,1.));
#6509 = DEFINITIONAL_REPRESENTATION('',(#6510),#6513);
#6510 = B_SPLINE_CURVE_WITH_KNOTS('',1,(#6511,#6512),.UNSPECIFIED.,.F.,
  .F.,(2,2),(-9.3,25.9),.PIECEWISE_BEZIER_KNOTS.);
#6511 = CARTESIAN_POINT('',(0.5,0.));
#6512 = CARTESIAN_POINT('',(0.5,-35.2));
#6513 = ( GEOMETRIC_REPRESENTATION_CONTEXT(2) 
PARAMETRIC_REPRESENTATION_CONTEXT() REPRESENTATION_CONTEXT('2D SPACE',''
  ) );
#6514 = FACE_BOUND('',#6515,.T.);
#6515 = EDGE_LOOP('',(#6516,#6517,#6518,#6519));
#6516 = ORIENTED_EDGE('',*,*,#4464,.F.);
#6517 = ORIENTED_EDGE('',*,*,#4613,.F.);
#6518 = ORIENTED_EDGE('',*,*,#4586,.F.);
#6519 = ORIENTED_EDGE('',*,*,#4538,.F.);
#6520 = ADVANCED_FACE('',(#6521,#6531),#4698,.T.);
#6521 = FACE_BOUND('',#6522,.T.);
#6522 = EDGE_LOOP('',(#6523,#6524,#6525,#6526,#6527,#6528,#6529,#6530));
#6523 = ORIENTED_EDGE('',*,*,#5704,.T.);
#6524 = ORIENTED_EDGE('',*,*,#5677,.T.);
#6525 = ORIENTED_EDGE('',*,*,#5627,.T.);
#6526 = ORIENTED_EDGE('',*,*,#5580,.T.);
#6527 = ORIENTED_EDGE('',*,*,#4833,.T.);
#6528 = ORIENTED_EDGE('',*,*,#4785,.T.);
#6529 = ORIENTED_EDGE('',*,*,#4735,.T.);
#6530 = ORIENTED_EDGE('',*,*,#4683,.T.);
#6531 = FACE_BOUND('',#6532,.T.);
#6532 = EDGE_LOOP('',(#6533,#6561,#6587,#6613));
#6533 = ORIENTED_EDGE('',*,*,#6534,.T.);
#6534 = EDGE_CURVE('',#6535,#6537,#6539,.T.);
#6535 = VERTEX_POINT('',#6536);
#6536 = CARTESIAN_POINT('',(68.7,-36.7,1.8));
#6537 = VERTEX_POINT('',#6538);
#6538 = CARTESIAN_POINT('',(5.3,-36.7,1.8));
#6539 = SURFACE_CURVE('',#6540,(#6544,#6550),.PCURVE_S1.);
#6540 = LINE('',#6541,#6542);
#6541 = CARTESIAN_POINT('',(21.9,-36.7,1.8));
#6542 = VECTOR('',#6543,1.);
#6543 = DIRECTION('',(-1.,0.,0.));
#6544 = PCURVE('',#4698,#6545);
#6545 = DEFINITIONAL_REPRESENTATION('',(#6546),#6549);
#6546 = B_SPLINE_CURVE_WITH_KNOTS('',1,(#6547,#6548),.UNSPECIFIED.,.F.,
  .F.,(2,2),(-46.8,16.6),.PIECEWISE_BEZIER_KNOTS.);
#6547 = CARTESIAN_POINT('',(30.2,-19.2));
#6548 = CARTESIAN_POINT('',(-33.2,-19.2));
#6549 = ( GEOMETRIC_REPRESENTATION_CONTEXT(2) 
PARAMETRIC_REPRESENTATION_CONTEXT() REPRESENTATION_CONTEXT('2D SPACE',''
  ) );
#6550 = PCURVE('',#6551,#6556);
#6551 = PLANE('',#6552);
#6552 = AXIS2_PLACEMENT_3D('',#6553,#6554,#6555);
#6553 = CARTESIAN_POINT('',(5.3,-36.7,1.4));
#6554 = DIRECTION('',(0.,1.,0.));
#6555 = DIRECTION('',(0.,0.,1.));
#6556 = DEFINITIONAL_REPRESENTATION('',(#6557),#6560);
#6557 = B_SPLINE_CURVE_WITH_KNOTS('',1,(#6558,#6559),.UNSPECIFIED.,.F.,
  .F.,(2,2),(-46.8,16.6),.PIECEWISE_BEZIER_KNOTS.);
#6558 = CARTESIAN_POINT('',(0.4,63.4));
#6559 = CARTESIAN_POINT('',(0.4,0.));
#6560 = ( GEOMETRIC_REPRESENTATION_CONTEXT(2) 
PARAMETRIC_REPRESENTATION_CONTEXT() REPRESENTATION_CONTEXT('2D SPACE',''
  ) );
#6561 = ORIENTED_EDGE('',*,*,#6562,.T.);
#6562 = EDGE_CURVE('',#6537,#6563,#6565,.T.);
#6563 = VERTEX_POINT('',#6564);
#6564 = CARTESIAN_POINT('',(5.3,-0.3,1.8));
#6565 = SURFACE_CURVE('',#6566,(#6570,#6576),.PCURVE_S1.);
#6566 = LINE('',#6567,#6568);
#6567 = CARTESIAN_POINT('',(5.3,-27.1,1.8));
#6568 = VECTOR('',#6569,1.);
#6569 = DIRECTION('',(0.,1.,0.));
#6570 = PCURVE('',#4698,#6571);
#6571 = DEFINITIONAL_REPRESENTATION('',(#6572),#6575);
#6572 = B_SPLINE_CURVE_WITH_KNOTS('',1,(#6573,#6574),.UNSPECIFIED.,.F.,
  .F.,(2,2),(-9.6,26.8),.PIECEWISE_BEZIER_KNOTS.);
#6573 = CARTESIAN_POINT('',(-33.2,-19.2));
#6574 = CARTESIAN_POINT('',(-33.2,17.2));
#6575 = ( GEOMETRIC_REPRESENTATION_CONTEXT(2) 
PARAMETRIC_REPRESENTATION_CONTEXT() REPRESENTATION_CONTEXT('2D SPACE',''
  ) );
#6576 = PCURVE('',#6577,#6582);
#6577 = PLANE('',#6578);
#6578 = AXIS2_PLACEMENT_3D('',#6579,#6580,#6581);
#6579 = CARTESIAN_POINT('',(5.3,-36.7,1.4));
#6580 = DIRECTION('',(1.,0.,0.));
#6581 = DIRECTION('',(0.,0.,1.));
#6582 = DEFINITIONAL_REPRESENTATION('',(#6583),#6586);
#6583 = B_SPLINE_CURVE_WITH_KNOTS('',1,(#6584,#6585),.UNSPECIFIED.,.F.,
  .F.,(2,2),(-9.6,26.8),.PIECEWISE_BEZIER_KNOTS.);
#6584 = CARTESIAN_POINT('',(0.4,0.));
#6585 = CARTESIAN_POINT('',(0.4,-36.4));
#6586 = ( GEOMETRIC_REPRESENTATION_CONTEXT(2) 
PARAMETRIC_REPRESENTATION_CONTEXT() REPRESENTATION_CONTEXT('2D SPACE',''
  ) );
#6587 = ORIENTED_EDGE('',*,*,#6588,.F.);
#6588 = EDGE_CURVE('',#6589,#6563,#6591,.T.);
#6589 = VERTEX_POINT('',#6590);
#6590 = CARTESIAN_POINT('',(68.7,-0.3,1.8));
#6591 = SURFACE_CURVE('',#6592,(#6596,#6602),.PCURVE_S1.);
#6592 = LINE('',#6593,#6594);
#6593 = CARTESIAN_POINT('',(21.9,-0.3,1.8));
#6594 = VECTOR('',#6595,1.);
#6595 = DIRECTION('',(-1.,0.,0.));
#6596 = PCURVE('',#4698,#6597);
#6597 = DEFINITIONAL_REPRESENTATION('',(#6598),#6601);
#6598 = B_SPLINE_CURVE_WITH_KNOTS('',1,(#6599,#6600),.UNSPECIFIED.,.F.,
  .F.,(2,2),(-46.8,16.6),.PIECEWISE_BEZIER_KNOTS.);
#6599 = CARTESIAN_POINT('',(30.2,17.2));
#6600 = CARTESIAN_POINT('',(-33.2,17.2));
#6601 = ( GEOMETRIC_REPRESENTATION_CONTEXT(2) 
PARAMETRIC_REPRESENTATION_CONTEXT() REPRESENTATION_CONTEXT('2D SPACE',''
  ) );
#6602 = PCURVE('',#6603,#6608);
#6603 = PLANE('',#6604);
#6604 = AXIS2_PLACEMENT_3D('',#6605,#6606,#6607);
#6605 = CARTESIAN_POINT('',(5.3,-0.3,1.4));
#6606 = DIRECTION('',(0.,1.,0.));
#6607 = DIRECTION('',(0.,0.,1.));
#6608 = DEFINITIONAL_REPRESENTATION('',(#6609),#6612);
#6609 = B_SPLINE_CURVE_WITH_KNOTS('',1,(#6610,#6611),.UNSPECIFIED.,.F.,
  .F.,(2,2),(-46.8,16.6),.PIECEWISE_BEZIER_KNOTS.);
#6610 = CARTESIAN_POINT('',(0.4,63.4));
#6611 = CARTESIAN_POINT('',(0.4,0.));
#6612 = ( GEOMETRIC_REPRESENTATION_CONTEXT(2) 
PARAMETRIC_REPRESENTATION_CONTEXT() REPRESENTATION_CONTEXT('2D SPACE',''
  ) );
#6613 = ORIENTED_EDGE('',*,*,#6614,.F.);
#6614 = EDGE_CURVE('',#6535,#6589,#6615,.T.);
#6615 = SURFACE_CURVE('',#6616,(#6620,#6626),.PCURVE_S1.);
#6616 = LINE('',#6617,#6618);
#6617 = CARTESIAN_POINT('',(68.7,-27.1,1.8));
#6618 = VECTOR('',#6619,1.);
#6619 = DIRECTION('',(0.,1.,0.));
#6620 = PCURVE('',#4698,#6621);
#6621 = DEFINITIONAL_REPRESENTATION('',(#6622),#6625);
#6622 = B_SPLINE_CURVE_WITH_KNOTS('',1,(#6623,#6624),.UNSPECIFIED.,.F.,
  .F.,(2,2),(-9.6,26.8),.PIECEWISE_BEZIER_KNOTS.);
#6623 = CARTESIAN_POINT('',(30.2,-19.2));
#6624 = CARTESIAN_POINT('',(30.2,17.2));
#6625 = ( GEOMETRIC_REPRESENTATION_CONTEXT(2) 
PARAMETRIC_REPRESENTATION_CONTEXT() REPRESENTATION_CONTEXT('2D SPACE',''
  ) );
#6626 = PCURVE('',#6627,#6632);
#6627 = PLANE('',#6628);
#6628 = AXIS2_PLACEMENT_3D('',#6629,#6630,#6631);
#6629 = CARTESIAN_POINT('',(68.7,-36.7,1.4));
#6630 = DIRECTION('',(1.,0.,0.));
#6631 = DIRECTION('',(0.,0.,1.));
#6632 = DEFINITIONAL_REPRESENTATION('',(#6633),#6636);
#6633 = B_SPLINE_CURVE_WITH_KNOTS('',1,(#6634,#6635),.UNSPECIFIED.,.F.,
  .F.,(2,2),(-9.6,26.8),.PIECEWISE_BEZIER_KNOTS.);
#6634 = CARTESIAN_POINT('',(0.4,0.));
#6635 = CARTESIAN_POINT('',(0.4,-36.4));
#6636 = ( GEOMETRIC_REPRESENTATION_CONTEXT(2) 
PARAMETRIC_REPRESENTATION_CONTEXT() REPRESENTATION_CONTEXT('2D SPACE',''
  ) );
#6637 = ADVANCED_FACE('',(#6638),#4998,.T.);
#6638 = FACE_BOUND('',#6639,.T.);
#6639 = EDGE_LOOP('',(#6640,#6641,#6642,#6643));
#6640 = ORIENTED_EDGE('',*,*,#5302,.F.);
#6641 = ORIENTED_EDGE('',*,*,#4978,.F.);
#6642 = ORIENTED_EDGE('',*,*,#5470,.T.);
#6643 = ORIENTED_EDGE('',*,*,#6644,.F.);
#6644 = EDGE_CURVE('',#5303,#5471,#6645,.T.);
#6645 = SURFACE_CURVE('',#6646,(#6650,#6657),.PCURVE_S1.);
#6646 = LINE('',#6647,#6648);
#6647 = CARTESIAN_POINT('',(49.5,11.6,-5.));
#6648 = VECTOR('',#6649,1.);
#6649 = DIRECTION('',(1.,1.110223024625E-16,-0.));
#6650 = PCURVE('',#4998,#6651);
#6651 = DEFINITIONAL_REPRESENTATION('',(#6652),#6656);
#6652 = LINE('',#6653,#6654);
#6653 = CARTESIAN_POINT('',(15.720770887717,0.));
#6654 = VECTOR('',#6655,1.);
#6655 = DIRECTION('',(0.,-1.));
#6656 = ( GEOMETRIC_REPRESENTATION_CONTEXT(2) 
PARAMETRIC_REPRESENTATION_CONTEXT() REPRESENTATION_CONTEXT('2D SPACE',''
  ) );
#6657 = PCURVE('',#5352,#6658);
#6658 = DEFINITIONAL_REPRESENTATION('',(#6659),#6663);
#6659 = LINE('',#6660,#6661);
#6660 = CARTESIAN_POINT('',(0.,0.));
#6661 = VECTOR('',#6662,1.);
#6662 = DIRECTION('',(0.,-1.));
#6663 = ( GEOMETRIC_REPRESENTATION_CONTEXT(2) 
PARAMETRIC_REPRESENTATION_CONTEXT() REPRESENTATION_CONTEXT('2D SPACE',''
  ) );
#6664 = ADVANCED_FACE('',(#6665),#4904,.T.);
#6665 = FACE_BOUND('',#6666,.T.);
#6666 = EDGE_LOOP('',(#6667,#6668,#6669,#6670));
#6667 = ORIENTED_EDGE('',*,*,#5047,.F.);
#6668 = ORIENTED_EDGE('',*,*,#4884,.F.);
#6669 = ORIENTED_EDGE('',*,*,#5215,.T.);
#6670 = ORIENTED_EDGE('',*,*,#6671,.F.);
#6671 = EDGE_CURVE('',#5048,#5216,#6672,.T.);
#6672 = SURFACE_CURVE('',#6673,(#6677,#6684),.PCURVE_S1.);
#6673 = LINE('',#6674,#6675);
#6674 = CARTESIAN_POINT('',(23.3,11.6,-5.));
#6675 = VECTOR('',#6676,1.);
#6676 = DIRECTION('',(1.,1.110223024625E-16,-0.));
#6677 = PCURVE('',#4904,#6678);
#6678 = DEFINITIONAL_REPRESENTATION('',(#6679),#6683);
#6679 = LINE('',#6680,#6681);
#6680 = CARTESIAN_POINT('',(15.720770887717,0.));
#6681 = VECTOR('',#6682,1.);
#6682 = DIRECTION('',(0.,-1.));
#6683 = ( GEOMETRIC_REPRESENTATION_CONTEXT(2) 
PARAMETRIC_REPRESENTATION_CONTEXT() REPRESENTATION_CONTEXT('2D SPACE',''
  ) );
#6684 = PCURVE('',#5097,#6685);
#6685 = DEFINITIONAL_REPRESENTATION('',(#6686),#6690);
#6686 = LINE('',#6687,#6688);
#6687 = CARTESIAN_POINT('',(0.,0.));
#6688 = VECTOR('',#6689,1.);
#6689 = DIRECTION('',(0.,-1.));
#6690 = ( GEOMETRIC_REPRESENTATION_CONTEXT(2) 
PARAMETRIC_REPRESENTATION_CONTEXT() REPRESENTATION_CONTEXT('2D SPACE',''
  ) );
#6691 = ADVANCED_FACE('',(#6692),#5097,.T.);
#6692 = FACE_BOUND('',#6693,.T.);
#6693 = EDGE_LOOP('',(#6694,#6695,#6696,#6697));
#6694 = ORIENTED_EDGE('',*,*,#6671,.T.);
#6695 = ORIENTED_EDGE('',*,*,#5244,.T.);
#6696 = ORIENTED_EDGE('',*,*,#5166,.F.);
#6697 = ORIENTED_EDGE('',*,*,#5076,.F.);
#6698 = ADVANCED_FACE('',(#6699),#5150,.F.);
#6699 = FACE_BOUND('',#6700,.F.);
#6700 = EDGE_LOOP('',(#6701,#6702,#6723,#6724));
#6701 = ORIENTED_EDGE('',*,*,#5133,.T.);
#6702 = ORIENTED_EDGE('',*,*,#6703,.T.);
#6703 = EDGE_CURVE('',#5134,#5275,#6704,.T.);
#6704 = SEAM_CURVE('',#6705,(#6709,#6716),.PCURVE_S1.);
#6705 = LINE('',#6706,#6707);
#6706 = CARTESIAN_POINT('',(21.2,7.3,-6.2));
#6707 = VECTOR('',#6708,1.);
#6708 = DIRECTION('',(1.,1.110223024625E-16,-0.));
#6709 = PCURVE('',#5150,#6710);
#6710 = DEFINITIONAL_REPRESENTATION('',(#6711),#6715);
#6711 = LINE('',#6712,#6713);
#6712 = CARTESIAN_POINT('',(6.28318530718,0.));
#6713 = VECTOR('',#6714,1.);
#6714 = DIRECTION('',(0.,-1.));
#6715 = ( GEOMETRIC_REPRESENTATION_CONTEXT(2) 
PARAMETRIC_REPRESENTATION_CONTEXT() REPRESENTATION_CONTEXT('2D SPACE',''
  ) );
#6716 = PCURVE('',#5150,#6717);
#6717 = DEFINITIONAL_REPRESENTATION('',(#6718),#6722);
#6718 = LINE('',#6719,#6720);
#6719 = CARTESIAN_POINT('',(0.,0.));
#6720 = VECTOR('',#6721,1.);
#6721 = DIRECTION('',(0.,-1.));
#6722 = ( GEOMETRIC_REPRESENTATION_CONTEXT(2) 
PARAMETRIC_REPRESENTATION_CONTEXT() REPRESENTATION_CONTEXT('2D SPACE',''
  ) );
#6723 = ORIENTED_EDGE('',*,*,#5274,.F.);
#6724 = ORIENTED_EDGE('',*,*,#6703,.F.);
#6725 = ADVANCED_FACE('',(#6726),#5352,.T.);
#6726 = FACE_BOUND('',#6727,.T.);
#6727 = EDGE_LOOP('',(#6728,#6729,#6730,#6731));
#6728 = ORIENTED_EDGE('',*,*,#6644,.T.);
#6729 = ORIENTED_EDGE('',*,*,#5499,.T.);
#6730 = ORIENTED_EDGE('',*,*,#5421,.F.);
#6731 = ORIENTED_EDGE('',*,*,#5331,.F.);
#6732 = ADVANCED_FACE('',(#6733),#5405,.F.);
#6733 = FACE_BOUND('',#6734,.F.);
#6734 = EDGE_LOOP('',(#6735,#6736,#6757,#6758));
#6735 = ORIENTED_EDGE('',*,*,#5388,.T.);
#6736 = ORIENTED_EDGE('',*,*,#6737,.T.);
#6737 = EDGE_CURVE('',#5389,#5530,#6738,.T.);
#6738 = SEAM_CURVE('',#6739,(#6743,#6750),.PCURVE_S1.);
#6739 = LINE('',#6740,#6741);
#6740 = CARTESIAN_POINT('',(47.4,7.3,-6.2));
#6741 = VECTOR('',#6742,1.);
#6742 = DIRECTION('',(1.,1.110223024625E-16,-0.));
#6743 = PCURVE('',#5405,#6744);
#6744 = DEFINITIONAL_REPRESENTATION('',(#6745),#6749);
#6745 = LINE('',#6746,#6747);
#6746 = CARTESIAN_POINT('',(6.28318530718,0.));
#6747 = VECTOR('',#6748,1.);
#6748 = DIRECTION('',(0.,-1.));
#6749 = ( GEOMETRIC_REPRESENTATION_CONTEXT(2) 
PARAMETRIC_REPRESENTATION_CONTEXT() REPRESENTATION_CONTEXT('2D SPACE',''
  ) );
#6750 = PCURVE('',#5405,#6751);
#6751 = DEFINITIONAL_REPRESENTATION('',(#6752),#6756);
#6752 = LINE('',#6753,#6754);
#6753 = CARTESIAN_POINT('',(0.,0.));
#6754 = VECTOR('',#6755,1.);
#6755 = DIRECTION('',(0.,-1.));
#6756 = ( GEOMETRIC_REPRESENTATION_CONTEXT(2) 
PARAMETRIC_REPRESENTATION_CONTEXT() REPRESENTATION_CONTEXT('2D SPACE',''
  ) );
#6757 = ORIENTED_EDGE('',*,*,#5529,.F.);
#6758 = ORIENTED_EDGE('',*,*,#6737,.F.);
#6759 = ADVANCED_FACE('',(#6760),#5857,.F.);
#6760 = FACE_BOUND('',#6761,.F.);
#6761 = EDGE_LOOP('',(#6762,#6763,#6764,#6765));
#6762 = ORIENTED_EDGE('',*,*,#5902,.F.);
#6763 = ORIENTED_EDGE('',*,*,#5837,.F.);
#6764 = ORIENTED_EDGE('',*,*,#6238,.T.);
#6765 = ORIENTED_EDGE('',*,*,#6766,.F.);
#6766 = EDGE_CURVE('',#5903,#6239,#6767,.T.);
#6767 = SURFACE_CURVE('',#6768,(#6772,#6779),.PCURVE_S1.);
#6768 = LINE('',#6769,#6770);
#6769 = CARTESIAN_POINT('',(23.3,-46.6,-5.));
#6770 = VECTOR('',#6771,1.);
#6771 = DIRECTION('',(1.,-1.110223024625E-16,0.));
#6772 = PCURVE('',#5857,#6773);
#6773 = DEFINITIONAL_REPRESENTATION('',(#6774),#6778);
#6774 = LINE('',#6775,#6776);
#6775 = CARTESIAN_POINT('',(15.720770887717,0.));
#6776 = VECTOR('',#6777,1.);
#6777 = DIRECTION('',(0.,-1.));
#6778 = ( GEOMETRIC_REPRESENTATION_CONTEXT(2) 
PARAMETRIC_REPRESENTATION_CONTEXT() REPRESENTATION_CONTEXT('2D SPACE',''
  ) );
#6779 = PCURVE('',#5948,#6780);
#6780 = DEFINITIONAL_REPRESENTATION('',(#6781),#6785);
#6781 = LINE('',#6782,#6783);
#6782 = CARTESIAN_POINT('',(-0.,0.));
#6783 = VECTOR('',#6784,1.);
#6784 = DIRECTION('',(-0.,-1.));
#6785 = ( GEOMETRIC_REPRESENTATION_CONTEXT(2) 
PARAMETRIC_REPRESENTATION_CONTEXT() REPRESENTATION_CONTEXT('2D SPACE',''
  ) );
#6786 = ADVANCED_FACE('',(#6787),#5771,.F.);
#6787 = FACE_BOUND('',#6788,.F.);
#6788 = EDGE_LOOP('',(#6789,#6790,#6791,#6792));
#6789 = ORIENTED_EDGE('',*,*,#6325,.F.);
#6790 = ORIENTED_EDGE('',*,*,#5751,.F.);
#6791 = ORIENTED_EDGE('',*,*,#6021,.T.);
#6792 = ORIENTED_EDGE('',*,*,#6793,.F.);
#6793 = EDGE_CURVE('',#6326,#6022,#6794,.T.);
#6794 = SURFACE_CURVE('',#6795,(#6799,#6806),.PCURVE_S1.);
#6795 = LINE('',#6796,#6797);
#6796 = CARTESIAN_POINT('',(49.5,-46.6,-5.));
#6797 = VECTOR('',#6798,1.);
#6798 = DIRECTION('',(1.,-1.110223024625E-16,0.));
#6799 = PCURVE('',#5771,#6800);
#6800 = DEFINITIONAL_REPRESENTATION('',(#6801),#6805);
#6801 = LINE('',#6802,#6803);
#6802 = CARTESIAN_POINT('',(15.720770887717,0.));
#6803 = VECTOR('',#6804,1.);
#6804 = DIRECTION('',(0.,-1.));
#6805 = ( GEOMETRIC_REPRESENTATION_CONTEXT(2) 
PARAMETRIC_REPRESENTATION_CONTEXT() REPRESENTATION_CONTEXT('2D SPACE',''
  ) );
#6806 = PCURVE('',#6067,#6807);
#6807 = DEFINITIONAL_REPRESENTATION('',(#6808),#6812);
#6808 = LINE('',#6809,#6810);
#6809 = CARTESIAN_POINT('',(-0.,0.));
#6810 = VECTOR('',#6811,1.);
#6811 = DIRECTION('',(-0.,-1.));
#6812 = ( GEOMETRIC_REPRESENTATION_CONTEXT(2) 
PARAMETRIC_REPRESENTATION_CONTEXT() REPRESENTATION_CONTEXT('2D SPACE',''
  ) );
#6813 = ADVANCED_FACE('',(#6814),#5948,.T.);
#6814 = FACE_BOUND('',#6815,.F.);
#6815 = EDGE_LOOP('',(#6816,#6817,#6818,#6819));
#6816 = ORIENTED_EDGE('',*,*,#6766,.T.);
#6817 = ORIENTED_EDGE('',*,*,#6267,.T.);
#6818 = ORIENTED_EDGE('',*,*,#6140,.F.);
#6819 = ORIENTED_EDGE('',*,*,#5931,.F.);
#6820 = ADVANCED_FACE('',(#6821),#6005,.F.);
#6821 = FACE_BOUND('',#6822,.T.);
#6822 = EDGE_LOOP('',(#6823,#6824,#6845,#6846));
#6823 = ORIENTED_EDGE('',*,*,#5984,.T.);
#6824 = ORIENTED_EDGE('',*,*,#6825,.T.);
#6825 = EDGE_CURVE('',#5985,#6294,#6826,.T.);
#6826 = SEAM_CURVE('',#6827,(#6831,#6838),.PCURVE_S1.);
#6827 = LINE('',#6828,#6829);
#6828 = CARTESIAN_POINT('',(21.2,-42.3,-6.2));
#6829 = VECTOR('',#6830,1.);
#6830 = DIRECTION('',(1.,-1.110223024625E-16,0.));
#6831 = PCURVE('',#6005,#6832);
#6832 = DEFINITIONAL_REPRESENTATION('',(#6833),#6837);
#6833 = LINE('',#6834,#6835);
#6834 = CARTESIAN_POINT('',(-6.28318530718,0.));
#6835 = VECTOR('',#6836,1.);
#6836 = DIRECTION('',(-0.,-1.));
#6837 = ( GEOMETRIC_REPRESENTATION_CONTEXT(2) 
PARAMETRIC_REPRESENTATION_CONTEXT() REPRESENTATION_CONTEXT('2D SPACE',''
  ) );
#6838 = PCURVE('',#6005,#6839);
#6839 = DEFINITIONAL_REPRESENTATION('',(#6840),#6844);
#6840 = LINE('',#6841,#6842);
#6841 = CARTESIAN_POINT('',(-0.,0.));
#6842 = VECTOR('',#6843,1.);
#6843 = DIRECTION('',(-0.,-1.));
#6844 = ( GEOMETRIC_REPRESENTATION_CONTEXT(2) 
PARAMETRIC_REPRESENTATION_CONTEXT() REPRESENTATION_CONTEXT('2D SPACE',''
  ) );
#6845 = ORIENTED_EDGE('',*,*,#6293,.F.);
#6846 = ORIENTED_EDGE('',*,*,#6825,.F.);
#6847 = ADVANCED_FACE('',(#6848),#6067,.T.);
#6848 = FACE_BOUND('',#6849,.F.);
#6849 = EDGE_LOOP('',(#6850,#6851,#6852,#6853));
#6850 = ORIENTED_EDGE('',*,*,#6793,.T.);
#6851 = ORIENTED_EDGE('',*,*,#6050,.T.);
#6852 = ORIENTED_EDGE('',*,*,#6211,.F.);
#6853 = ORIENTED_EDGE('',*,*,#6354,.F.);
#6854 = ADVANCED_FACE('',(#6855),#6124,.F.);
#6855 = FACE_BOUND('',#6856,.T.);
#6856 = EDGE_LOOP('',(#6857,#6858,#6879,#6880));
#6857 = ORIENTED_EDGE('',*,*,#6380,.T.);
#6858 = ORIENTED_EDGE('',*,*,#6859,.T.);
#6859 = EDGE_CURVE('',#6381,#6104,#6860,.T.);
#6860 = SEAM_CURVE('',#6861,(#6865,#6872),.PCURVE_S1.);
#6861 = LINE('',#6862,#6863);
#6862 = CARTESIAN_POINT('',(47.4,-42.3,-6.2));
#6863 = VECTOR('',#6864,1.);
#6864 = DIRECTION('',(1.,-1.110223024625E-16,0.));
#6865 = PCURVE('',#6124,#6866);
#6866 = DEFINITIONAL_REPRESENTATION('',(#6867),#6871);
#6867 = LINE('',#6868,#6869);
#6868 = CARTESIAN_POINT('',(-6.28318530718,0.));
#6869 = VECTOR('',#6870,1.);
#6870 = DIRECTION('',(-0.,-1.));
#6871 = ( GEOMETRIC_REPRESENTATION_CONTEXT(2) 
PARAMETRIC_REPRESENTATION_CONTEXT() REPRESENTATION_CONTEXT('2D SPACE',''
  ) );
#6872 = PCURVE('',#6124,#6873);
#6873 = DEFINITIONAL_REPRESENTATION('',(#6874),#6878);
#6874 = LINE('',#6875,#6876);
#6875 = CARTESIAN_POINT('',(-0.,0.));
#6876 = VECTOR('',#6877,1.);
#6877 = DIRECTION('',(-0.,-1.));
#6878 = ( GEOMETRIC_REPRESENTATION_CONTEXT(2) 
PARAMETRIC_REPRESENTATION_CONTEXT() REPRESENTATION_CONTEXT('2D SPACE',''
  ) );
#6879 = ORIENTED_EDGE('',*,*,#6103,.F.);
#6880 = ORIENTED_EDGE('',*,*,#6859,.F.);
#6881 = ADVANCED_FACE('',(#6882),#6428,.F.);
#6882 = FACE_BOUND('',#6883,.F.);
#6883 = EDGE_LOOP('',(#6884,#6907,#6933,#6954));
#6884 = ORIENTED_EDGE('',*,*,#6885,.F.);
#6885 = EDGE_CURVE('',#6886,#6412,#6888,.T.);
#6886 = VERTEX_POINT('',#6887);
#6887 = CARTESIAN_POINT('',(68.1,-36.1,1.4));
#6888 = SURFACE_CURVE('',#6889,(#6893,#6900),.PCURVE_S1.);
#6889 = LINE('',#6890,#6891);
#6890 = CARTESIAN_POINT('',(68.1,-36.1,1.3));
#6891 = VECTOR('',#6892,1.);
#6892 = DIRECTION('',(0.,0.,1.));
#6893 = PCURVE('',#6428,#6894);
#6894 = DEFINITIONAL_REPRESENTATION('',(#6895),#6899);
#6895 = LINE('',#6896,#6897);
#6896 = CARTESIAN_POINT('',(0.,62.2));
#6897 = VECTOR('',#6898,1.);
#6898 = DIRECTION('',(1.,0.));
#6899 = ( GEOMETRIC_REPRESENTATION_CONTEXT(2) 
PARAMETRIC_REPRESENTATION_CONTEXT() REPRESENTATION_CONTEXT('2D SPACE',''
  ) );
#6900 = PCURVE('',#6454,#6901);
#6901 = DEFINITIONAL_REPRESENTATION('',(#6902),#6906);
#6902 = LINE('',#6903,#6904);
#6903 = CARTESIAN_POINT('',(0.,0.));
#6904 = VECTOR('',#6905,1.);
#6905 = DIRECTION('',(1.,0.));
#6906 = ( GEOMETRIC_REPRESENTATION_CONTEXT(2) 
PARAMETRIC_REPRESENTATION_CONTEXT() REPRESENTATION_CONTEXT('2D SPACE',''
  ) );
#6907 = ORIENTED_EDGE('',*,*,#6908,.T.);
#6908 = EDGE_CURVE('',#6886,#6909,#6911,.T.);
#6909 = VERTEX_POINT('',#6910);
#6910 = CARTESIAN_POINT('',(5.9,-36.1,1.4));
#6911 = SURFACE_CURVE('',#6912,(#6916,#6922),.PCURVE_S1.);
#6912 = LINE('',#6913,#6914);
#6913 = CARTESIAN_POINT('',(5.6,-36.1,1.4));
#6914 = VECTOR('',#6915,1.);
#6915 = DIRECTION('',(-1.,0.,0.));
#6916 = PCURVE('',#6428,#6917);
#6917 = DEFINITIONAL_REPRESENTATION('',(#6918),#6921);
#6918 = B_SPLINE_CURVE_WITH_KNOTS('',1,(#6919,#6920),.UNSPECIFIED.,.F.,
  .F.,(2,2),(-62.5,-0.3),.PIECEWISE_BEZIER_KNOTS.);
#6919 = CARTESIAN_POINT('',(1.E-01,62.2));
#6920 = CARTESIAN_POINT('',(1.E-01,0.));
#6921 = ( GEOMETRIC_REPRESENTATION_CONTEXT(2) 
PARAMETRIC_REPRESENTATION_CONTEXT() REPRESENTATION_CONTEXT('2D SPACE',''
  ) );
#6922 = PCURVE('',#6923,#6928);
#6923 = PLANE('',#6924);
#6924 = AXIS2_PLACEMENT_3D('',#6925,#6926,#6927);
#6925 = CARTESIAN_POINT('',(5.3,-36.7,1.4));
#6926 = DIRECTION('',(0.,0.,1.));
#6927 = DIRECTION('',(1.,0.,0.));
#6928 = DEFINITIONAL_REPRESENTATION('',(#6929),#6932);
#6929 = B_SPLINE_CURVE_WITH_KNOTS('',1,(#6930,#6931),.UNSPECIFIED.,.F.,
  .F.,(2,2),(-62.5,-0.3),.PIECEWISE_BEZIER_KNOTS.);
#6930 = CARTESIAN_POINT('',(62.8,0.6));
#6931 = CARTESIAN_POINT('',(0.6,0.6));
#6932 = ( GEOMETRIC_REPRESENTATION_CONTEXT(2) 
PARAMETRIC_REPRESENTATION_CONTEXT() REPRESENTATION_CONTEXT('2D SPACE',''
  ) );
#6933 = ORIENTED_EDGE('',*,*,#6934,.T.);
#6934 = EDGE_CURVE('',#6909,#6414,#6935,.T.);
#6935 = SURFACE_CURVE('',#6936,(#6940,#6947),.PCURVE_S1.);
#6936 = LINE('',#6937,#6938);
#6937 = CARTESIAN_POINT('',(5.9,-36.1,1.3));
#6938 = VECTOR('',#6939,1.);
#6939 = DIRECTION('',(0.,0.,1.));
#6940 = PCURVE('',#6428,#6941);
#6941 = DEFINITIONAL_REPRESENTATION('',(#6942),#6946);
#6942 = LINE('',#6943,#6944);
#6943 = CARTESIAN_POINT('',(0.,0.));
#6944 = VECTOR('',#6945,1.);
#6945 = DIRECTION('',(1.,0.));
#6946 = ( GEOMETRIC_REPRESENTATION_CONTEXT(2) 
PARAMETRIC_REPRESENTATION_CONTEXT() REPRESENTATION_CONTEXT('2D SPACE',''
  ) );
#6947 = PCURVE('',#6504,#6948);
#6948 = DEFINITIONAL_REPRESENTATION('',(#6949),#6953);
#6949 = LINE('',#6950,#6951);
#6950 = CARTESIAN_POINT('',(0.,0.));
#6951 = VECTOR('',#6952,1.);
#6952 = DIRECTION('',(1.,0.));
#6953 = ( GEOMETRIC_REPRESENTATION_CONTEXT(2) 
PARAMETRIC_REPRESENTATION_CONTEXT() REPRESENTATION_CONTEXT('2D SPACE',''
  ) );
#6954 = ORIENTED_EDGE('',*,*,#6411,.F.);
#6955 = ADVANCED_FACE('',(#6956),#6504,.F.);
#6956 = FACE_BOUND('',#6957,.F.);
#6957 = EDGE_LOOP('',(#6958,#6959,#6980,#7001));
#6958 = ORIENTED_EDGE('',*,*,#6934,.F.);
#6959 = ORIENTED_EDGE('',*,*,#6960,.T.);
#6960 = EDGE_CURVE('',#6909,#6961,#6963,.T.);
#6961 = VERTEX_POINT('',#6962);
#6962 = CARTESIAN_POINT('',(5.9,-0.9,1.4));
#6963 = SURFACE_CURVE('',#6964,(#6968,#6974),.PCURVE_S1.);
#6964 = LINE('',#6965,#6966);
#6965 = CARTESIAN_POINT('',(5.9,-36.4,1.4));
#6966 = VECTOR('',#6967,1.);
#6967 = DIRECTION('',(0.,1.,0.));
#6968 = PCURVE('',#6504,#6969);
#6969 = DEFINITIONAL_REPRESENTATION('',(#6970),#6973);
#6970 = B_SPLINE_CURVE_WITH_KNOTS('',1,(#6971,#6972),.UNSPECIFIED.,.F.,
  .F.,(2,2),(0.3,35.5),.PIECEWISE_BEZIER_KNOTS.);
#6971 = CARTESIAN_POINT('',(1.E-01,0.));
#6972 = CARTESIAN_POINT('',(1.E-01,-35.2));
#6973 = ( GEOMETRIC_REPRESENTATION_CONTEXT(2) 
PARAMETRIC_REPRESENTATION_CONTEXT() REPRESENTATION_CONTEXT('2D SPACE',''
  ) );
#6974 = PCURVE('',#6923,#6975);
#6975 = DEFINITIONAL_REPRESENTATION('',(#6976),#6979);
#6976 = B_SPLINE_CURVE_WITH_KNOTS('',1,(#6977,#6978),.UNSPECIFIED.,.F.,
  .F.,(2,2),(0.3,35.5),.PIECEWISE_BEZIER_KNOTS.);
#6977 = CARTESIAN_POINT('',(0.6,0.6));
#6978 = CARTESIAN_POINT('',(0.6,35.8));
#6979 = ( GEOMETRIC_REPRESENTATION_CONTEXT(2) 
PARAMETRIC_REPRESENTATION_CONTEXT() REPRESENTATION_CONTEXT('2D SPACE',''
  ) );
#6980 = ORIENTED_EDGE('',*,*,#6981,.T.);
#6981 = EDGE_CURVE('',#6961,#6466,#6982,.T.);
#6982 = SURFACE_CURVE('',#6983,(#6987,#6994),.PCURVE_S1.);
#6983 = LINE('',#6984,#6985);
#6984 = CARTESIAN_POINT('',(5.9,-0.9,1.3));
#6985 = VECTOR('',#6986,1.);
#6986 = DIRECTION('',(0.,0.,1.));
#6987 = PCURVE('',#6504,#6988);
#6988 = DEFINITIONAL_REPRESENTATION('',(#6989),#6993);
#6989 = LINE('',#6990,#6991);
#6990 = CARTESIAN_POINT('',(0.,-35.2));
#6991 = VECTOR('',#6992,1.);
#6992 = DIRECTION('',(1.,0.));
#6993 = ( GEOMETRIC_REPRESENTATION_CONTEXT(2) 
PARAMETRIC_REPRESENTATION_CONTEXT() REPRESENTATION_CONTEXT('2D SPACE',''
  ) );
#6994 = PCURVE('',#6480,#6995);
#6995 = DEFINITIONAL_REPRESENTATION('',(#6996),#7000);
#6996 = LINE('',#6997,#6998);
#6997 = CARTESIAN_POINT('',(0.,0.));
#6998 = VECTOR('',#6999,1.);
#6999 = DIRECTION('',(1.,0.));
#7000 = ( GEOMETRIC_REPRESENTATION_CONTEXT(2) 
PARAMETRIC_REPRESENTATION_CONTEXT() REPRESENTATION_CONTEXT('2D SPACE',''
  ) );
#7001 = ORIENTED_EDGE('',*,*,#6491,.F.);
#7002 = ADVANCED_FACE('',(#7003),#6480,.T.);
#7003 = FACE_BOUND('',#7004,.T.);
#7004 = EDGE_LOOP('',(#7005,#7028,#7047,#7048));
#7005 = ORIENTED_EDGE('',*,*,#7006,.F.);
#7006 = EDGE_CURVE('',#7007,#6440,#7009,.T.);
#7007 = VERTEX_POINT('',#7008);
#7008 = CARTESIAN_POINT('',(68.1,-0.9,1.4));
#7009 = SURFACE_CURVE('',#7010,(#7014,#7021),.PCURVE_S1.);
#7010 = LINE('',#7011,#7012);
#7011 = CARTESIAN_POINT('',(68.1,-0.9,1.3));
#7012 = VECTOR('',#7013,1.);
#7013 = DIRECTION('',(0.,0.,1.));
#7014 = PCURVE('',#6480,#7015);
#7015 = DEFINITIONAL_REPRESENTATION('',(#7016),#7020);
#7016 = LINE('',#7017,#7018);
#7017 = CARTESIAN_POINT('',(0.,62.2));
#7018 = VECTOR('',#7019,1.);
#7019 = DIRECTION('',(1.,0.));
#7020 = ( GEOMETRIC_REPRESENTATION_CONTEXT(2) 
PARAMETRIC_REPRESENTATION_CONTEXT() REPRESENTATION_CONTEXT('2D SPACE',''
  ) );
#7021 = PCURVE('',#6454,#7022);
#7022 = DEFINITIONAL_REPRESENTATION('',(#7023),#7027);
#7023 = LINE('',#7024,#7025);
#7024 = CARTESIAN_POINT('',(0.,-35.2));
#7025 = VECTOR('',#7026,1.);
#7026 = DIRECTION('',(1.,0.));
#7027 = ( GEOMETRIC_REPRESENTATION_CONTEXT(2) 
PARAMETRIC_REPRESENTATION_CONTEXT() REPRESENTATION_CONTEXT('2D SPACE',''
  ) );
#7028 = ORIENTED_EDGE('',*,*,#7029,.T.);
#7029 = EDGE_CURVE('',#7007,#6961,#7030,.T.);
#7030 = SURFACE_CURVE('',#7031,(#7035,#7041),.PCURVE_S1.);
#7031 = LINE('',#7032,#7033);
#7032 = CARTESIAN_POINT('',(5.6,-0.9,1.4));
#7033 = VECTOR('',#7034,1.);
#7034 = DIRECTION('',(-1.,0.,0.));
#7035 = PCURVE('',#6480,#7036);
#7036 = DEFINITIONAL_REPRESENTATION('',(#7037),#7040);
#7037 = B_SPLINE_CURVE_WITH_KNOTS('',1,(#7038,#7039),.UNSPECIFIED.,.F.,
  .F.,(2,2),(-62.5,-0.3),.PIECEWISE_BEZIER_KNOTS.);
#7038 = CARTESIAN_POINT('',(1.E-01,62.2));
#7039 = CARTESIAN_POINT('',(1.E-01,0.));
#7040 = ( GEOMETRIC_REPRESENTATION_CONTEXT(2) 
PARAMETRIC_REPRESENTATION_CONTEXT() REPRESENTATION_CONTEXT('2D SPACE',''
  ) );
#7041 = PCURVE('',#6923,#7042);
#7042 = DEFINITIONAL_REPRESENTATION('',(#7043),#7046);
#7043 = B_SPLINE_CURVE_WITH_KNOTS('',1,(#7044,#7045),.UNSPECIFIED.,.F.,
  .F.,(2,2),(-62.5,-0.3),.PIECEWISE_BEZIER_KNOTS.);
#7044 = CARTESIAN_POINT('',(62.8,35.8));
#7045 = CARTESIAN_POINT('',(0.6,35.8));
#7046 = ( GEOMETRIC_REPRESENTATION_CONTEXT(2) 
PARAMETRIC_REPRESENTATION_CONTEXT() REPRESENTATION_CONTEXT('2D SPACE',''
  ) );
#7047 = ORIENTED_EDGE('',*,*,#6981,.T.);
#7048 = ORIENTED_EDGE('',*,*,#6465,.F.);
#7049 = ADVANCED_FACE('',(#7050),#6454,.T.);
#7050 = FACE_BOUND('',#7051,.T.);
#7051 = EDGE_LOOP('',(#7052,#7053,#7072,#7073));
#7052 = ORIENTED_EDGE('',*,*,#6885,.F.);
#7053 = ORIENTED_EDGE('',*,*,#7054,.T.);
#7054 = EDGE_CURVE('',#6886,#7007,#7055,.T.);
#7055 = SURFACE_CURVE('',#7056,(#7060,#7066),.PCURVE_S1.);
#7056 = LINE('',#7057,#7058);
#7057 = CARTESIAN_POINT('',(68.1,-36.4,1.4));
#7058 = VECTOR('',#7059,1.);
#7059 = DIRECTION('',(0.,1.,0.));
#7060 = PCURVE('',#6454,#7061);
#7061 = DEFINITIONAL_REPRESENTATION('',(#7062),#7065);
#7062 = B_SPLINE_CURVE_WITH_KNOTS('',1,(#7063,#7064),.UNSPECIFIED.,.F.,
  .F.,(2,2),(0.3,35.5),.PIECEWISE_BEZIER_KNOTS.);
#7063 = CARTESIAN_POINT('',(1.E-01,0.));
#7064 = CARTESIAN_POINT('',(1.E-01,-35.2));
#7065 = ( GEOMETRIC_REPRESENTATION_CONTEXT(2) 
PARAMETRIC_REPRESENTATION_CONTEXT() REPRESENTATION_CONTEXT('2D SPACE',''
  ) );
#7066 = PCURVE('',#6923,#7067);
#7067 = DEFINITIONAL_REPRESENTATION('',(#7068),#7071);
#7068 = B_SPLINE_CURVE_WITH_KNOTS('',1,(#7069,#7070),.UNSPECIFIED.,.F.,
  .F.,(2,2),(0.3,35.5),.PIECEWISE_BEZIER_KNOTS.);
#7069 = CARTESIAN_POINT('',(62.8,0.6));
#7070 = CARTESIAN_POINT('',(62.8,35.8));
#7071 = ( GEOMETRIC_REPRESENTATION_CONTEXT(2) 
PARAMETRIC_REPRESENTATION_CONTEXT() REPRESENTATION_CONTEXT('2D SPACE',''
  ) );
#7072 = ORIENTED_EDGE('',*,*,#7006,.T.);
#7073 = ORIENTED_EDGE('',*,*,#6439,.F.);
#7074 = ADVANCED_FACE('',(#7075),#6551,.T.);
#7075 = FACE_BOUND('',#7076,.T.);
#7076 = EDGE_LOOP('',(#7077,#7100,#7123,#7144));
#7077 = ORIENTED_EDGE('',*,*,#7078,.F.);
#7078 = EDGE_CURVE('',#7079,#6535,#7081,.T.);
#7079 = VERTEX_POINT('',#7080);
#7080 = CARTESIAN_POINT('',(68.7,-36.7,1.4));
#7081 = SURFACE_CURVE('',#7082,(#7086,#7093),.PCURVE_S1.);
#7082 = LINE('',#7083,#7084);
#7083 = CARTESIAN_POINT('',(68.7,-36.7,1.4));
#7084 = VECTOR('',#7085,1.);
#7085 = DIRECTION('',(0.,0.,1.));
#7086 = PCURVE('',#6551,#7087);
#7087 = DEFINITIONAL_REPRESENTATION('',(#7088),#7092);
#7088 = LINE('',#7089,#7090);
#7089 = CARTESIAN_POINT('',(0.,63.4));
#7090 = VECTOR('',#7091,1.);
#7091 = DIRECTION('',(1.,0.));
#7092 = ( GEOMETRIC_REPRESENTATION_CONTEXT(2) 
PARAMETRIC_REPRESENTATION_CONTEXT() REPRESENTATION_CONTEXT('2D SPACE',''
  ) );
#7093 = PCURVE('',#6627,#7094);
#7094 = DEFINITIONAL_REPRESENTATION('',(#7095),#7099);
#7095 = LINE('',#7096,#7097);
#7096 = CARTESIAN_POINT('',(0.,0.));
#7097 = VECTOR('',#7098,1.);
#7098 = DIRECTION('',(1.,0.));
#7099 = ( GEOMETRIC_REPRESENTATION_CONTEXT(2) 
PARAMETRIC_REPRESENTATION_CONTEXT() REPRESENTATION_CONTEXT('2D SPACE',''
  ) );
#7100 = ORIENTED_EDGE('',*,*,#7101,.F.);
#7101 = EDGE_CURVE('',#7102,#7079,#7104,.T.);
#7102 = VERTEX_POINT('',#7103);
#7103 = CARTESIAN_POINT('',(5.3,-36.7,1.4));
#7104 = SURFACE_CURVE('',#7105,(#7109,#7116),.PCURVE_S1.);
#7105 = LINE('',#7106,#7107);
#7106 = CARTESIAN_POINT('',(5.3,-36.7,1.4));
#7107 = VECTOR('',#7108,1.);
#7108 = DIRECTION('',(1.,0.,0.));
#7109 = PCURVE('',#6551,#7110);
#7110 = DEFINITIONAL_REPRESENTATION('',(#7111),#7115);
#7111 = LINE('',#7112,#7113);
#7112 = CARTESIAN_POINT('',(0.,0.));
#7113 = VECTOR('',#7114,1.);
#7114 = DIRECTION('',(0.,1.));
#7115 = ( GEOMETRIC_REPRESENTATION_CONTEXT(2) 
PARAMETRIC_REPRESENTATION_CONTEXT() REPRESENTATION_CONTEXT('2D SPACE',''
  ) );
#7116 = PCURVE('',#6923,#7117);
#7117 = DEFINITIONAL_REPRESENTATION('',(#7118),#7122);
#7118 = LINE('',#7119,#7120);
#7119 = CARTESIAN_POINT('',(0.,0.));
#7120 = VECTOR('',#7121,1.);
#7121 = DIRECTION('',(1.,0.));
#7122 = ( GEOMETRIC_REPRESENTATION_CONTEXT(2) 
PARAMETRIC_REPRESENTATION_CONTEXT() REPRESENTATION_CONTEXT('2D SPACE',''
  ) );
#7123 = ORIENTED_EDGE('',*,*,#7124,.T.);
#7124 = EDGE_CURVE('',#7102,#6537,#7125,.T.);
#7125 = SURFACE_CURVE('',#7126,(#7130,#7137),.PCURVE_S1.);
#7126 = LINE('',#7127,#7128);
#7127 = CARTESIAN_POINT('',(5.3,-36.7,1.4));
#7128 = VECTOR('',#7129,1.);
#7129 = DIRECTION('',(0.,0.,1.));
#7130 = PCURVE('',#6551,#7131);
#7131 = DEFINITIONAL_REPRESENTATION('',(#7132),#7136);
#7132 = LINE('',#7133,#7134);
#7133 = CARTESIAN_POINT('',(0.,0.));
#7134 = VECTOR('',#7135,1.);
#7135 = DIRECTION('',(1.,0.));
#7136 = ( GEOMETRIC_REPRESENTATION_CONTEXT(2) 
PARAMETRIC_REPRESENTATION_CONTEXT() REPRESENTATION_CONTEXT('2D SPACE',''
  ) );
#7137 = PCURVE('',#6577,#7138);
#7138 = DEFINITIONAL_REPRESENTATION('',(#7139),#7143);
#7139 = LINE('',#7140,#7141);
#7140 = CARTESIAN_POINT('',(0.,0.));
#7141 = VECTOR('',#7142,1.);
#7142 = DIRECTION('',(1.,0.));
#7143 = ( GEOMETRIC_REPRESENTATION_CONTEXT(2) 
PARAMETRIC_REPRESENTATION_CONTEXT() REPRESENTATION_CONTEXT('2D SPACE',''
  ) );
#7144 = ORIENTED_EDGE('',*,*,#6534,.F.);
#7145 = ADVANCED_FACE('',(#7146),#6627,.F.);
#7146 = FACE_BOUND('',#7147,.F.);
#7147 = EDGE_LOOP('',(#7148,#7149,#7172,#7193));
#7148 = ORIENTED_EDGE('',*,*,#7078,.F.);
#7149 = ORIENTED_EDGE('',*,*,#7150,.T.);
#7150 = EDGE_CURVE('',#7079,#7151,#7153,.T.);
#7151 = VERTEX_POINT('',#7152);
#7152 = CARTESIAN_POINT('',(68.7,-0.3,1.4));
#7153 = SURFACE_CURVE('',#7154,(#7158,#7165),.PCURVE_S1.);
#7154 = LINE('',#7155,#7156);
#7155 = CARTESIAN_POINT('',(68.7,-36.7,1.4));
#7156 = VECTOR('',#7157,1.);
#7157 = DIRECTION('',(0.,1.,0.));
#7158 = PCURVE('',#6627,#7159);
#7159 = DEFINITIONAL_REPRESENTATION('',(#7160),#7164);
#7160 = LINE('',#7161,#7162);
#7161 = CARTESIAN_POINT('',(0.,0.));
#7162 = VECTOR('',#7163,1.);
#7163 = DIRECTION('',(0.,-1.));
#7164 = ( GEOMETRIC_REPRESENTATION_CONTEXT(2) 
PARAMETRIC_REPRESENTATION_CONTEXT() REPRESENTATION_CONTEXT('2D SPACE',''
  ) );
#7165 = PCURVE('',#6923,#7166);
#7166 = DEFINITIONAL_REPRESENTATION('',(#7167),#7171);
#7167 = LINE('',#7168,#7169);
#7168 = CARTESIAN_POINT('',(63.4,0.));
#7169 = VECTOR('',#7170,1.);
#7170 = DIRECTION('',(0.,1.));
#7171 = ( GEOMETRIC_REPRESENTATION_CONTEXT(2) 
PARAMETRIC_REPRESENTATION_CONTEXT() REPRESENTATION_CONTEXT('2D SPACE',''
  ) );
#7172 = ORIENTED_EDGE('',*,*,#7173,.T.);
#7173 = EDGE_CURVE('',#7151,#6589,#7174,.T.);
#7174 = SURFACE_CURVE('',#7175,(#7179,#7186),.PCURVE_S1.);
#7175 = LINE('',#7176,#7177);
#7176 = CARTESIAN_POINT('',(68.7,-0.3,1.4));
#7177 = VECTOR('',#7178,1.);
#7178 = DIRECTION('',(0.,0.,1.));
#7179 = PCURVE('',#6627,#7180);
#7180 = DEFINITIONAL_REPRESENTATION('',(#7181),#7185);
#7181 = LINE('',#7182,#7183);
#7182 = CARTESIAN_POINT('',(0.,-36.4));
#7183 = VECTOR('',#7184,1.);
#7184 = DIRECTION('',(1.,0.));
#7185 = ( GEOMETRIC_REPRESENTATION_CONTEXT(2) 
PARAMETRIC_REPRESENTATION_CONTEXT() REPRESENTATION_CONTEXT('2D SPACE',''
  ) );
#7186 = PCURVE('',#6603,#7187);
#7187 = DEFINITIONAL_REPRESENTATION('',(#7188),#7192);
#7188 = LINE('',#7189,#7190);
#7189 = CARTESIAN_POINT('',(0.,63.4));
#7190 = VECTOR('',#7191,1.);
#7191 = DIRECTION('',(1.,0.));
#7192 = ( GEOMETRIC_REPRESENTATION_CONTEXT(2) 
PARAMETRIC_REPRESENTATION_CONTEXT() REPRESENTATION_CONTEXT('2D SPACE',''
  ) );
#7193 = ORIENTED_EDGE('',*,*,#6614,.F.);
#7194 = ADVANCED_FACE('',(#7195),#6603,.F.);
#7195 = FACE_BOUND('',#7196,.F.);
#7196 = EDGE_LOOP('',(#7197,#7198,#7221,#7242));
#7197 = ORIENTED_EDGE('',*,*,#7173,.F.);
#7198 = ORIENTED_EDGE('',*,*,#7199,.F.);
#7199 = EDGE_CURVE('',#7200,#7151,#7202,.T.);
#7200 = VERTEX_POINT('',#7201);
#7201 = CARTESIAN_POINT('',(5.3,-0.3,1.4));
#7202 = SURFACE_CURVE('',#7203,(#7207,#7214),.PCURVE_S1.);
#7203 = LINE('',#7204,#7205);
#7204 = CARTESIAN_POINT('',(5.3,-0.3,1.4));
#7205 = VECTOR('',#7206,1.);
#7206 = DIRECTION('',(1.,0.,0.));
#7207 = PCURVE('',#6603,#7208);
#7208 = DEFINITIONAL_REPRESENTATION('',(#7209),#7213);
#7209 = LINE('',#7210,#7211);
#7210 = CARTESIAN_POINT('',(0.,0.));
#7211 = VECTOR('',#7212,1.);
#7212 = DIRECTION('',(0.,1.));
#7213 = ( GEOMETRIC_REPRESENTATION_CONTEXT(2) 
PARAMETRIC_REPRESENTATION_CONTEXT() REPRESENTATION_CONTEXT('2D SPACE',''
  ) );
#7214 = PCURVE('',#6923,#7215);
#7215 = DEFINITIONAL_REPRESENTATION('',(#7216),#7220);
#7216 = LINE('',#7217,#7218);
#7217 = CARTESIAN_POINT('',(0.,36.4));
#7218 = VECTOR('',#7219,1.);
#7219 = DIRECTION('',(1.,0.));
#7220 = ( GEOMETRIC_REPRESENTATION_CONTEXT(2) 
PARAMETRIC_REPRESENTATION_CONTEXT() REPRESENTATION_CONTEXT('2D SPACE',''
  ) );
#7221 = ORIENTED_EDGE('',*,*,#7222,.T.);
#7222 = EDGE_CURVE('',#7200,#6563,#7223,.T.);
#7223 = SURFACE_CURVE('',#7224,(#7228,#7235),.PCURVE_S1.);
#7224 = LINE('',#7225,#7226);
#7225 = CARTESIAN_POINT('',(5.3,-0.3,1.4));
#7226 = VECTOR('',#7227,1.);
#7227 = DIRECTION('',(0.,0.,1.));
#7228 = PCURVE('',#6603,#7229);
#7229 = DEFINITIONAL_REPRESENTATION('',(#7230),#7234);
#7230 = LINE('',#7231,#7232);
#7231 = CARTESIAN_POINT('',(0.,0.));
#7232 = VECTOR('',#7233,1.);
#7233 = DIRECTION('',(1.,0.));
#7234 = ( GEOMETRIC_REPRESENTATION_CONTEXT(2) 
PARAMETRIC_REPRESENTATION_CONTEXT() REPRESENTATION_CONTEXT('2D SPACE',''
  ) );
#7235 = PCURVE('',#6577,#7236);
#7236 = DEFINITIONAL_REPRESENTATION('',(#7237),#7241);
#7237 = LINE('',#7238,#7239);
#7238 = CARTESIAN_POINT('',(0.,-36.4));
#7239 = VECTOR('',#7240,1.);
#7240 = DIRECTION('',(1.,0.));
#7241 = ( GEOMETRIC_REPRESENTATION_CONTEXT(2) 
PARAMETRIC_REPRESENTATION_CONTEXT() REPRESENTATION_CONTEXT('2D SPACE',''
  ) );
#7242 = ORIENTED_EDGE('',*,*,#6588,.F.);
#7243 = ADVANCED_FACE('',(#7244),#6577,.T.);
#7244 = FACE_BOUND('',#7245,.T.);
#7245 = EDGE_LOOP('',(#7246,#7247,#7268,#7269));
#7246 = ORIENTED_EDGE('',*,*,#7124,.F.);
#7247 = ORIENTED_EDGE('',*,*,#7248,.T.);
#7248 = EDGE_CURVE('',#7102,#7200,#7249,.T.);
#7249 = SURFACE_CURVE('',#7250,(#7254,#7261),.PCURVE_S1.);
#7250 = LINE('',#7251,#7252);
#7251 = CARTESIAN_POINT('',(5.3,-36.7,1.4));
#7252 = VECTOR('',#7253,1.);
#7253 = DIRECTION('',(0.,1.,0.));
#7254 = PCURVE('',#6577,#7255);
#7255 = DEFINITIONAL_REPRESENTATION('',(#7256),#7260);
#7256 = LINE('',#7257,#7258);
#7257 = CARTESIAN_POINT('',(0.,0.));
#7258 = VECTOR('',#7259,1.);
#7259 = DIRECTION('',(0.,-1.));
#7260 = ( GEOMETRIC_REPRESENTATION_CONTEXT(2) 
PARAMETRIC_REPRESENTATION_CONTEXT() REPRESENTATION_CONTEXT('2D SPACE',''
  ) );
#7261 = PCURVE('',#6923,#7262);
#7262 = DEFINITIONAL_REPRESENTATION('',(#7263),#7267);
#7263 = LINE('',#7264,#7265);
#7264 = CARTESIAN_POINT('',(0.,0.));
#7265 = VECTOR('',#7266,1.);
#7266 = DIRECTION('',(0.,1.));
#7267 = ( GEOMETRIC_REPRESENTATION_CONTEXT(2) 
PARAMETRIC_REPRESENTATION_CONTEXT() REPRESENTATION_CONTEXT('2D SPACE',''
  ) );
#7268 = ORIENTED_EDGE('',*,*,#7222,.T.);
#7269 = ORIENTED_EDGE('',*,*,#6562,.F.);
#7270 = ADVANCED_FACE('',(#7271,#7277),#6923,.T.);
#7271 = FACE_BOUND('',#7272,.T.);
#7272 = EDGE_LOOP('',(#7273,#7274,#7275,#7276));
#7273 = ORIENTED_EDGE('',*,*,#7248,.F.);
#7274 = ORIENTED_EDGE('',*,*,#7101,.T.);
#7275 = ORIENTED_EDGE('',*,*,#7150,.T.);
#7276 = ORIENTED_EDGE('',*,*,#7199,.F.);
#7277 = FACE_BOUND('',#7278,.T.);
#7278 = EDGE_LOOP('',(#7279,#7280,#7281,#7282));
#7279 = ORIENTED_EDGE('',*,*,#6908,.T.);
#7280 = ORIENTED_EDGE('',*,*,#6960,.T.);
#7281 = ORIENTED_EDGE('',*,*,#7029,.F.);
#7282 = ORIENTED_EDGE('',*,*,#7054,.F.);
#7283 = ( GEOMETRIC_REPRESENTATION_CONTEXT(3) 
GLOBAL_UNCERTAINTY_ASSIGNED_CONTEXT((#7287)) 
GLOBAL_UNIT_ASSIGNED_CONTEXT((#7284,#7285,#7286)) REPRESENTATION_CONTEXT
('Context #1','3D Context with UNIT and UNCERTAINTY') );
#7284 = ( LENGTH_UNIT() NAMED_UNIT(*) SI_UNIT(.MILLI.,.METRE.) );
#7285 = ( NAMED_UNIT(*) PLANE_ANGLE_UNIT() SI_UNIT($,.RADIAN.) );
#7286 = ( NAMED_UNIT(*) SI_UNIT($,.STERADIAN.) SOLID_ANGLE_UNIT() );
#7287 = UNCERTAINTY_MEASURE_WITH_UNIT(LENGTH_MEASURE(5.E-07),#7284,
  'distance_accuracy_value','confusion accuracy');
#7288 = PRODUCT_RELATED_PRODUCT_CATEGORY('part',$,(#7));
ENDSEC;
END-ISO-10303-21;
